  Image0/data/2dpar/sprite_e.par
M Image0/data/2dpar/ui_e.par
A Image0/data/MEMCARD/locale_brazilian_portuguese.loc
A Image0/data/MEMCARD/locale_czech.loc
A Image0/data/MEMCARD/locale_danish.loc
A Image0/data/MEMCARD/locale_dutch.loc
A Image0/data/MEMCARD/locale_english.loc
A Image0/data/MEMCARD/locale_finnish.loc
A Image0/data/MEMCARD/locale_french.loc
A Image0/data/MEMCARD/locale_german.loc
A Image0/data/MEMCARD/locale_greek.loc
A Image0/data/MEMCARD/locale_hungarian.loc
A Image0/data/MEMCARD/locale_italian.loc
A Image0/data/MEMCARD/locale_japanese.loc
A Image0/data/MEMCARD/locale_korean.loc
A Image0/data/MEMCARD/locale_mexican.loc
A Image0/data/MEMCARD/locale_mexican_spanish.loc
A Image0/data/MEMCARD/locale_norwegian.loc
A Image0/data/MEMCARD/locale_polish.loc
A Image0/data/MEMCARD/locale_portuguese.loc
A Image0/data/MEMCARD/locale_russian.loc
A Image0/data/MEMCARD/locale_simplified_chinese.loc
A Image0/data/MEMCARD/locale_spanish.loc
A Image0/data/MEMCARD/locale_swedish.loc
A Image0/data/MEMCARD/locale_thai.loc
A Image0/data/MEMCARD/locale_traditional_chinese.loc
  Image0/data/auth/a00_0000_ken.par
  Image0/data/auth/a00_0100_before.par
  Image0/data/auth/a00_0200_after.par
  Image0/data/auth/a00_0300_ken.par
  Image0/data/auth/a00_0400_ken.par
  Image0/data/auth/a00_0500_ken.par
  Image0/data/auth/a00_0600_ken.par
  Image0/data/auth/a01_0100_distant.par
  Image0/data/auth/a01_0200_ken.par
  Image0/data/auth/a01_0300_jagre.par
  Image0/data/auth/a01_0400_ken.par
  Image0/data/auth/a01_0500_encount.par
  Image0/data/auth/a02_0100_entry.par
  Image0/data/auth/a02_0200_devilrebirth.par
  Image0/data/auth/a02_0300_devilrebirth.par
  Image0/data/auth/a02_0400_ken.par
  Image0/data/auth/a03_0100_kyohou.par
  Image0/data/auth/a03_0200_targa.par
  Image0/data/auth/a03_0300_kyohou.par
  Image0/data/auth/a04_0100_uighur.par
  Image0/data/auth/a04_0200_ken.par
  Image0/data/auth/a05_0100_nightclub.par
  Image0/data/auth/a05_0200_ken.par
  Image0/data/auth/a05_0300_aili.par
  Image0/data/auth/a06_0100_udai.par
  Image0/data/auth/a06_0200_ken.par
  Image0/data/auth/a06_0300_s.par
  Image0/data/auth/a07_0100_thouzer.par
  Image0/data/auth/a07_0200_thouzer.par
  Image0/data/auth/a08_0100_eden.par
  Image0/data/auth/a08_0200_find.par
  Image0/data/auth/a08_0300_ken.par
  Image0/data/auth/a08_0400_lei.par
  Image0/data/auth/a08_0500_lei.par
  Image0/data/auth/a09_0100_spherecity.par
  Image0/data/auth/a09_0200_raoh.par
  Image0/data/auth/a09_0300_raoh.par
  Image0/data/auth/a10_0100_battle.par
  Image0/data/auth/a10_0200_kyohou.par
  Image0/data/auth/a11_0100_battle.par
  Image0/data/auth/a11_0200_targa.par
  Image0/data/auth/a11_0300_targe.par
  Image0/data/auth/a11_0400_battle.par
  Image0/data/auth/a11_0500_nuclear.par
  Image0/data/auth/a12_0100_pray.par
  Image0/data/auth/a99_0000_ci.par
  Image0/data/auth/a99_0100_menu.par
  Image0/data/auth/a99_0900_staffroll.par
  Image0/data/auth/a99_0901_staffroll.par
  Image0/data/auth/a99_0902_staffroll.par
  Image0/data/auth/a99_0910_fin.par
  Image0/data/auth/c07_0200_hact.par
  Image0/data/battlepar/battle.par
  Image0/data/bootpar/boot_e.par
  Image0/data/chara/ps4/accessory/b_c_cm_rau/mesh.par
  Image0/data/chara/ps4/adv/c_ca_ken/face.gmt
  Image0/data/chara/ps4/adv/c_ca_ken/mesh.par
  Image0/data/chara/ps4/adv/c_ca_ken_c01_jop/face.gmt
  Image0/data/chara/ps4/adv/c_ca_ken_c01_jop/mesh.par
  Image0/data/chara/ps4/adv/c_ca_ken_c01_jop/tex00.par
  Image0/data/chara/ps4/adv/c_ca_ken_c01_jop/tex02.par
  Image0/data/chara/ps4/adv/c_ca_ken_c01_jop/tex03.par
  Image0/data/chara/ps4/adv/c_ca_ken_dct/face.gmt
  Image0/data/chara/ps4/adv/c_ca_ken_dct/mesh.par
  Image0/data/chara/ps4/adv/c_ca_ken_eff/face.gmt
  Image0/data/chara/ps4/adv/c_ca_ken_eff/mesh.par
  Image0/data/chara/ps4/adv/c_ca_ken_ev/face.gmt
  Image0/data/chara/ps4/adv/c_ca_ken_ev/mesh.par
  Image0/data/chara/ps4/adv/c_ca_ken_kuro/face.gmt
  Image0/data/chara/ps4/adv/c_ca_ken_kuro/mesh.par
  Image0/data/chara/ps4/adv/c_ca_ken_kuro_arm/face.gmt
  Image0/data/chara/ps4/adv/c_ca_ken_kuro_arm/mesh.par
  Image0/data/chara/ps4/adv/c_ca_ken_kuro_naked/face.gmt
  Image0/data/chara/ps4/adv/c_ca_ken_kuro_naked/mesh.par
  Image0/data/chara/ps4/adv/c_ca_ken_lostpad/face.gmt
  Image0/data/chara/ps4/adv/c_ca_ken_lostpad/mesh.par
  Image0/data/chara/ps4/adv/c_ca_ken_naked/face.gmt
  Image0/data/chara/ps4/adv/c_ca_ken_naked/mesh.par
  Image0/data/chara/ps4/adv/c_ca_ken_new/face.gmt
  Image0/data/chara/ps4/adv/c_ca_ken_new/mesh.par
  Image0/data/chara/ps4/adv/c_ca_ken_new_arm/face.gmt
  Image0/data/chara/ps4/adv/c_ca_ken_new_arm/mesh.par
  Image0/data/chara/ps4/adv/c_ca_ken_new_naked/face.gmt
  Image0/data/chara/ps4/adv/c_ca_ken_new_naked/mesh.par
  Image0/data/chara/ps4/adv/c_ca_ken_past/face.gmt
  Image0/data/chara/ps4/adv/c_ca_ken_past/mesh.par
  Image0/data/chara/ps4/adv/c_ca_ken_past/tex00.par
  Image0/data/chara/ps4/adv/c_ca_ken_past/tex02.par
  Image0/data/chara/ps4/adv/c_ca_ken_past/tex03.par
  Image0/data/chara/ps4/adv/c_ca_ken_poncho/face.gmt
  Image0/data/chara/ps4/adv/c_ca_ken_poncho/mesh.par
  Image0/data/chara/ps4/adv/c_ca_ken_pub1/face.gmt
  Image0/data/chara/ps4/adv/c_ca_ken_pub1/mesh.par
  Image0/data/chara/ps4/adv/c_ca_ken_scar/face.gmt
  Image0/data/chara/ps4/adv/c_ca_ken_scar/mesh.par
  Image0/data/chara/ps4/adv/c_ca_ken_shirt/face.gmt
  Image0/data/chara/ps4/adv/c_ca_ken_shirt/mesh.par
  Image0/data/chara/ps4/adv/c_ca_ken_uw/face.gmt
  Image0/data/chara/ps4/adv/c_ca_ken_uw/mesh.par
  Image0/data/chara/ps4/adv/c_ca_ken_yaoya/face.gmt
  Image0/data/chara/ps4/adv/c_ca_ken_yaoya/mesh.par
A Image0/data/chara/ps4/adv/c_ca_majima/ParTool.exe
A Image0/data/chara/ps4/adv/c_ca_majima/mesh.par
  Image0/data/chara/ps4/adv/c_cb_bat/face.gmt
  Image0/data/chara/ps4/adv/c_cb_bat/mesh.par
  Image0/data/chara/ps4/adv/c_cc_kiryu/face.gmt
  Image0/data/chara/ps4/adv/c_cc_kiryu/mesh.par
  Image0/data/chara/ps4/adv/c_cc_kiryu_arm/face.gmt
  Image0/data/chara/ps4/adv/c_cc_kiryu_arm/mesh.par
  Image0/data/chara/ps4/adv/c_cc_kiryu_naked/face.gmt
  Image0/data/chara/ps4/adv/c_cc_kiryu_naked/mesh.par
  Image0/data/chara/ps4/adv/c_cd_rhk/face.gmt
  Image0/data/chara/ps4/adv/c_cd_rhk/mesh.par
  Image0/data/chara/ps4/adv/c_cd_rhk_ev/face.gmt
  Image0/data/chara/ps4/adv/c_cd_rhk_ev/mesh.par
  Image0/data/chara/ps4/adv/c_ce_huy/face.gmt
  Image0/data/chara/ps4/adv/c_ce_huy/mesh.par
  Image0/data/chara/ps4/adv/c_cf_mam/face.gmt
  Image0/data/chara/ps4/adv/c_cf_mam/mesh.par
  Image0/data/chara/ps4/adv/c_cg_ugl_nomant/face.gmt
  Image0/data/chara/ps4/adv/c_cg_ugl_nomant/mesh.par
  Image0/data/chara/ps4/adv/c_ch_nih_emma/face.gmt
  Image0/data/chara/ps4/adv/c_ch_nih_emma/mesh.par
  Image0/data/chara/ps4/adv/c_ch_nih_emma/tex00.par
  Image0/data/chara/ps4/adv/c_ch_nih_emma/tex01.par
  Image0/data/chara/ps4/adv/c_ch_nih_emma/tex02.par
  Image0/data/chara/ps4/adv/c_ch_nih_liz/face.gmt
  Image0/data/chara/ps4/adv/c_ch_nih_liz/mesh.par
  Image0/data/chara/ps4/adv/c_ch_nih_maria/face.gmt
  Image0/data/chara/ps4/adv/c_ch_nih_maria/mesh.par
  Image0/data/chara/ps4/adv/c_ch_nih_maria/tex00.par
  Image0/data/chara/ps4/adv/c_ch_nih_maria/tex01.par
  Image0/data/chara/ps4/adv/c_ch_nih_ryan/face.gmt
  Image0/data/chara/ps4/adv/c_ch_nih_ryan/mesh.par
  Image0/data/chara/ps4/adv/c_ch_nih_ryan/tex00.par
  Image0/data/chara/ps4/adv/c_ch_nih_ryan/tex01.par
  Image0/data/chara/ps4/adv/c_ch_nih_ryan/tex02.par
  Image0/data/chara/ps4/adv/c_ch_nih_ryan/tex03.par
  Image0/data/chara/ps4/adv/c_ch_nih_ryan/tex04.par
  Image0/data/chara/ps4/adv/c_ch_nih_ryan/tex05.par
  Image0/data/chara/ps4/adv/c_ch_nih_ryan/tex06.par
  Image0/data/chara/ps4/adv/c_ch_nih_ryan_mr/face.gmt
  Image0/data/chara/ps4/adv/c_ch_nih_ryan_mr/mesh.par
  Image0/data/chara/ps4/adv/c_ch_nih_ryan_mr/tex00.par
  Image0/data/chara/ps4/adv/c_ch_nih_ryan_mr/tex01.par
  Image0/data/chara/ps4/adv/c_ch_nih_ryan_mr/tex02.par
  Image0/data/chara/ps4/adv/c_ch_nih_ryan_mr/tex03.par
  Image0/data/chara/ps4/adv/c_ch_nih_ryan_mr/tex04.par
  Image0/data/chara/ps4/adv/c_ch_nih_ryan_mr/tex05.par
  Image0/data/chara/ps4/adv/c_ci_dvl/face.gmt
  Image0/data/chara/ps4/adv/c_ci_dvl/mesh.par
  Image0/data/chara/ps4/adv/c_ci_dvl_mask/face.gmt
  Image0/data/chara/ps4/adv/c_ci_dvl_mask/mesh.par
  Image0/data/chara/ps4/adv/c_cj_air/face.gmt
  Image0/data/chara/ps4/adv/c_cj_air/mesh.par
  Image0/data/chara/ps4/adv/c_cj_air_sit/face.gmt
  Image0/data/chara/ps4/adv/c_cj_air_sit/mesh.par
  Image0/data/chara/ps4/adv/c_ck_c00_luka/face.gmt
  Image0/data/chara/ps4/adv/c_ck_c00_luka/mesh.par
  Image0/data/chara/ps4/adv/c_ck_c01_boy1/face.gmt
  Image0/data/chara/ps4/adv/c_ck_c01_boy1/mesh.par
  Image0/data/chara/ps4/adv/c_ck_c01_boy2/mesh.par
  Image0/data/chara/ps4/adv/c_ck_far_child/mesh.par
  Image0/data/chara/ps4/adv/c_ck_mhk/mesh.par
  Image0/data/chara/ps4/adv/c_ck_rin/face.gmt
  Image0/data/chara/ps4/adv/c_ck_rin/mesh.par
  Image0/data/chara/ps4/adv/c_ck_rin/tex00.par
  Image0/data/chara/ps4/adv/c_ck_rin/tex01.par
  Image0/data/chara/ps4/adv/c_ck_rin/tex02.par
  Image0/data/chara/ps4/adv/c_ck_rin/tex03.par
  Image0/data/chara/ps4/adv/c_ck_rin/tex04.par
  Image0/data/chara/ps4/adv/c_cl_yur/face.gmt
  Image0/data/chara/ps4/adv/c_cl_yur/mesh.par
  Image0/data/chara/ps4/adv/c_cl_yur_past/face.gmt
  Image0/data/chara/ps4/adv/c_cl_yur_past/mesh.par
  Image0/data/chara/ps4/adv/c_cm_amon/mesh.par
  Image0/data/chara/ps4/adv/c_cm_bba/mesh.par
  Image0/data/chara/ps4/adv/c_cm_c00_oldman1/face.gmt
  Image0/data/chara/ps4/adv/c_cm_c00_oldman1/mesh.par
  Image0/data/chara/ps4/adv/c_cm_c00_oldman1/tex00.par
  Image0/data/chara/ps4/adv/c_cm_c00_oldman1/tex01.par
  Image0/data/chara/ps4/adv/c_cm_c00_oldman1/tex02.par
  Image0/data/chara/ps4/adv/c_cm_c00_zako01/face.gmt
  Image0/data/chara/ps4/adv/c_cm_c00_zako01/mesh.par
  Image0/data/chara/ps4/adv/c_cm_c00_zako02/face.gmt
  Image0/data/chara/ps4/adv/c_cm_c00_zako02/mesh.par
  Image0/data/chara/ps4/adv/c_cm_c00_zako02_naked/face.gmt
  Image0/data/chara/ps4/adv/c_cm_c00_zako02_naked/mesh.par
  Image0/data/chara/ps4/adv/c_cm_c00_zako03/face.gmt
  Image0/data/chara/ps4/adv/c_cm_c00_zako03/mesh.par
  Image0/data/chara/ps4/adv/c_cm_c01_eihei1/face.gmt
  Image0/data/chara/ps4/adv/c_cm_c01_eihei1/mesh.par
  Image0/data/chara/ps4/adv/c_cm_c01_eihei1/tex00.par
  Image0/data/chara/ps4/adv/c_cm_c01_eihei1/tex01.par
  Image0/data/chara/ps4/adv/c_cm_c01_eihei2/mesh.par
  Image0/data/chara/ps4/adv/c_cm_c01_gofu/mesh.par
  Image0/data/chara/ps4/adv/c_cm_c01_man1/face.gmt
  Image0/data/chara/ps4/adv/c_cm_c01_man1/mesh.par
  Image0/data/chara/ps4/adv/c_cm_c01_man1/tex00.par
  Image0/data/chara/ps4/adv/c_cm_c01_man1/tex01.par
  Image0/data/chara/ps4/adv/c_cm_c01_man2/face.gmt
  Image0/data/chara/ps4/adv/c_cm_c01_man2/mesh.par
  Image0/data/chara/ps4/adv/c_cm_c01_man2_bd/face.gmt
  Image0/data/chara/ps4/adv/c_cm_c01_man2_bd/mesh.par
  Image0/data/chara/ps4/adv/c_cm_c01_oldman2/face.gmt
  Image0/data/chara/ps4/adv/c_cm_c01_oldman2/mesh.par
  Image0/data/chara/ps4/adv/c_cm_c01_zako04/face.gmt
  Image0/data/chara/ps4/adv/c_cm_c01_zako04/mesh.par
  Image0/data/chara/ps4/adv/c_cm_c01_zako04/tex00.par
  Image0/data/chara/ps4/adv/c_cm_c01_zako04/tex01.par
  Image0/data/chara/ps4/adv/c_cm_c01_zako04/tex02.par
  Image0/data/chara/ps4/adv/c_cm_c01_zako04/tex03.par
  Image0/data/chara/ps4/adv/c_cm_c01_zako04/tex04.par
  Image0/data/chara/ps4/adv/c_cm_c01_zako04/tex05.par
  Image0/data/chara/ps4/adv/c_cm_c01_zako04/tex06.par
  Image0/data/chara/ps4/adv/c_cm_c01_zako04/tex07.par
  Image0/data/chara/ps4/adv/c_cm_c01_zako04/tex08.par
  Image0/data/chara/ps4/adv/c_cm_c01_zako04/tex09.par
  Image0/data/chara/ps4/adv/c_cm_c01_zako04/tex10.par
  Image0/data/chara/ps4/adv/c_cm_c01_zako04/tex11.par
  Image0/data/chara/ps4/adv/c_cm_c01_zako04/tex12.par
  Image0/data/chara/ps4/adv/c_cm_c01_zako04/tex13.par
  Image0/data/chara/ps4/adv/c_cm_c01_zako04/tex14.par
  Image0/data/chara/ps4/adv/c_cm_c01_zako04/tex15.par
  Image0/data/chara/ps4/adv/c_cm_c01_zako04/tex16.par
  Image0/data/chara/ps4/adv/c_cm_c01_zako04/tex17.par
  Image0/data/chara/ps4/adv/c_cm_c01_zako04/tex18.par
  Image0/data/chara/ps4/adv/c_cm_c01_zako04/tex19.par
  Image0/data/chara/ps4/adv/c_cm_c01_zako04/tex20.par
  Image0/data/chara/ps4/adv/c_cm_c01_zako05/face.gmt
  Image0/data/chara/ps4/adv/c_cm_c01_zako05/mesh.par
  Image0/data/chara/ps4/adv/c_cm_c01_zako05/tex00.par
  Image0/data/chara/ps4/adv/c_cm_c01_zako05/tex01.par
  Image0/data/chara/ps4/adv/c_cm_c01_zako05/tex02.par
  Image0/data/chara/ps4/adv/c_cm_c01_zako05/tex03.par
  Image0/data/chara/ps4/adv/c_cm_c01_zako05/tex04.par
  Image0/data/chara/ps4/adv/c_cm_c01_zako05/tex05.par
  Image0/data/chara/ps4/adv/c_cm_c01_zako05/tex06.par
  Image0/data/chara/ps4/adv/c_cm_c01_zako05/tex07.par
  Image0/data/chara/ps4/adv/c_cm_c01_zako05/tex08.par
  Image0/data/chara/ps4/adv/c_cm_c01_zako05/tex09.par
  Image0/data/chara/ps4/adv/c_cm_c01_zako05/tex10.par
  Image0/data/chara/ps4/adv/c_cm_c01_zako05/tex11.par
  Image0/data/chara/ps4/adv/c_cm_c01_zako05/tex12.par
  Image0/data/chara/ps4/adv/c_cm_c01_zako05/tex13.par
  Image0/data/chara/ps4/adv/c_cm_c01_zako05/tex14.par
  Image0/data/chara/ps4/adv/c_cm_c01_zako05/tex15.par
  Image0/data/chara/ps4/adv/c_cm_c01_zako05/tex16.par
  Image0/data/chara/ps4/adv/c_cm_c01_zako05/tex17.par
  Image0/data/chara/ps4/adv/c_cm_c01_zako05/tex18.par
  Image0/data/chara/ps4/adv/c_cm_c01_zako05/tex19.par
  Image0/data/chara/ps4/adv/c_cm_c01_zako05/tex20.par
  Image0/data/chara/ps4/adv/c_cm_c02_kensi/face.gmt
  Image0/data/chara/ps4/adv/c_cm_c02_kensi/mesh.par
  Image0/data/chara/ps4/adv/c_cm_c02_kensi/tex00.par
  Image0/data/chara/ps4/adv/c_cm_c02_kensi/tex01.par
  Image0/data/chara/ps4/adv/c_cm_c02_kensi/tex02.par
  Image0/data/chara/ps4/adv/c_cm_c02_kensi/tex03.par
  Image0/data/chara/ps4/adv/c_cm_c02_kensi/tex04.par
  Image0/data/chara/ps4/adv/c_cm_c02_kensi/tex05.par
  Image0/data/chara/ps4/adv/c_cm_c02_zako06/mesh.par
  Image0/data/chara/ps4/adv/c_cm_c02_zako06/tex00.par
  Image0/data/chara/ps4/adv/c_cm_c02_zako06/tex01.par
  Image0/data/chara/ps4/adv/c_cm_c02_zako06/tex02.par
  Image0/data/chara/ps4/adv/c_cm_c02_zako06/tex03.par
  Image0/data/chara/ps4/adv/c_cm_c02_zako06/tex04.par
  Image0/data/chara/ps4/adv/c_cm_c02_zako06/tex05.par
  Image0/data/chara/ps4/adv/c_cm_c02_zako06/tex06.par
  Image0/data/chara/ps4/adv/c_cm_c02_zako06/tex07.par
  Image0/data/chara/ps4/adv/c_cm_c02_zako06/tex08.par
  Image0/data/chara/ps4/adv/c_cm_c02_zako06/tex09.par
  Image0/data/chara/ps4/adv/c_cm_c02_zako06/tex10.par
  Image0/data/chara/ps4/adv/c_cm_c02_zako06/tex11.par
  Image0/data/chara/ps4/adv/c_cm_c02_zako06/tex12.par
  Image0/data/chara/ps4/adv/c_cm_c02_zako06/tex13.par
  Image0/data/chara/ps4/adv/c_cm_c02_zako06/tex14.par
  Image0/data/chara/ps4/adv/c_cm_c02_zako06/tex15.par
  Image0/data/chara/ps4/adv/c_cm_c02_zako06/tex16.par
  Image0/data/chara/ps4/adv/c_cm_c02_zako06/tex17.par
  Image0/data/chara/ps4/adv/c_cm_c02_zako06/tex18.par
  Image0/data/chara/ps4/adv/c_cm_c02_zako06/tex19.par
  Image0/data/chara/ps4/adv/c_cm_c02_zako06/tex20.par
  Image0/data/chara/ps4/adv/c_cm_c02_zako07/face.gmt
  Image0/data/chara/ps4/adv/c_cm_c02_zako07/mesh.par
  Image0/data/chara/ps4/adv/c_cm_c02_zako07_ev/face.gmt
  Image0/data/chara/ps4/adv/c_cm_c02_zako07_ev/mesh.par
  Image0/data/chara/ps4/adv/c_cm_c03_oldman3/face.gmt
  Image0/data/chara/ps4/adv/c_cm_c03_oldman3/mesh.par
  Image0/data/chara/ps4/adv/c_cm_c03_oldman3_brk/face.gmt
  Image0/data/chara/ps4/adv/c_cm_c03_oldman3_brk/mesh.par
  Image0/data/chara/ps4/adv/c_cm_c03_oldman3_brk2/face.gmt
  Image0/data/chara/ps4/adv/c_cm_c03_oldman3_brk2/mesh.par
  Image0/data/chara/ps4/adv/c_cm_c03_oldman3_hole/face.gmt
  Image0/data/chara/ps4/adv/c_cm_c03_oldman3_hole/mesh.par
  Image0/data/chara/ps4/adv/c_cm_c06_zako14/face.gmt
  Image0/data/chara/ps4/adv/c_cm_c06_zako14/mesh.par
  Image0/data/chara/ps4/adv/c_cm_c08_zako13/mesh.par
  Image0/data/chara/ps4/adv/c_cm_c09_eihei2/face.gmt
  Image0/data/chara/ps4/adv/c_cm_c09_eihei2/mesh.par
  Image0/data/chara/ps4/adv/c_cm_c09_eihei2/tex00.par
  Image0/data/chara/ps4/adv/c_cm_c09_eihei2/tex01.par
  Image0/data/chara/ps4/adv/c_cm_c09_man3/face.gmt
  Image0/data/chara/ps4/adv/c_cm_c09_man3/mesh.par
  Image0/data/chara/ps4/adv/c_cm_c09_man4/face.gmt
  Image0/data/chara/ps4/adv/c_cm_c09_man4/mesh.par
  Image0/data/chara/ps4/adv/c_cm_c09_man4/tex00.par
  Image0/data/chara/ps4/adv/c_cm_c09_man4/tex01.par
  Image0/data/chara/ps4/adv/c_cm_c09_man4/tex02.par
  Image0/data/chara/ps4/adv/c_cm_c09_man4/tex03.par
  Image0/data/chara/ps4/adv/c_cm_far_man/mesh.par
  Image0/data/chara/ps4/adv/c_cm_ftr/mesh.par
  Image0/data/chara/ps4/adv/c_cm_ftr/tex00.par
  Image0/data/chara/ps4/adv/c_cm_ftr/tex01.par
  Image0/data/chara/ps4/adv/c_cm_ftr/tex02.par
  Image0/data/chara/ps4/adv/c_cm_ftr/tex03.par
  Image0/data/chara/ps4/adv/c_cm_ftr/tex04.par
  Image0/data/chara/ps4/adv/c_cm_inf/mesh.par
  Image0/data/chara/ps4/adv/c_cm_invisible/mesh.par
  Image0/data/chara/ps4/adv/c_cm_jgi_past/face.gmt
  Image0/data/chara/ps4/adv/c_cm_jgi_past/mesh.par
  Image0/data/chara/ps4/adv/c_cm_komaki/mesh.par
  Image0/data/chara/ps4/adv/c_cm_pac/mesh.par
  Image0/data/chara/ps4/adv/c_cm_pac/tex00.par
  Image0/data/chara/ps4/adv/c_cm_pac/tex01.par
  Image0/data/chara/ps4/adv/c_cm_pac/tex02.par
  Image0/data/chara/ps4/adv/c_cm_pac/tex03.par
  Image0/data/chara/ps4/adv/c_cm_pac/tex04.par
  Image0/data/chara/ps4/adv/c_cm_pac/tex05.par
  Image0/data/chara/ps4/adv/c_cn_rao_manto/face.gmt
  Image0/data/chara/ps4/adv/c_cn_rao_manto/mesh.par
  Image0/data/chara/ps4/adv/c_cn_rao_manto_c09_scn/face.gmt
  Image0/data/chara/ps4/adv/c_cn_rao_manto_c09_scn/mesh.par
  Image0/data/chara/ps4/adv/c_cn_sau_manto/face.gmt
  Image0/data/chara/ps4/adv/c_cn_sau_manto/mesh.par
  Image0/data/chara/ps4/adv/c_cn_ugl/face.gmt
  Image0/data/chara/ps4/adv/c_cn_ugl/mesh.par
  Image0/data/chara/ps4/adv/c_cn_ugl_mantdake/face.gmt
  Image0/data/chara/ps4/adv/c_cn_ugl_mantdake/mesh.par
  Image0/data/chara/ps4/adv/c_cn_ugl_mask/face.gmt
  Image0/data/chara/ps4/adv/c_cn_ugl_mask/mesh.par
  Image0/data/chara/ps4/adv/c_cn_ugl_mask/tex00.par
  Image0/data/chara/ps4/adv/c_cn_ugl_mask/tex01.par
  Image0/data/chara/ps4/adv/c_cn_ugl_mask/tex02.par
  Image0/data/chara/ps4/adv/c_cn_ugl_mask/tex03.par
  Image0/data/chara/ps4/adv/c_cn_ugl_mask/tex04.par
  Image0/data/chara/ps4/adv/c_cn_ugl_mask/tex05.par
  Image0/data/chara/ps4/adv/c_cn_ugl_mask2/face.gmt
  Image0/data/chara/ps4/adv/c_cn_ugl_mask2/mesh.par
  Image0/data/chara/ps4/adv/c_cp_kis/face.gmt
  Image0/data/chara/ps4/adv/c_cp_kis/mesh.par
  Image0/data/chara/ps4/adv/c_cp_kis/tex00.par
  Image0/data/chara/ps4/adv/c_cp_kis/tex01.par
  Image0/data/chara/ps4/adv/c_cp_kis_c0501a/face.gmt
  Image0/data/chara/ps4/adv/c_cp_kis_c0501a/mesh.par
  Image0/data/chara/ps4/adv/c_cp_kis_c12/face.gmt
  Image0/data/chara/ps4/adv/c_cp_kis_c12/mesh.par
  Image0/data/chara/ps4/adv/c_cp_kis_c12/tex00.par
  Image0/data/chara/ps4/adv/c_cp_kis_c12/tex01.par
  Image0/data/chara/ps4/adv/c_cp_kis_ev/face.gmt
  Image0/data/chara/ps4/adv/c_cp_kis_ev/mesh.par
  Image0/data/chara/ps4/adv/c_cp_kis_ev/tex00.par
  Image0/data/chara/ps4/adv/c_cp_kis_ev/tex01.par
  Image0/data/chara/ps4/adv/c_cp_kis_mura/face.gmt
M Image0/data/chara/ps4/adv/c_cp_kis_mura/mesh.par
  Image0/data/chara/ps4/adv/c_cp_kis_mura/tex00.par
  Image0/data/chara/ps4/adv/c_cp_kis_mura/tex01.par
  Image0/data/chara/ps4/adv/c_cp_kis_veil/face.gmt
  Image0/data/chara/ps4/adv/c_cp_kis_veil/mesh.par
  Image0/data/chara/ps4/adv/c_cp_kis_veil/tex00.par
  Image0/data/chara/ps4/adv/c_cp_kis_veil/tex01.par
  Image0/data/chara/ps4/adv/c_cp_kis_veil2/face.gmt
  Image0/data/chara/ps4/adv/c_cp_kis_veil2/mesh.par
  Image0/data/chara/ps4/adv/c_cp_kis_veil2/tex00.par
  Image0/data/chara/ps4/adv/c_cp_kis_veil2/tex01.par
  Image0/data/chara/ps4/adv/c_cp_kis_wt/face.gmt
  Image0/data/chara/ps4/adv/c_cp_kis_wt/mesh.par
  Image0/data/chara/ps4/adv/c_cp_kis_wt/tex00.par
  Image0/data/chara/ps4/adv/c_cp_kis_wt/tex01.par
  Image0/data/chara/ps4/adv/c_cp_kismam/face.gmt
  Image0/data/chara/ps4/adv/c_cp_kismam/mesh.par
  Image0/data/chara/ps4/adv/c_cq_rai/face.gmt
  Image0/data/chara/ps4/adv/c_cq_rai/mesh.par
  Image0/data/chara/ps4/adv/c_cq_rai/tex00.par
  Image0/data/chara/ps4/adv/c_cq_rai/tex01.par
  Image0/data/chara/ps4/adv/c_cq_rai_hair_wt/face.gmt
  Image0/data/chara/ps4/adv/c_cq_rai_hair_wt/mesh.par
  Image0/data/chara/ps4/adv/c_cq_rai_hair_wt/tex00.par
  Image0/data/chara/ps4/adv/c_cq_rai_hair_wt/tex01.par
  Image0/data/chara/ps4/adv/c_cq_rai_sit/face.gmt
  Image0/data/chara/ps4/adv/c_cq_rai_sit/mesh.par
  Image0/data/chara/ps4/adv/c_cq_rai_sit/tex00.par
  Image0/data/chara/ps4/adv/c_cq_rai_sit/tex01.par
  Image0/data/chara/ps4/adv/c_cq_rai_sit2/face.gmt
  Image0/data/chara/ps4/adv/c_cq_rai_sit2/mesh.par
  Image0/data/chara/ps4/adv/c_cq_rai_sit2/tex00.par
  Image0/data/chara/ps4/adv/c_cq_rai_sit2/tex01.par
  Image0/data/chara/ps4/adv/c_cr_rei/face.gmt
  Image0/data/chara/ps4/adv/c_cr_rei/mesh.par
  Image0/data/chara/ps4/adv/c_cr_rei/tex00.par
  Image0/data/chara/ps4/adv/c_cr_rei/tex01.par
  Image0/data/chara/ps4/adv/c_cr_rei_mask/face.gmt
  Image0/data/chara/ps4/adv/c_cr_rei_mask/mesh.par
  Image0/data/chara/ps4/adv/c_cr_rei_wt/face.gmt
  Image0/data/chara/ps4/adv/c_cr_rei_wt/mesh.par
  Image0/data/chara/ps4/adv/c_cr_sin/face.gmt
  Image0/data/chara/ps4/adv/c_cr_sin/mesh.par
  Image0/data/chara/ps4/adv/c_cr_sin_arm/face.gmt
  Image0/data/chara/ps4/adv/c_cr_sin_arm/mesh.par
  Image0/data/chara/ps4/adv/c_cr_sin_mask/face.gmt
  Image0/data/chara/ps4/adv/c_cr_sin_mask/mesh.par
  Image0/data/chara/ps4/adv/c_cr_sin_past/face.gmt
  Image0/data/chara/ps4/adv/c_cr_sin_past/mesh.par
  Image0/data/chara/ps4/adv/c_cr_sin_wt/face.gmt
  Image0/data/chara/ps4/adv/c_cr_sin_wt/mesh.par
  Image0/data/chara/ps4/adv/c_cs_srn/face.gmt
  Image0/data/chara/ps4/adv/c_cs_srn/mesh.par
  Image0/data/chara/ps4/adv/c_cs_srn/tex00.par
  Image0/data/chara/ps4/adv/c_cs_srn/tex01.par
  Image0/data/chara/ps4/adv/c_ct_tok/face.gmt
  Image0/data/chara/ps4/adv/c_ct_tok/mesh.par
  Image0/data/chara/ps4/adv/c_ct_tok_hizadati/face.gmt
  Image0/data/chara/ps4/adv/c_ct_tok_hizadati/mesh.par
  Image0/data/chara/ps4/adv/c_ct_tok_mask/face.gmt
  Image0/data/chara/ps4/adv/c_ct_tok_mask/mesh.par
  Image0/data/chara/ps4/adv/c_ct_tok_mask2/face.gmt
  Image0/data/chara/ps4/adv/c_ct_tok_mask2/mesh.par
  Image0/data/chara/ps4/adv/c_ct_tok_past/face.gmt
  Image0/data/chara/ps4/adv/c_ct_tok_past/mesh.par
  Image0/data/chara/ps4/adv/c_cu_tar_kyo/face.gmt
  Image0/data/chara/ps4/adv/c_cu_tar_kyo/mesh.par
  Image0/data/chara/ps4/adv/c_cu_uda/face.gmt
  Image0/data/chara/ps4/adv/c_cu_uda/mesh.par
  Image0/data/chara/ps4/adv/c_cu_uda/tex00.par
  Image0/data/chara/ps4/adv/c_cu_uda/tex01.par
  Image0/data/chara/ps4/adv/c_cu_uda/tex02.par
  Image0/data/chara/ps4/adv/c_cu_uda_c10/face.gmt
  Image0/data/chara/ps4/adv/c_cu_uda_c10/mesh.par
  Image0/data/chara/ps4/adv/c_cu_uda_manto/face.gmt
  Image0/data/chara/ps4/adv/c_cu_uda_manto/mesh.par
  Image0/data/chara/ps4/adv/c_cu_uda_manto/tex00.par
  Image0/data/chara/ps4/adv/c_cu_uda_manto/tex01.par
  Image0/data/chara/ps4/adv/c_cu_uda_manto/tex02.par
  Image0/data/chara/ps4/adv/c_cu_uda_manto_c03/face.gmt
  Image0/data/chara/ps4/adv/c_cu_uda_manto_c03/mesh.par
  Image0/data/chara/ps4/adv/c_cu_uda_manto_c03/tex00.par
  Image0/data/chara/ps4/adv/c_cu_uda_manto_c03/tex01.par
  Image0/data/chara/ps4/adv/c_cu_uda_manto_c03/tex02.par
  Image0/data/chara/ps4/adv/c_cu_uda_mask/face.gmt
  Image0/data/chara/ps4/adv/c_cu_uda_mask/mesh.par
  Image0/data/chara/ps4/adv/c_cu_uda_mask/tex00.par
  Image0/data/chara/ps4/adv/c_cu_uda_mask/tex01.par
  Image0/data/chara/ps4/adv/c_cu_uda_mask2/face.gmt
  Image0/data/chara/ps4/adv/c_cu_uda_mask2/mesh.par
  Image0/data/chara/ps4/adv/c_cu_uda_mask2/tex00.par
  Image0/data/chara/ps4/adv/c_cu_uda_mask2/tex01.par
  Image0/data/chara/ps4/adv/c_cu_uda_mask2/tex02.par
  Image0/data/chara/ps4/adv/c_cu_uda_nohelm/face.gmt
  Image0/data/chara/ps4/adv/c_cu_uda_nohelm/mesh.par
  Image0/data/chara/ps4/adv/c_cu_uda_nohelm/tex00.par
  Image0/data/chara/ps4/adv/c_cu_uda_nohelm/tex01.par
  Image0/data/chara/ps4/adv/c_cu_uda_nohelm/tex02.par
  Image0/data/chara/ps4/adv/c_cu_uda_past/face.gmt
  Image0/data/chara/ps4/adv/c_cu_uda_past/mesh.par
  Image0/data/chara/ps4/adv/c_cu_uda_past/tex00.par
  Image0/data/chara/ps4/adv/c_cu_uda_past/tex01.par
  Image0/data/chara/ps4/adv/c_cu_uda_past/tex02.par
  Image0/data/chara/ps4/adv/c_cu_uda_recent/face.gmt
  Image0/data/chara/ps4/adv/c_cu_uda_recent/mesh.par
  Image0/data/chara/ps4/adv/c_cu_uda_recent/tex00.par
  Image0/data/chara/ps4/adv/c_cu_uda_recent/tex01.par
  Image0/data/chara/ps4/adv/c_cu_uda_recent/tex02.par
  Image0/data/chara/ps4/adv/c_cv_tar/face.gmt
  Image0/data/chara/ps4/adv/c_cv_tar/mesh.par
  Image0/data/chara/ps4/adv/c_cv_tar_ev/face.gmt
  Image0/data/chara/ps4/adv/c_cv_tar_ev/mesh.par
  Image0/data/chara/ps4/adv/c_cv_tar_gore/face.gmt
  Image0/data/chara/ps4/adv/c_cv_tar_gore/mesh.par
  Image0/data/chara/ps4/adv/c_cv_tar_mask/face.gmt
  Image0/data/chara/ps4/adv/c_cv_tar_mask/mesh.par
  Image0/data/chara/ps4/adv/c_cv_tar_mask2/face.gmt
  Image0/data/chara/ps4/adv/c_cv_tar_mask2/mesh.par
  Image0/data/chara/ps4/adv/c_cv_tar_mecha/face.gmt
  Image0/data/chara/ps4/adv/c_cv_tar_mecha/mesh.par
  Image0/data/chara/ps4/adv/c_cv_tar_mecha_ev/face.gmt
  Image0/data/chara/ps4/adv/c_cv_tar_mecha_ev/mesh.par
  Image0/data/chara/ps4/adv/c_cw_c00_roba/face.gmt
  Image0/data/chara/ps4/adv/c_cw_c00_roba/mesh.par
  Image0/data/chara/ps4/adv/c_cw_c01_wmn1/face.gmt
  Image0/data/chara/ps4/adv/c_cw_c01_wmn1/mesh.par
  Image0/data/chara/ps4/adv/c_cw_c01_wmn2/mesh.par
  Image0/data/chara/ps4/adv/c_cw_far_woman/mesh.par
  Image0/data/chara/ps4/adv/c_cw_mam/face.gmt
  Image0/data/chara/ps4/adv/c_cw_mam/mesh.par
  Image0/data/chara/ps4/adv/c_cw_mra_wmn_regu/mesh.par
  Image0/data/chara/ps4/adv/c_cw_mra_wmn_regu/tex00.par
  Image0/data/chara/ps4/adv/c_cw_mra_wmn_regu/tex01.par
  Image0/data/chara/ps4/adv/c_cw_mra_wmn_regu/tex02.par
  Image0/data/chara/ps4/adv/c_cw_mra_wmn_regu/tex03.par
  Image0/data/chara/ps4/adv/c_cw_mra_wmn_regu/tex04.par
  Image0/data/chara/ps4/adv/c_cx_jgi/face.gmt
  Image0/data/chara/ps4/adv/c_cx_jgi/mesh.par
  Image0/data/chara/ps4/adv/c_cx_jgi_gore/face.gmt
  Image0/data/chara/ps4/adv/c_cx_jgi_gore/mesh.par
  Image0/data/chara/ps4/adv/c_cx_jgi_mask/face.gmt
  Image0/data/chara/ps4/adv/c_cx_jgi_mask/mesh.par
  Image0/data/chara/ps4/adv/c_cx_jgi_mask2/face.gmt
  Image0/data/chara/ps4/adv/c_cx_jgi_mask2/mesh.par
  Image0/data/chara/ps4/adv/c_cx_jgi_mask2/tex00.par
  Image0/data/chara/ps4/adv/c_cx_jgi_mask2/tex01.par
  Image0/data/chara/ps4/adv/c_cx_jgi_nohelm/face.gmt
  Image0/data/chara/ps4/adv/c_cx_jgi_nohelm/mesh.par
  Image0/data/chara/ps4/adv/c_cx_jgi_poncho/face.gmt
  Image0/data/chara/ps4/adv/c_cx_jgi_poncho/mesh.par
  Image0/data/chara/ps4/adv/c_cx_rao/face.gmt
  Image0/data/chara/ps4/adv/c_cx_rao/mesh.par
  Image0/data/chara/ps4/adv/c_cx_rao_mask/face.gmt
  Image0/data/chara/ps4/adv/c_cx_rao_mask/mesh.par
  Image0/data/chara/ps4/adv/c_cx_rao_mask2/face.gmt
  Image0/data/chara/ps4/adv/c_cx_rao_mask2/mesh.par
  Image0/data/chara/ps4/adv/c_cx_sau/face.gmt
  Image0/data/chara/ps4/adv/c_cx_sau/mesh.par
  Image0/data/chara/ps4/adv/c_cx_sau_mask/face.gmt
  Image0/data/chara/ps4/adv/c_cx_sau_mask/mesh.par
  Image0/data/chara/ps4/adv/c_cx_sau_mask2/face.gmt
  Image0/data/chara/ps4/adv/c_cx_sau_mask2/mesh.par
  Image0/data/chara/ps4/adv/c_cy_jgr/face.gmt
  Image0/data/chara/ps4/adv/c_cy_jgr/mesh.par
  Image0/data/chara/ps4/adv/c_cy_jgr_ev/face.gmt
  Image0/data/chara/ps4/adv/c_cy_jgr_ev/mesh.par
  Image0/data/chara/ps4/adv/c_cz_ken_manto/face.gmt
  Image0/data/chara/ps4/adv/c_cz_ken_manto/mesh.par
  Image0/data/chara/ps4/adv/c_cz_ken_manto_only/face.gmt
  Image0/data/chara/ps4/adv/c_cz_ken_manto_only/mesh.par
  Image0/data/chara/ps4/adv/c_cz_ken_manto_shirt/face.gmt
  Image0/data/chara/ps4/adv/c_cz_ken_manto_shirt/mesh.par
  Image0/data/chara/ps4/adv/c_d01_arowana/mesh.par
  Image0/data/chara/ps4/adv/c_d05_cat/mesh.par
  Image0/data/chara/ps4/adv/c_d05_cat/tex00.par
  Image0/data/chara/ps4/adv/c_d05_cat/tex01.par
  Image0/data/chara/ps4/adv/c_d05_cat/tex02.par
  Image0/data/chara/ps4/adv/c_d05_cat/tex03.par
  Image0/data/chara/ps4/adv/c_d05_cat/tex04.par
  Image0/data/chara/ps4/adv/c_d06_dog_puppy/mesh.par
  Image0/data/chara/ps4/adv/c_d13_hato/mesh.par
  Image0/data/chara/ps4/adv/c_d36_niwatori/mesh.par
  Image0/data/chara/ps4/adv/c_d38_dog/mesh.par
  Image0/data/chara/ps4/adv/c_d38_dog/tex00.par
  Image0/data/chara/ps4/adv/c_d38_dog/tex01.par
  Image0/data/chara/ps4/adv/c_d38_dog/tex02.par
  Image0/data/chara/ps4/adv/c_d50_kok/mesh.par
  Image0/data/chara/ps4/auth/c_ab_tar_kyo/face.gmt
  Image0/data/chara/ps4/auth/c_ab_tar_kyo/mesh.par
  Image0/data/chara/ps4/auth/c_ab_uda/face.gmt
  Image0/data/chara/ps4/auth/c_ab_uda/mesh.par
  Image0/data/chara/ps4/auth/c_ab_uda_nohelm/face.gmt
  Image0/data/chara/ps4/auth/c_ab_uda_nohelm/mesh.par
  Image0/data/chara/ps4/auth/c_ab_uda_nohelm/tex00.par
  Image0/data/chara/ps4/auth/c_ab_uda_nohelm/tex01.par
  Image0/data/chara/ps4/auth/c_ab_uda_nohelm/tex02.par
  Image0/data/chara/ps4/auth/c_ak_s32_boy/mesh.par
  Image0/data/chara/ps4/auth/c_al_yur_past/face.gmt
  Image0/data/chara/ps4/auth/c_al_yur_past/mesh.par
  Image0/data/chara/ps4/auth/c_an_rao_manto/face.gmt
  Image0/data/chara/ps4/auth/c_an_rao_manto/mesh.par
  Image0/data/chara/ps4/auth/c_ao_kis/face.gmt
  Image0/data/chara/ps4/auth/c_ao_kis/mesh.par
  Image0/data/chara/ps4/auth/c_ao_kis/tex00.par
  Image0/data/chara/ps4/auth/c_ao_kis/tex01.par
  Image0/data/chara/ps4/auth/c_ap_kis_veil/face.gmt
  Image0/data/chara/ps4/auth/c_ap_kis_veil/mesh.par
  Image0/data/chara/ps4/auth/c_ap_kis_veil/tex00.par
  Image0/data/chara/ps4/auth/c_ap_kis_veil/tex01.par
  Image0/data/chara/ps4/auth/c_ap_kis_veil2/face.gmt
  Image0/data/chara/ps4/auth/c_ap_kis_veil2/mesh.par
  Image0/data/chara/ps4/auth/c_ap_kis_veil2/tex00.par
  Image0/data/chara/ps4/auth/c_ap_kis_veil2/tex01.par
  Image0/data/chara/ps4/auth/c_ar_rei/face.gmt
  Image0/data/chara/ps4/auth/c_ar_rei/mesh.par
  Image0/data/chara/ps4/auth/c_at_kiryu/face.gmt
  Image0/data/chara/ps4/auth/c_at_kiryu/mesh.par
  Image0/data/chara/ps4/auth/c_at_kiryu_hyaku/face.gmt
  Image0/data/chara/ps4/auth/c_at_kiryu_hyaku/mesh.par
  Image0/data/chara/ps4/auth/c_au_c04_zako09/face.gmt
  Image0/data/chara/ps4/auth/c_au_c04_zako09/mesh.par
  Image0/data/chara/ps4/auth/c_ax_jgi_08_500/face.gmt
  Image0/data/chara/ps4/auth/c_ax_jgi_08_500/mesh.par
  Image0/data/chara/ps4/btms/c_ca_b_zsi_a/mesh.par
  Image0/data/chara/ps4/btms/c_ch_b_mra_a/mesh.par
  Image0/data/chara/ps4/btms/c_ch_b_mra_a/tex00.par
  Image0/data/chara/ps4/btms/c_ch_b_mra_a/tex01.par
  Image0/data/chara/ps4/btms/c_ch_b_mra_a/tex02.par
  Image0/data/chara/ps4/btms/c_ch_b_mra_a/tex03.par
  Image0/data/chara/ps4/btms/c_ch_b_mra_c/mesh.par
  Image0/data/chara/ps4/btms/c_ch_b_mra_c/tex00.par
  Image0/data/chara/ps4/btms/c_ch_b_mra_c/tex01.par
  Image0/data/chara/ps4/btms/c_ch_b_mra_c/tex02.par
  Image0/data/chara/ps4/btms/c_ch_b_mra_c/tex03.par
  Image0/data/chara/ps4/btms/c_ch_b_nih_a/mesh.par
  Image0/data/chara/ps4/btms/c_ch_b_nih_a/tex00.par
  Image0/data/chara/ps4/btms/c_ch_b_nih_a/tex01.par
  Image0/data/chara/ps4/btms/c_ch_b_nih_a/tex02.par
  Image0/data/chara/ps4/btms/c_ch_b_nih_b/mesh.par
  Image0/data/chara/ps4/btms/c_ch_b_nih_b/tex00.par
  Image0/data/chara/ps4/btms/c_ch_b_nih_b/tex01.par
  Image0/data/chara/ps4/btms/c_ch_b_nih_b/tex02.par
  Image0/data/chara/ps4/btms/c_ch_b_nih_g/mesh.par
  Image0/data/chara/ps4/btms/c_ch_b_nih_h/mesh.par
  Image0/data/chara/ps4/btms/c_ck_b_mra_a/mesh.par
  Image0/data/chara/ps4/btms/c_ck_b_mra_a/tex00.par
  Image0/data/chara/ps4/btms/c_ck_b_mra_a/tex01.par
  Image0/data/chara/ps4/btms/c_ck_b_mra_a/tex02.par
  Image0/data/chara/ps4/btms/c_ck_b_mra_a/tex03.par
  Image0/data/chara/ps4/btms/c_ck_b_mra_b/mesh.par
  Image0/data/chara/ps4/btms/c_ck_b_mra_b/tex00.par
  Image0/data/chara/ps4/btms/c_ck_b_mra_b/tex01.par
  Image0/data/chara/ps4/btms/c_ck_b_mra_b/tex02.par
  Image0/data/chara/ps4/btms/c_ck_b_mra_b/tex03.par
  Image0/data/chara/ps4/btms/c_ck_b_mrg_a/mesh.par
  Image0/data/chara/ps4/btms/c_ck_b_mrg_a/tex00.par
  Image0/data/chara/ps4/btms/c_ck_b_mrg_a/tex01.par
  Image0/data/chara/ps4/btms/c_ck_b_mrg_a/tex02.par
  Image0/data/chara/ps4/btms/c_ck_b_mrg_a/tex03.par
  Image0/data/chara/ps4/btms/c_cm_b_default/mesh.par
  Image0/data/chara/ps4/btms/c_cm_b_ehi/mesh.par
  Image0/data/chara/ps4/btms/c_cm_b_ehi/tex00.par
  Image0/data/chara/ps4/btms/c_cm_b_ehi/tex01.par
  Image0/data/chara/ps4/btms/c_cm_b_ehi/tex02.par
  Image0/data/chara/ps4/btms/c_cm_b_ehi/tex03.par
  Image0/data/chara/ps4/btms/c_cm_b_kib_a_sml/mesh.par
  Image0/data/chara/ps4/btms/c_cm_b_kib_a_sml/tex00.par
  Image0/data/chara/ps4/btms/c_cm_b_kib_a_sml/tex01.par
  Image0/data/chara/ps4/btms/c_cm_b_kib_a_sml/tex02.par
  Image0/data/chara/ps4/btms/c_cm_b_kib_a_sml/tex03.par
  Image0/data/chara/ps4/btms/c_cm_b_kib_a_sml/tex04.par
  Image0/data/chara/ps4/btms/c_cm_b_kib_b_sml/mesh.par
  Image0/data/chara/ps4/btms/c_cm_b_mis/mesh.par
  Image0/data/chara/ps4/btms/c_cm_b_mis/tex00.par
  Image0/data/chara/ps4/btms/c_cm_b_mis/tex01.par
  Image0/data/chara/ps4/btms/c_cm_b_mis/tex02.par
  Image0/data/chara/ps4/btms/c_cm_b_mis/tex03.par
  Image0/data/chara/ps4/btms/c_cm_b_mng/mesh.par
  Image0/data/chara/ps4/btms/c_cm_b_mng/tex00.par
  Image0/data/chara/ps4/btms/c_cm_b_mng/tex01.par
  Image0/data/chara/ps4/btms/c_cm_b_mrl_a/mesh.par
  Image0/data/chara/ps4/btms/c_cm_b_mrl_a/tex00.par
  Image0/data/chara/ps4/btms/c_cm_b_mrl_a/tex01.par
  Image0/data/chara/ps4/btms/c_cm_b_mrl_a/tex02.par
  Image0/data/chara/ps4/btms/c_cm_b_mrl_a/tex03.par
  Image0/data/chara/ps4/btms/c_cm_b_mrl_b/mesh.par
  Image0/data/chara/ps4/btms/c_cm_b_mrl_b/tex00.par
  Image0/data/chara/ps4/btms/c_cm_b_mrl_b/tex01.par
  Image0/data/chara/ps4/btms/c_cm_b_mrl_b/tex02.par
  Image0/data/chara/ps4/btms/c_cm_b_mrl_b/tex03.par
  Image0/data/chara/ps4/btms/c_cm_b_mrl_c/mesh.par
  Image0/data/chara/ps4/btms/c_cm_b_mrl_c/tex00.par
  Image0/data/chara/ps4/btms/c_cm_b_mrl_c/tex01.par
  Image0/data/chara/ps4/btms/c_cm_b_mrl_c/tex02.par
  Image0/data/chara/ps4/btms/c_cm_b_mrl_c/tex03.par
  Image0/data/chara/ps4/btms/c_cm_b_mrl_d/mesh.par
  Image0/data/chara/ps4/btms/c_cm_b_mrl_d/tex00.par
  Image0/data/chara/ps4/btms/c_cm_b_mrl_d/tex01.par
  Image0/data/chara/ps4/btms/c_cm_b_mrl_d/tex02.par
  Image0/data/chara/ps4/btms/c_cm_b_mrl_d/tex03.par
  Image0/data/chara/ps4/btms/c_cm_b_mrl_f/mesh.par
  Image0/data/chara/ps4/btms/c_cm_b_mrl_f/tex00.par
  Image0/data/chara/ps4/btms/c_cm_b_mrl_f/tex01.par
  Image0/data/chara/ps4/btms/c_cm_b_mrl_f/tex02.par
  Image0/data/chara/ps4/btms/c_cm_b_mrl_f/tex03.par
  Image0/data/chara/ps4/btms/c_cm_b_mro_a/mesh.par
  Image0/data/chara/ps4/btms/c_cm_b_mro_a/tex00.par
  Image0/data/chara/ps4/btms/c_cm_b_mro_a/tex01.par
  Image0/data/chara/ps4/btms/c_cm_b_mro_a/tex02.par
  Image0/data/chara/ps4/btms/c_cm_b_mro_a/tex03.par
  Image0/data/chara/ps4/btms/c_cm_b_mro_a/tex04.par
  Image0/data/chara/ps4/btms/c_cm_b_mro_b/mesh.par
  Image0/data/chara/ps4/btms/c_cm_b_mro_b/tex00.par
  Image0/data/chara/ps4/btms/c_cm_b_mro_b/tex01.par
  Image0/data/chara/ps4/btms/c_cm_b_mro_b/tex02.par
  Image0/data/chara/ps4/btms/c_cm_b_mro_b/tex03.par
  Image0/data/chara/ps4/btms/c_cm_b_mro_c/mesh.par
  Image0/data/chara/ps4/btms/c_cm_b_mro_c/tex00.par
  Image0/data/chara/ps4/btms/c_cm_b_mro_c/tex01.par
  Image0/data/chara/ps4/btms/c_cm_b_mro_c/tex02.par
  Image0/data/chara/ps4/btms/c_cm_b_mro_c/tex03.par
  Image0/data/chara/ps4/btms/c_cm_b_mrp_a/mesh.par
  Image0/data/chara/ps4/btms/c_cm_b_nis_a/mesh.par
  Image0/data/chara/ps4/btms/c_cm_b_s63_iska/mesh.par
  Image0/data/chara/ps4/btms/c_cm_b_suitn/mesh.par
  Image0/data/chara/ps4/btms/c_cm_b_zako_coma/mesh.par
  Image0/data/chara/ps4/btms/c_cm_b_zco_a/face.gmt
  Image0/data/chara/ps4/btms/c_cm_b_zco_a/mesh.par
  Image0/data/chara/ps4/btms/c_cm_b_zco_a/tex00.par
  Image0/data/chara/ps4/btms/c_cm_b_zco_a/tex01.par
  Image0/data/chara/ps4/btms/c_cm_b_zco_a/tex02.par
  Image0/data/chara/ps4/btms/c_cm_b_zco_a/tex03.par
  Image0/data/chara/ps4/btms/c_cm_b_zco_a/tex04.par
  Image0/data/chara/ps4/btms/c_cm_b_zco_a_fat/face.gmt
  Image0/data/chara/ps4/btms/c_cm_b_zco_a_fat/mesh.par
  Image0/data/chara/ps4/btms/c_cm_b_zco_a_fat/tex00.par
  Image0/data/chara/ps4/btms/c_cm_b_zco_a_fat/tex01.par
  Image0/data/chara/ps4/btms/c_cm_b_zco_a_fat/tex02.par
  Image0/data/chara/ps4/btms/c_cm_b_zco_a_fat/tex03.par
  Image0/data/chara/ps4/btms/c_cm_b_zco_a_fat/tex04.par
  Image0/data/chara/ps4/btms/c_cm_b_zco_a_mus/face.gmt
  Image0/data/chara/ps4/btms/c_cm_b_zco_a_mus/mesh.par
  Image0/data/chara/ps4/btms/c_cm_b_zco_a_mus/tex00.par
  Image0/data/chara/ps4/btms/c_cm_b_zco_a_mus/tex01.par
  Image0/data/chara/ps4/btms/c_cm_b_zco_a_mus/tex02.par
  Image0/data/chara/ps4/btms/c_cm_b_zco_a_mus/tex03.par
  Image0/data/chara/ps4/btms/c_cm_b_zco_a_mus/tex04.par
  Image0/data/chara/ps4/btms/c_cm_b_zco_b/mesh.par
  Image0/data/chara/ps4/btms/c_cm_b_zco_b/tex00.par
  Image0/data/chara/ps4/btms/c_cm_b_zco_b/tex01.par
  Image0/data/chara/ps4/btms/c_cm_b_zco_b/tex02.par
  Image0/data/chara/ps4/btms/c_cm_b_zco_b/tex03.par
  Image0/data/chara/ps4/btms/c_cm_b_zco_b/tex04.par
  Image0/data/chara/ps4/btms/c_cm_b_zco_b/tex05.par
  Image0/data/chara/ps4/btms/c_cm_b_zco_b/tex06.par
  Image0/data/chara/ps4/btms/c_cm_b_zco_b/tex07.par
  Image0/data/chara/ps4/btms/c_cm_b_zco_b/tex08.par
  Image0/data/chara/ps4/btms/c_cm_b_zco_c/mesh.par
  Image0/data/chara/ps4/btms/c_cm_b_zco_c/tex00.par
  Image0/data/chara/ps4/btms/c_cm_b_zco_c/tex01.par
  Image0/data/chara/ps4/btms/c_cm_b_zco_c/tex02.par
  Image0/data/chara/ps4/btms/c_cm_b_zco_c/tex03.par
  Image0/data/chara/ps4/btms/c_cm_b_zco_c_fat/mesh.par
  Image0/data/chara/ps4/btms/c_cm_b_zco_c_fat/tex00.par
  Image0/data/chara/ps4/btms/c_cm_b_zco_c_fat/tex01.par
  Image0/data/chara/ps4/btms/c_cm_b_zco_c_fat/tex02.par
  Image0/data/chara/ps4/btms/c_cm_b_zco_c_fat/tex03.par
  Image0/data/chara/ps4/btms/c_cm_b_zco_c_mus/mesh.par
  Image0/data/chara/ps4/btms/c_cm_b_zco_c_mus/tex00.par
  Image0/data/chara/ps4/btms/c_cm_b_zco_c_mus/tex01.par
  Image0/data/chara/ps4/btms/c_cm_b_zco_c_mus/tex02.par
  Image0/data/chara/ps4/btms/c_cm_b_zco_c_mus/tex03.par
  Image0/data/chara/ps4/btms/c_cm_b_zco_d/mesh.par
  Image0/data/chara/ps4/btms/c_cm_b_zco_d/tex00.par
  Image0/data/chara/ps4/btms/c_cm_b_zco_d/tex01.par
  Image0/data/chara/ps4/btms/c_cm_b_zco_d/tex02.par
  Image0/data/chara/ps4/btms/c_cm_b_zco_d/tex03.par
  Image0/data/chara/ps4/btms/c_cm_b_zco_d/tex04.par
  Image0/data/chara/ps4/btms/c_cm_b_zco_d/tex05.par
  Image0/data/chara/ps4/btms/c_cm_b_zco_d_mus/mesh.par
  Image0/data/chara/ps4/btms/c_cm_b_zco_d_mus/tex00.par
  Image0/data/chara/ps4/btms/c_cm_b_zco_d_mus/tex01.par
  Image0/data/chara/ps4/btms/c_cm_b_zco_d_mus/tex02.par
  Image0/data/chara/ps4/btms/c_cm_b_zco_d_mus/tex03.par
  Image0/data/chara/ps4/btms/c_cm_b_zco_d_mus/tex04.par
  Image0/data/chara/ps4/btms/c_cm_b_zco_d_mus/tex05.par
  Image0/data/chara/ps4/btms/c_cm_b_zjg_a/mesh.par
  Image0/data/chara/ps4/btms/c_cm_b_zjg_a/tex00.par
  Image0/data/chara/ps4/btms/c_cm_b_zjg_a/tex01.par
  Image0/data/chara/ps4/btms/c_cm_b_zjg_a/tex02.par
  Image0/data/chara/ps4/btms/c_cm_b_zjg_a/tex03.par
  Image0/data/chara/ps4/btms/c_cm_b_zjg_a/tex04.par
  Image0/data/chara/ps4/btms/c_cm_b_zjg_a_fat/mesh.par
  Image0/data/chara/ps4/btms/c_cm_b_zjg_a_fat/tex00.par
  Image0/data/chara/ps4/btms/c_cm_b_zjg_a_fat/tex01.par
  Image0/data/chara/ps4/btms/c_cm_b_zjg_a_fat/tex02.par
  Image0/data/chara/ps4/btms/c_cm_b_zjg_a_fat/tex03.par
  Image0/data/chara/ps4/btms/c_cm_b_zjg_a_fat/tex04.par
  Image0/data/chara/ps4/btms/c_cm_b_zkc_a/mesh.par
  Image0/data/chara/ps4/btms/c_cm_b_zkc_b/mesh.par
  Image0/data/chara/ps4/btms/c_cm_b_zkp_a/mesh.par
  Image0/data/chara/ps4/btms/c_cm_b_zkp_a/tex00.par
  Image0/data/chara/ps4/btms/c_cm_b_zkp_a/tex01.par
  Image0/data/chara/ps4/btms/c_cm_b_zkp_a/tex02.par
  Image0/data/chara/ps4/btms/c_cm_b_zkp_a/tex03.par
  Image0/data/chara/ps4/btms/c_cm_b_zkp_a/tex04.par
  Image0/data/chara/ps4/btms/c_cm_b_zkp_a/tex05.par
  Image0/data/chara/ps4/btms/c_cm_b_zkp_b/mesh.par
  Image0/data/chara/ps4/btms/c_cm_b_zkp_b/tex00.par
  Image0/data/chara/ps4/btms/c_cm_b_zkp_b/tex01.par
  Image0/data/chara/ps4/btms/c_cm_b_zkp_b/tex02.par
  Image0/data/chara/ps4/btms/c_cm_b_zkp_b/tex03.par
  Image0/data/chara/ps4/btms/c_cm_b_zkp_b/tex04.par
  Image0/data/chara/ps4/btms/c_cm_b_zkp_b/tex05.par
  Image0/data/chara/ps4/btms/c_cm_b_zks_a/mesh.par
  Image0/data/chara/ps4/btms/c_cm_b_zks_a/tex00.par
  Image0/data/chara/ps4/btms/c_cm_b_zks_a/tex01.par
  Image0/data/chara/ps4/btms/c_cm_b_zks_a/tex02.par
  Image0/data/chara/ps4/btms/c_cm_b_zks_a/tex03.par
  Image0/data/chara/ps4/btms/c_cm_b_zks_a_fat/mesh.par
  Image0/data/chara/ps4/btms/c_cm_b_zks_a_fat/tex00.par
  Image0/data/chara/ps4/btms/c_cm_b_zks_a_fat/tex01.par
  Image0/data/chara/ps4/btms/c_cm_b_zks_a_fat/tex02.par
  Image0/data/chara/ps4/btms/c_cm_b_zks_a_fat/tex03.par
  Image0/data/chara/ps4/btms/c_cm_b_zks_a_fat_gold/mesh.par
  Image0/data/chara/ps4/btms/c_cm_b_zks_a_gold/mesh.par
  Image0/data/chara/ps4/btms/c_cm_b_zky_a/mesh.par
  Image0/data/chara/ps4/btms/c_cm_b_zky_a_bd/mesh.par
  Image0/data/chara/ps4/btms/c_cm_b_zky_a_fat/mesh.par
  Image0/data/chara/ps4/btms/c_cm_b_zky_a_mus/mesh.par
  Image0/data/chara/ps4/btms/c_cm_b_zky_b/mesh.par
  Image0/data/chara/ps4/btms/c_cm_b_zky_b_bd/mesh.par
  Image0/data/chara/ps4/btms/c_cm_b_zky_b_mus/mesh.par
  Image0/data/chara/ps4/btms/c_cm_b_zsa_a/mesh.par
  Image0/data/chara/ps4/btms/c_cm_b_zsa_a/tex00.par
  Image0/data/chara/ps4/btms/c_cm_b_zsa_a/tex01.par
  Image0/data/chara/ps4/btms/c_cm_b_zsa_a/tex02.par
  Image0/data/chara/ps4/btms/c_cm_b_zsa_a/tex03.par
  Image0/data/chara/ps4/btms/c_cm_b_zsa_a_fat/mesh.par
  Image0/data/chara/ps4/btms/c_cm_b_zsa_a_fat/tex00.par
  Image0/data/chara/ps4/btms/c_cm_b_zsa_a_fat/tex01.par
  Image0/data/chara/ps4/btms/c_cm_b_zsa_a_fat/tex02.par
  Image0/data/chara/ps4/btms/c_cm_b_zsa_a_fat/tex03.par
  Image0/data/chara/ps4/btms/c_cm_b_zsa_a_mus/mesh.par
  Image0/data/chara/ps4/btms/c_cm_b_zsa_a_mus/tex00.par
  Image0/data/chara/ps4/btms/c_cm_b_zsa_a_mus/tex01.par
  Image0/data/chara/ps4/btms/c_cm_b_zsa_a_mus/tex02.par
  Image0/data/chara/ps4/btms/c_cm_b_zsa_a_mus/tex03.par
  Image0/data/chara/ps4/btms/c_cm_b_zsa_b/mesh.par
  Image0/data/chara/ps4/btms/c_cm_b_zug_a/mesh.par
  Image0/data/chara/ps4/btms/c_cm_b_zug_a/tex00.par
  Image0/data/chara/ps4/btms/c_cm_b_zug_a/tex01.par
  Image0/data/chara/ps4/btms/c_cm_b_zug_a/tex02.par
  Image0/data/chara/ps4/btms/c_cm_b_zug_a_fat/mesh.par
  Image0/data/chara/ps4/btms/c_cm_b_zug_a_fat/tex00.par
  Image0/data/chara/ps4/btms/c_cm_b_zug_a_fat/tex01.par
  Image0/data/chara/ps4/btms/c_cm_b_zug_a_fat/tex02.par
  Image0/data/chara/ps4/btms/c_cw_b_default/mesh.par
  Image0/data/chara/ps4/btms/c_cw_b_mra_a/mesh.par
  Image0/data/chara/ps4/btms/c_cw_b_mra_a/tex00.par
  Image0/data/chara/ps4/btms/c_cw_b_mra_a/tex01.par
  Image0/data/chara/ps4/btms/c_cw_b_mra_a/tex02.par
  Image0/data/chara/ps4/btms/c_cw_b_mra_a/tex03.par
  Image0/data/chara/ps4/btms/c_cw_b_mra_b/mesh.par
  Image0/data/chara/ps4/btms/c_cw_b_mra_b/tex00.par
  Image0/data/chara/ps4/btms/c_cw_b_mra_b/tex01.par
  Image0/data/chara/ps4/btms/c_cw_b_mra_b/tex02.par
  Image0/data/chara/ps4/btms/c_cw_b_mra_b/tex03.par
  Image0/data/chara/ps4/btms/c_cw_b_mra_c/mesh.par
  Image0/data/chara/ps4/btms/c_cw_b_mra_c/tex00.par
  Image0/data/chara/ps4/btms/c_cw_b_mra_c/tex01.par
  Image0/data/chara/ps4/btms/c_cw_b_mra_c/tex02.par
  Image0/data/chara/ps4/btms/c_cw_b_mra_c/tex03.par
  Image0/data/chara/ps4/btms/c_cw_b_mro_a/mesh.par
  Image0/data/chara/ps4/btms/c_cw_b_nis_a/mesh.par
  Image0/data/chara/ps4/face/c_ca_f_zsi_a/mesh.par
  Image0/data/chara/ps4/face/c_ca_f_zsi_a/tex00.par
  Image0/data/chara/ps4/face/c_ca_f_zsi_a/tex01.par
  Image0/data/chara/ps4/face/c_ch_f_nih_a/mesh.par
  Image0/data/chara/ps4/face/c_ch_f_nih_a/tex00.par
  Image0/data/chara/ps4/face/c_ch_f_nih_a/tex01.par
  Image0/data/chara/ps4/face/c_ch_f_nih_a/tex02.par
  Image0/data/chara/ps4/face/c_ch_f_nih_a/tex03.par
  Image0/data/chara/ps4/face/c_ch_f_nih_a/tex04.par
  Image0/data/chara/ps4/face/c_ch_f_nih_b/mesh.par
  Image0/data/chara/ps4/face/c_ch_f_nih_b/tex00.par
  Image0/data/chara/ps4/face/c_ch_f_nih_b/tex01.par
  Image0/data/chara/ps4/face/c_ch_f_nih_b/tex02.par
  Image0/data/chara/ps4/face/c_ch_f_nih_b/tex03.par
  Image0/data/chara/ps4/face/c_ch_f_nih_c/mesh.par
  Image0/data/chara/ps4/face/c_ch_f_nih_c/tex00.par
  Image0/data/chara/ps4/face/c_ch_f_nih_c/tex01.par
  Image0/data/chara/ps4/face/c_ch_f_nih_c/tex02.par
  Image0/data/chara/ps4/face/c_ch_f_nih_c/tex03.par
  Image0/data/chara/ps4/face/c_ch_f_nih_d/mesh.par
  Image0/data/chara/ps4/face/c_ch_f_nih_e/mesh.par
  Image0/data/chara/ps4/face/c_ch_f_nih_e/tex00.par
  Image0/data/chara/ps4/face/c_ch_f_nih_e/tex01.par
  Image0/data/chara/ps4/face/c_ch_f_nih_f/mesh.par
  Image0/data/chara/ps4/face/c_ch_f_nih_f/tex00.par
  Image0/data/chara/ps4/face/c_ch_f_nih_f/tex01.par
  Image0/data/chara/ps4/face/c_ch_f_nih_g/mesh.par
  Image0/data/chara/ps4/face/c_ch_f_nih_g/tex00.par
  Image0/data/chara/ps4/face/c_ch_f_nih_g/tex01.par
  Image0/data/chara/ps4/face/c_ch_f_nih_h/mesh.par
  Image0/data/chara/ps4/face/c_ch_f_nih_h/tex00.par
  Image0/data/chara/ps4/face/c_ch_f_nih_h/tex01.par
  Image0/data/chara/ps4/face/c_ch_f_nih_i/mesh.par
  Image0/data/chara/ps4/face/c_ch_f_nih_i/tex00.par
  Image0/data/chara/ps4/face/c_ch_f_nih_i/tex01.par
  Image0/data/chara/ps4/face/c_ch_f_nih_j/mesh.par
  Image0/data/chara/ps4/face/c_ch_f_nih_j/tex00.par
  Image0/data/chara/ps4/face/c_ch_f_nih_j/tex01.par
  Image0/data/chara/ps4/face/c_ch_f_nih_k/mesh.par
  Image0/data/chara/ps4/face/c_ch_f_nih_k/tex00.par
  Image0/data/chara/ps4/face/c_ch_f_nih_k/tex01.par
  Image0/data/chara/ps4/face/c_ch_f_nih_l/mesh.par
  Image0/data/chara/ps4/face/c_ch_f_nih_l/tex00.par
  Image0/data/chara/ps4/face/c_ch_f_nih_l/tex01.par
  Image0/data/chara/ps4/face/c_ch_f_nih_m/mesh.par
  Image0/data/chara/ps4/face/c_ch_f_nih_m/tex00.par
  Image0/data/chara/ps4/face/c_ch_f_nih_m/tex01.par
  Image0/data/chara/ps4/face/c_ch_f_nih_n/mesh.par
  Image0/data/chara/ps4/face/c_ch_f_nih_n/tex00.par
  Image0/data/chara/ps4/face/c_ch_f_nih_n/tex01.par
  Image0/data/chara/ps4/face/c_ch_f_nih_o/mesh.par
  Image0/data/chara/ps4/face/c_ch_f_nih_o/tex00.par
  Image0/data/chara/ps4/face/c_ch_f_nih_o/tex01.par
  Image0/data/chara/ps4/face/c_ch_f_nih_o/tex02.par
  Image0/data/chara/ps4/face/c_ch_f_nih_p/mesh.par
  Image0/data/chara/ps4/face/c_ch_f_nih_p/tex00.par
  Image0/data/chara/ps4/face/c_ch_f_nih_p/tex01.par
  Image0/data/chara/ps4/face/c_ch_f_nih_p/tex02.par
  Image0/data/chara/ps4/face/c_ch_f_nih_p/tex03.par
  Image0/data/chara/ps4/face/c_ch_f_nih_p/tex04.par
  Image0/data/chara/ps4/face/c_ch_f_nih_q/mesh.par
  Image0/data/chara/ps4/face/c_ch_f_nih_q/tex00.par
  Image0/data/chara/ps4/face/c_ch_f_nih_q/tex01.par
  Image0/data/chara/ps4/face/c_ch_f_nih_q/tex02.par
  Image0/data/chara/ps4/face/c_ch_f_nih_q/tex03.par
  Image0/data/chara/ps4/face/c_ch_f_nih_r/mesh.par
  Image0/data/chara/ps4/face/c_ch_f_nih_r/tex00.par
  Image0/data/chara/ps4/face/c_ch_f_nih_r/tex01.par
  Image0/data/chara/ps4/face/c_ch_f_nih_r/tex02.par
  Image0/data/chara/ps4/face/c_ch_f_pulier/face.gmt
  Image0/data/chara/ps4/face/c_ch_f_pulier/mesh.par
  Image0/data/chara/ps4/face/c_ck_f_mra_a/mesh.par
  Image0/data/chara/ps4/face/c_ck_f_mra_a/tex00.par
  Image0/data/chara/ps4/face/c_ck_f_mra_a/tex01.par
  Image0/data/chara/ps4/face/c_ck_f_mra_a/tex02.par
  Image0/data/chara/ps4/face/c_ck_f_mra_b/mesh.par
  Image0/data/chara/ps4/face/c_ck_f_mra_b/tex00.par
  Image0/data/chara/ps4/face/c_ck_f_mra_b/tex01.par
  Image0/data/chara/ps4/face/c_ck_f_mra_b/tex02.par
  Image0/data/chara/ps4/face/c_ck_f_mra_c/mesh.par
  Image0/data/chara/ps4/face/c_ck_f_mra_c/tex00.par
  Image0/data/chara/ps4/face/c_ck_f_mra_c/tex01.par
  Image0/data/chara/ps4/face/c_ck_f_mrg_a/mesh.par
  Image0/data/chara/ps4/face/c_ck_f_mrg_a/tex00.par
  Image0/data/chara/ps4/face/c_ck_f_mrg_a/tex01.par
  Image0/data/chara/ps4/face/c_ck_f_mrg_a/tex02.par
  Image0/data/chara/ps4/face/c_cm_f_10a/mesh.par
  Image0/data/chara/ps4/face/c_cm_f_bo07_bounty/mesh.par
  Image0/data/chara/ps4/face/c_cm_f_bo07_bounty/tex00.par
  Image0/data/chara/ps4/face/c_cm_f_bo07_bounty/tex01.par
  Image0/data/chara/ps4/face/c_cm_f_bo07_bounty/tex02.par
  Image0/data/chara/ps4/face/c_cm_f_bo07_bounty/tex03.par
  Image0/data/chara/ps4/face/c_cm_f_bo07_bounty/tex04.par
  Image0/data/chara/ps4/face/c_cm_f_bo07_bounty/tex05.par
  Image0/data/chara/ps4/face/c_cm_f_bo07_bounty/tex06.par
  Image0/data/chara/ps4/face/c_cm_f_bo07_bounty/tex07.par
  Image0/data/chara/ps4/face/c_cm_f_bo07_bounty/tex08.par
  Image0/data/chara/ps4/face/c_cm_f_bo07_bounty/tex09.par
  Image0/data/chara/ps4/face/c_cm_f_bo07_bounty/tex10.par
  Image0/data/chara/ps4/face/c_cm_f_bo07_bounty/tex11.par
  Image0/data/chara/ps4/face/c_cm_f_bo07_bounty/tex12.par
  Image0/data/chara/ps4/face/c_cm_f_bo07_bounty/tex13.par
  Image0/data/chara/ps4/face/c_cm_f_bo07_bounty/tex14.par
  Image0/data/chara/ps4/face/c_cm_f_bo07_bounty/tex15.par
  Image0/data/chara/ps4/face/c_cm_f_bo07_bounty/tex16.par
  Image0/data/chara/ps4/face/c_cm_f_bo07_bounty/tex17.par
  Image0/data/chara/ps4/face/c_cm_f_c00_zako01/face.gmt
  Image0/data/chara/ps4/face/c_cm_f_c00_zako01/mesh.par
  Image0/data/chara/ps4/face/c_cm_f_c00_zako02/face.gmt
  Image0/data/chara/ps4/face/c_cm_f_c00_zako02/mesh.par
  Image0/data/chara/ps4/face/c_cm_f_c00_zako03/face.gmt
  Image0/data/chara/ps4/face/c_cm_f_c00_zako03/mesh.par
  Image0/data/chara/ps4/face/c_cm_f_c01_zako05/face.gmt
  Image0/data/chara/ps4/face/c_cm_f_c01_zako05/mesh.par
  Image0/data/chara/ps4/face/c_cm_f_c01_zako05/tex00.par
  Image0/data/chara/ps4/face/c_cm_f_c01_zako05/tex01.par
  Image0/data/chara/ps4/face/c_cm_f_c02_kensi/face.gmt
  Image0/data/chara/ps4/face/c_cm_f_c02_kensi/mesh.par
  Image0/data/chara/ps4/face/c_cm_f_c02_kensi/tex00.par
  Image0/data/chara/ps4/face/c_cm_f_c02_kensi/tex01.par
  Image0/data/chara/ps4/face/c_cm_f_c02_kensi/tex02.par
  Image0/data/chara/ps4/face/c_cm_f_c02_kensi/tex03.par
  Image0/data/chara/ps4/face/c_cm_f_c02_kensi/tex04.par
  Image0/data/chara/ps4/face/c_cm_f_c02_kensi/tex05.par
  Image0/data/chara/ps4/face/c_cm_f_c02_zako06/mesh.par
  Image0/data/chara/ps4/face/c_cm_f_c02_zako06/tex00.par
  Image0/data/chara/ps4/face/c_cm_f_c02_zako06/tex01.par
  Image0/data/chara/ps4/face/c_cm_f_c02_zako06/tex02.par
  Image0/data/chara/ps4/face/c_cm_f_c02_zako06/tex03.par
  Image0/data/chara/ps4/face/c_cm_f_c02_zako06/tex04.par
  Image0/data/chara/ps4/face/c_cm_f_c02_zako06/tex05.par
  Image0/data/chara/ps4/face/c_cm_f_c02_zako06/tex06.par
  Image0/data/chara/ps4/face/c_cm_f_c02_zako06/tex07.par
  Image0/data/chara/ps4/face/c_cm_f_c02_zako06/tex08.par
  Image0/data/chara/ps4/face/c_cm_f_c02_zako06/tex09.par
  Image0/data/chara/ps4/face/c_cm_f_c02_zako06/tex10.par
  Image0/data/chara/ps4/face/c_cm_f_c02_zako06/tex11.par
  Image0/data/chara/ps4/face/c_cm_f_c02_zako06/tex12.par
  Image0/data/chara/ps4/face/c_cm_f_c02_zako06/tex13.par
  Image0/data/chara/ps4/face/c_cm_f_c02_zako06/tex14.par
  Image0/data/chara/ps4/face/c_cm_f_c02_zako06/tex15.par
  Image0/data/chara/ps4/face/c_cm_f_c02_zako06/tex16.par
  Image0/data/chara/ps4/face/c_cm_f_c02_zako06/tex17.par
  Image0/data/chara/ps4/face/c_cm_f_c02_zako06/tex18.par
  Image0/data/chara/ps4/face/c_cm_f_c02_zako06/tex19.par
  Image0/data/chara/ps4/face/c_cm_f_c02_zako06/tex20.par
  Image0/data/chara/ps4/face/c_cm_f_c02_zako07/face.gmt
  Image0/data/chara/ps4/face/c_cm_f_c02_zako07/mesh.par
  Image0/data/chara/ps4/face/c_cm_f_c04_zako09/face.gmt
  Image0/data/chara/ps4/face/c_cm_f_c04_zako09/mesh.par
  Image0/data/chara/ps4/face/c_cm_f_helma/mesh.par
  Image0/data/chara/ps4/face/c_cm_f_helma/tex00.par
  Image0/data/chara/ps4/face/c_cm_f_helma/tex01.par
  Image0/data/chara/ps4/face/c_cm_f_helma/tex02.par
  Image0/data/chara/ps4/face/c_cm_f_helma/tex03.par
  Image0/data/chara/ps4/face/c_cm_f_helma/tex04.par
  Image0/data/chara/ps4/face/c_cm_f_helma/tex05.par
  Image0/data/chara/ps4/face/c_cm_f_helma/tex06.par
  Image0/data/chara/ps4/face/c_cm_f_helma/tex07.par
  Image0/data/chara/ps4/face/c_cm_f_helma/tex08.par
  Image0/data/chara/ps4/face/c_cm_f_helma/tex09.par
  Image0/data/chara/ps4/face/c_cm_f_helma/tex10.par
  Image0/data/chara/ps4/face/c_cm_f_helma/tex11.par
  Image0/data/chara/ps4/face/c_cm_f_helma/tex12.par
  Image0/data/chara/ps4/face/c_cm_f_helma/tex13.par
  Image0/data/chara/ps4/face/c_cm_f_helma/tex14.par
  Image0/data/chara/ps4/face/c_cm_f_helma/tex15.par
  Image0/data/chara/ps4/face/c_cm_f_helma/tex16.par
  Image0/data/chara/ps4/face/c_cm_f_helma/tex17.par
  Image0/data/chara/ps4/face/c_cm_f_helma/tex18.par
  Image0/data/chara/ps4/face/c_cm_f_helma/tex19.par
  Image0/data/chara/ps4/face/c_cm_f_helma/tex20.par
  Image0/data/chara/ps4/face/c_cm_f_kib_a_sml/mesh.par
  Image0/data/chara/ps4/face/c_cm_f_kib_a_sml/tex00.par
  Image0/data/chara/ps4/face/c_cm_f_kib_a_sml/tex01.par
  Image0/data/chara/ps4/face/c_cm_f_kib_a_sml/tex02.par
  Image0/data/chara/ps4/face/c_cm_f_kib_a_sml/tex03.par
  Image0/data/chara/ps4/face/c_cm_f_mis/mesh.par
  Image0/data/chara/ps4/face/c_cm_f_mis/tex00.par
  Image0/data/chara/ps4/face/c_cm_f_mis/tex01.par
  Image0/data/chara/ps4/face/c_cm_f_mis/tex02.par
  Image0/data/chara/ps4/face/c_cm_f_mis/tex03.par
  Image0/data/chara/ps4/face/c_cm_f_mng/mesh.par
  Image0/data/chara/ps4/face/c_cm_f_mrl_a/mesh.par
  Image0/data/chara/ps4/face/c_cm_f_mrl_a/tex00.par
  Image0/data/chara/ps4/face/c_cm_f_mrl_a/tex01.par
  Image0/data/chara/ps4/face/c_cm_f_mrl_a/tex02.par
  Image0/data/chara/ps4/face/c_cm_f_mrl_b/mesh.par
  Image0/data/chara/ps4/face/c_cm_f_mrl_b/tex00.par
  Image0/data/chara/ps4/face/c_cm_f_mrl_b/tex01.par
  Image0/data/chara/ps4/face/c_cm_f_mrl_b/tex02.par
  Image0/data/chara/ps4/face/c_cm_f_mrl_c/mesh.par
  Image0/data/chara/ps4/face/c_cm_f_mrl_c/tex00.par
  Image0/data/chara/ps4/face/c_cm_f_mrl_c/tex01.par
  Image0/data/chara/ps4/face/c_cm_f_mrl_c/tex02.par
  Image0/data/chara/ps4/face/c_cm_f_mrl_c/tex03.par
  Image0/data/chara/ps4/face/c_cm_f_mrl_c/tex04.par
  Image0/data/chara/ps4/face/c_cm_f_mrl_d/mesh.par
  Image0/data/chara/ps4/face/c_cm_f_mrl_f/mesh.par
  Image0/data/chara/ps4/face/c_cm_f_mrl_f/tex00.par
  Image0/data/chara/ps4/face/c_cm_f_mrl_f/tex01.par
  Image0/data/chara/ps4/face/c_cm_f_mrl_g/mesh.par
  Image0/data/chara/ps4/face/c_cm_f_mrl_g/tex00.par
  Image0/data/chara/ps4/face/c_cm_f_mrl_g/tex01.par
  Image0/data/chara/ps4/face/c_cm_f_mrl_h/mesh.par
  Image0/data/chara/ps4/face/c_cm_f_mrl_h/tex00.par
  Image0/data/chara/ps4/face/c_cm_f_mrl_h/tex01.par
  Image0/data/chara/ps4/face/c_cm_f_mrl_h/tex02.par
  Image0/data/chara/ps4/face/c_cm_f_mrl_h/tex03.par
  Image0/data/chara/ps4/face/c_cm_f_mrl_h/tex04.par
  Image0/data/chara/ps4/face/c_cm_f_mro_a/mesh.par
  Image0/data/chara/ps4/face/c_cm_f_mro_b/mesh.par
  Image0/data/chara/ps4/face/c_cm_f_mro_b/tex00.par
  Image0/data/chara/ps4/face/c_cm_f_mro_b/tex01.par
  Image0/data/chara/ps4/face/c_cm_f_mro_b/tex02.par
  Image0/data/chara/ps4/face/c_cm_f_mro_b/tex03.par
  Image0/data/chara/ps4/face/c_cm_f_mro_c/mesh.par
  Image0/data/chara/ps4/face/c_cm_f_mro_c/tex00.par
  Image0/data/chara/ps4/face/c_cm_f_mro_c/tex01.par
  Image0/data/chara/ps4/face/c_cm_f_mro_c/tex02.par
  Image0/data/chara/ps4/face/c_cm_f_mro_c/tex03.par
  Image0/data/chara/ps4/face/c_cm_f_mro_d/mesh.par
  Image0/data/chara/ps4/face/c_cm_f_mro_d/tex00.par
  Image0/data/chara/ps4/face/c_cm_f_mro_d/tex01.par
  Image0/data/chara/ps4/face/c_cm_f_mro_d/tex02.par
  Image0/data/chara/ps4/face/c_cm_f_mro_d/tex03.par
  Image0/data/chara/ps4/face/c_cm_f_nis_a/mesh.par
  Image0/data/chara/ps4/face/c_cm_f_s63_iska/mesh.par
  Image0/data/chara/ps4/face/c_cm_f_zako_coma/mesh.par
  Image0/data/chara/ps4/face/c_cm_f_zco_a/face.gmt
  Image0/data/chara/ps4/face/c_cm_f_zco_a/mesh.par
  Image0/data/chara/ps4/face/c_cm_f_zco_a/tex00.par
  Image0/data/chara/ps4/face/c_cm_f_zco_a/tex01.par
  Image0/data/chara/ps4/face/c_cm_f_zco_a/tex02.par
  Image0/data/chara/ps4/face/c_cm_f_zco_a/tex03.par
  Image0/data/chara/ps4/face/c_cm_f_zco_a/tex04.par
  Image0/data/chara/ps4/face/c_cm_f_zco_a/tex05.par
  Image0/data/chara/ps4/face/c_cm_f_zco_a/tex06.par
  Image0/data/chara/ps4/face/c_cm_f_zco_a/tex07.par
  Image0/data/chara/ps4/face/c_cm_f_zco_a/tex08.par
  Image0/data/chara/ps4/face/c_cm_f_zco_a/tex09.par
  Image0/data/chara/ps4/face/c_cm_f_zco_a/tex10.par
  Image0/data/chara/ps4/face/c_cm_f_zco_a/tex11.par
  Image0/data/chara/ps4/face/c_cm_f_zco_a/tex12.par
  Image0/data/chara/ps4/face/c_cm_f_zco_a/tex13.par
  Image0/data/chara/ps4/face/c_cm_f_zco_a/tex14.par
  Image0/data/chara/ps4/face/c_cm_f_zco_a/tex15.par
  Image0/data/chara/ps4/face/c_cm_f_zco_a/tex16.par
  Image0/data/chara/ps4/face/c_cm_f_zco_a/tex17.par
  Image0/data/chara/ps4/face/c_cm_f_zco_a/tex18.par
  Image0/data/chara/ps4/face/c_cm_f_zco_a/tex19.par
  Image0/data/chara/ps4/face/c_cm_f_zco_a/tex20.par
  Image0/data/chara/ps4/face/c_cm_f_zco_a_fat/face.gmt
  Image0/data/chara/ps4/face/c_cm_f_zco_a_fat/mesh.par
  Image0/data/chara/ps4/face/c_cm_f_zco_a_fat/tex00.par
  Image0/data/chara/ps4/face/c_cm_f_zco_a_fat/tex01.par
  Image0/data/chara/ps4/face/c_cm_f_zco_a_fat/tex02.par
  Image0/data/chara/ps4/face/c_cm_f_zco_a_fat/tex03.par
  Image0/data/chara/ps4/face/c_cm_f_zco_a_fat/tex04.par
  Image0/data/chara/ps4/face/c_cm_f_zco_a_fat/tex05.par
  Image0/data/chara/ps4/face/c_cm_f_zco_a_fat/tex06.par
  Image0/data/chara/ps4/face/c_cm_f_zco_a_fat/tex07.par
  Image0/data/chara/ps4/face/c_cm_f_zco_a_fat/tex08.par
  Image0/data/chara/ps4/face/c_cm_f_zco_a_fat/tex09.par
  Image0/data/chara/ps4/face/c_cm_f_zco_a_fat/tex10.par
  Image0/data/chara/ps4/face/c_cm_f_zco_a_fat/tex11.par
  Image0/data/chara/ps4/face/c_cm_f_zco_a_fat/tex12.par
  Image0/data/chara/ps4/face/c_cm_f_zco_a_fat/tex13.par
  Image0/data/chara/ps4/face/c_cm_f_zco_a_fat/tex14.par
  Image0/data/chara/ps4/face/c_cm_f_zco_a_fat/tex15.par
  Image0/data/chara/ps4/face/c_cm_f_zco_a_fat/tex16.par
  Image0/data/chara/ps4/face/c_cm_f_zco_a_fat/tex17.par
  Image0/data/chara/ps4/face/c_cm_f_zco_a_fat/tex18.par
  Image0/data/chara/ps4/face/c_cm_f_zco_a_fat/tex19.par
  Image0/data/chara/ps4/face/c_cm_f_zco_a_fat/tex20.par
  Image0/data/chara/ps4/face/c_cm_f_zco_a_gold/face.gmt
  Image0/data/chara/ps4/face/c_cm_f_zco_a_gold/mesh.par
  Image0/data/chara/ps4/face/c_cm_f_zco_a_gold/tex00.par
  Image0/data/chara/ps4/face/c_cm_f_zco_a_gold/tex01.par
  Image0/data/chara/ps4/face/c_cm_f_zco_a_gold/tex02.par
  Image0/data/chara/ps4/face/c_cm_f_zco_a_gold/tex03.par
  Image0/data/chara/ps4/face/c_cm_f_zco_a_gold/tex04.par
  Image0/data/chara/ps4/face/c_cm_f_zco_a_gold/tex05.par
  Image0/data/chara/ps4/face/c_cm_f_zco_a_gold/tex06.par
  Image0/data/chara/ps4/face/c_cm_f_zco_a_gold/tex07.par
  Image0/data/chara/ps4/face/c_cm_f_zco_a_gold/tex08.par
  Image0/data/chara/ps4/face/c_cm_f_zco_a_gold/tex09.par
  Image0/data/chara/ps4/face/c_cm_f_zco_a_gold/tex10.par
  Image0/data/chara/ps4/face/c_cm_f_zco_a_gold/tex11.par
  Image0/data/chara/ps4/face/c_cm_f_zco_a_gold/tex12.par
  Image0/data/chara/ps4/face/c_cm_f_zco_a_gold/tex13.par
  Image0/data/chara/ps4/face/c_cm_f_zco_a_gold/tex14.par
  Image0/data/chara/ps4/face/c_cm_f_zco_a_gold/tex15.par
  Image0/data/chara/ps4/face/c_cm_f_zco_a_gold/tex16.par
  Image0/data/chara/ps4/face/c_cm_f_zco_a_gold/tex17.par
  Image0/data/chara/ps4/face/c_cm_f_zco_a_gold/tex18.par
  Image0/data/chara/ps4/face/c_cm_f_zco_a_gold/tex19.par
  Image0/data/chara/ps4/face/c_cm_f_zco_a_gold/tex20.par
  Image0/data/chara/ps4/face/c_cm_f_zco_a_mus/face.gmt
  Image0/data/chara/ps4/face/c_cm_f_zco_a_mus/mesh.par
  Image0/data/chara/ps4/face/c_cm_f_zco_a_mus/tex00.par
  Image0/data/chara/ps4/face/c_cm_f_zco_a_mus/tex01.par
  Image0/data/chara/ps4/face/c_cm_f_zco_a_mus/tex02.par
  Image0/data/chara/ps4/face/c_cm_f_zco_a_mus/tex03.par
  Image0/data/chara/ps4/face/c_cm_f_zco_a_mus/tex04.par
  Image0/data/chara/ps4/face/c_cm_f_zco_a_mus/tex05.par
  Image0/data/chara/ps4/face/c_cm_f_zco_a_mus/tex06.par
  Image0/data/chara/ps4/face/c_cm_f_zco_a_mus/tex07.par
  Image0/data/chara/ps4/face/c_cm_f_zco_a_mus/tex08.par
  Image0/data/chara/ps4/face/c_cm_f_zco_a_mus/tex09.par
  Image0/data/chara/ps4/face/c_cm_f_zco_a_mus/tex10.par
  Image0/data/chara/ps4/face/c_cm_f_zco_a_mus/tex11.par
  Image0/data/chara/ps4/face/c_cm_f_zco_a_mus/tex12.par
  Image0/data/chara/ps4/face/c_cm_f_zco_a_mus/tex13.par
  Image0/data/chara/ps4/face/c_cm_f_zco_a_mus/tex14.par
  Image0/data/chara/ps4/face/c_cm_f_zco_a_mus/tex15.par
  Image0/data/chara/ps4/face/c_cm_f_zco_a_mus/tex16.par
  Image0/data/chara/ps4/face/c_cm_f_zco_a_mus/tex17.par
  Image0/data/chara/ps4/face/c_cm_f_zco_a_mus/tex18.par
  Image0/data/chara/ps4/face/c_cm_f_zco_a_mus/tex19.par
  Image0/data/chara/ps4/face/c_cm_f_zco_a_mus/tex20.par
  Image0/data/chara/ps4/face/c_cm_f_zco_b/mesh.par
  Image0/data/chara/ps4/face/c_cm_f_zco_b/tex00.par
  Image0/data/chara/ps4/face/c_cm_f_zco_b/tex01.par
  Image0/data/chara/ps4/face/c_cm_f_zco_b/tex02.par
  Image0/data/chara/ps4/face/c_cm_f_zco_b/tex03.par
  Image0/data/chara/ps4/face/c_cm_f_zco_b/tex04.par
  Image0/data/chara/ps4/face/c_cm_f_zco_b/tex05.par
  Image0/data/chara/ps4/face/c_cm_f_zco_b/tex06.par
  Image0/data/chara/ps4/face/c_cm_f_zco_b/tex07.par
  Image0/data/chara/ps4/face/c_cm_f_zco_b/tex08.par
  Image0/data/chara/ps4/face/c_cm_f_zco_b/tex09.par
  Image0/data/chara/ps4/face/c_cm_f_zco_b/tex10.par
  Image0/data/chara/ps4/face/c_cm_f_zco_b/tex11.par
  Image0/data/chara/ps4/face/c_cm_f_zco_b/tex12.par
  Image0/data/chara/ps4/face/c_cm_f_zco_b/tex13.par
  Image0/data/chara/ps4/face/c_cm_f_zco_b/tex14.par
  Image0/data/chara/ps4/face/c_cm_f_zco_b/tex15.par
  Image0/data/chara/ps4/face/c_cm_f_zco_b/tex16.par
  Image0/data/chara/ps4/face/c_cm_f_zco_b/tex17.par
  Image0/data/chara/ps4/face/c_cm_f_zco_b_fat/mesh.par
  Image0/data/chara/ps4/face/c_cm_f_zco_c/mesh.par
  Image0/data/chara/ps4/face/c_cm_f_zco_c/tex00.par
  Image0/data/chara/ps4/face/c_cm_f_zco_c/tex01.par
  Image0/data/chara/ps4/face/c_cm_f_zco_c/tex02.par
  Image0/data/chara/ps4/face/c_cm_f_zco_c/tex03.par
  Image0/data/chara/ps4/face/c_cm_f_zco_c/tex04.par
  Image0/data/chara/ps4/face/c_cm_f_zco_c/tex05.par
  Image0/data/chara/ps4/face/c_cm_f_zco_c/tex06.par
  Image0/data/chara/ps4/face/c_cm_f_zco_c/tex07.par
  Image0/data/chara/ps4/face/c_cm_f_zco_c/tex08.par
  Image0/data/chara/ps4/face/c_cm_f_zco_c/tex09.par
  Image0/data/chara/ps4/face/c_cm_f_zco_c/tex10.par
  Image0/data/chara/ps4/face/c_cm_f_zco_c/tex11.par
  Image0/data/chara/ps4/face/c_cm_f_zco_c/tex12.par
  Image0/data/chara/ps4/face/c_cm_f_zco_c/tex13.par
  Image0/data/chara/ps4/face/c_cm_f_zco_c/tex14.par
  Image0/data/chara/ps4/face/c_cm_f_zco_c/tex15.par
  Image0/data/chara/ps4/face/c_cm_f_zco_c/tex16.par
  Image0/data/chara/ps4/face/c_cm_f_zco_c/tex17.par
  Image0/data/chara/ps4/face/c_cm_f_zco_c/tex18.par
  Image0/data/chara/ps4/face/c_cm_f_zco_c/tex19.par
  Image0/data/chara/ps4/face/c_cm_f_zco_c/tex20.par
  Image0/data/chara/ps4/face/c_cm_f_zco_e/mesh.par
  Image0/data/chara/ps4/face/c_cm_f_zco_e/tex00.par
  Image0/data/chara/ps4/face/c_cm_f_zco_e/tex01.par
  Image0/data/chara/ps4/face/c_cm_f_zco_e/tex02.par
  Image0/data/chara/ps4/face/c_cm_f_zco_e/tex03.par
  Image0/data/chara/ps4/face/c_cm_f_zco_e/tex04.par
  Image0/data/chara/ps4/face/c_cm_f_zco_e/tex05.par
  Image0/data/chara/ps4/face/c_cm_f_zco_e/tex06.par
  Image0/data/chara/ps4/face/c_cm_f_zco_e/tex07.par
  Image0/data/chara/ps4/face/c_cm_f_zco_e/tex08.par
  Image0/data/chara/ps4/face/c_cm_f_zco_e/tex09.par
  Image0/data/chara/ps4/face/c_cm_f_zco_e/tex10.par
  Image0/data/chara/ps4/face/c_cm_f_zco_e/tex11.par
  Image0/data/chara/ps4/face/c_cm_f_zco_e/tex12.par
  Image0/data/chara/ps4/face/c_cm_f_zco_e/tex13.par
  Image0/data/chara/ps4/face/c_cm_f_zco_e/tex14.par
  Image0/data/chara/ps4/face/c_cm_f_zco_e/tex15.par
  Image0/data/chara/ps4/face/c_cm_f_zco_e/tex16.par
  Image0/data/chara/ps4/face/c_cm_f_zco_e/tex17.par
  Image0/data/chara/ps4/face/c_cm_f_zco_e/tex18.par
  Image0/data/chara/ps4/face/c_cm_f_zco_e/tex19.par
  Image0/data/chara/ps4/face/c_cm_f_zco_e/tex20.par
  Image0/data/chara/ps4/face/c_cm_f_zco_mask/mesh.par
  Image0/data/chara/ps4/face/c_cm_f_zco_mask/tex00.par
  Image0/data/chara/ps4/face/c_cm_f_zco_mask/tex01.par
  Image0/data/chara/ps4/face/c_cm_f_zco_mask/tex02.par
  Image0/data/chara/ps4/face/c_cm_f_zco_mask/tex03.par
  Image0/data/chara/ps4/face/c_cm_f_zco_mask/tex04.par
  Image0/data/chara/ps4/face/c_cm_f_zco_mask/tex05.par
  Image0/data/chara/ps4/face/c_cm_f_zco_mask/tex06.par
  Image0/data/chara/ps4/face/c_cm_f_zco_mask/tex07.par
  Image0/data/chara/ps4/face/c_cm_f_zco_mask/tex08.par
  Image0/data/chara/ps4/face/c_cm_f_zco_mask/tex09.par
  Image0/data/chara/ps4/face/c_cm_f_zco_mask/tex10.par
  Image0/data/chara/ps4/face/c_cm_f_zco_mask/tex11.par
  Image0/data/chara/ps4/face/c_cm_f_zco_mask/tex12.par
  Image0/data/chara/ps4/face/c_cm_f_zco_mask/tex13.par
  Image0/data/chara/ps4/face/c_cm_f_zco_mask/tex14.par
  Image0/data/chara/ps4/face/c_cm_f_zco_mask/tex15.par
  Image0/data/chara/ps4/face/c_cm_f_zco_mask/tex16.par
  Image0/data/chara/ps4/face/c_cm_f_zco_mask/tex17.par
  Image0/data/chara/ps4/face/c_cm_f_zco_mask/tex18.par
  Image0/data/chara/ps4/face/c_cm_f_zco_mask/tex19.par
  Image0/data/chara/ps4/face/c_cm_f_zco_mask/tex20.par
  Image0/data/chara/ps4/face/c_cm_f_zco_mask_fat/mesh.par
  Image0/data/chara/ps4/face/c_cm_f_zco_mask_fat/tex00.par
  Image0/data/chara/ps4/face/c_cm_f_zco_mask_fat/tex01.par
  Image0/data/chara/ps4/face/c_cm_f_zco_mask_fat/tex02.par
  Image0/data/chara/ps4/face/c_cm_f_zco_mask_fat/tex03.par
  Image0/data/chara/ps4/face/c_cm_f_zco_mask_fat/tex04.par
  Image0/data/chara/ps4/face/c_cm_f_zco_mask_fat/tex05.par
  Image0/data/chara/ps4/face/c_cm_f_zco_mask_fat/tex06.par
  Image0/data/chara/ps4/face/c_cm_f_zco_mask_fat/tex07.par
  Image0/data/chara/ps4/face/c_cm_f_zco_mask_fat/tex08.par
  Image0/data/chara/ps4/face/c_cm_f_zco_mask_fat/tex09.par
  Image0/data/chara/ps4/face/c_cm_f_zco_mask_fat/tex10.par
  Image0/data/chara/ps4/face/c_cm_f_zco_mask_fat/tex11.par
  Image0/data/chara/ps4/face/c_cm_f_zco_mask_fat/tex12.par
  Image0/data/chara/ps4/face/c_cm_f_zco_mask_fat/tex13.par
  Image0/data/chara/ps4/face/c_cm_f_zco_mask_fat/tex14.par
  Image0/data/chara/ps4/face/c_cm_f_zco_mask_fat/tex15.par
  Image0/data/chara/ps4/face/c_cm_f_zco_mask_fat/tex16.par
  Image0/data/chara/ps4/face/c_cm_f_zco_mask_fat/tex17.par
  Image0/data/chara/ps4/face/c_cm_f_zco_mask_fat/tex18.par
  Image0/data/chara/ps4/face/c_cm_f_zco_mask_fat/tex19.par
  Image0/data/chara/ps4/face/c_cm_f_zco_mask_fat/tex20.par
  Image0/data/chara/ps4/face/c_cm_f_zco_mask_mus/mesh.par
  Image0/data/chara/ps4/face/c_cm_f_zco_mask_mus/tex00.par
  Image0/data/chara/ps4/face/c_cm_f_zco_mask_mus/tex01.par
  Image0/data/chara/ps4/face/c_cm_f_zco_mask_mus/tex02.par
  Image0/data/chara/ps4/face/c_cm_f_zco_mask_mus/tex03.par
  Image0/data/chara/ps4/face/c_cm_f_zco_mask_mus/tex04.par
  Image0/data/chara/ps4/face/c_cm_f_zco_mask_mus/tex05.par
  Image0/data/chara/ps4/face/c_cm_f_zco_mask_mus/tex06.par
  Image0/data/chara/ps4/face/c_cm_f_zco_mask_mus/tex07.par
  Image0/data/chara/ps4/face/c_cm_f_zco_mask_mus/tex08.par
  Image0/data/chara/ps4/face/c_cm_f_zco_mask_mus/tex09.par
  Image0/data/chara/ps4/face/c_cm_f_zco_mask_mus/tex10.par
  Image0/data/chara/ps4/face/c_cm_f_zco_mask_mus/tex11.par
  Image0/data/chara/ps4/face/c_cm_f_zco_mask_mus/tex12.par
  Image0/data/chara/ps4/face/c_cm_f_zco_mask_mus/tex13.par
  Image0/data/chara/ps4/face/c_cm_f_zco_mask_mus/tex14.par
  Image0/data/chara/ps4/face/c_cm_f_zco_mask_mus/tex15.par
  Image0/data/chara/ps4/face/c_cm_f_zco_mask_mus/tex16.par
  Image0/data/chara/ps4/face/c_cm_f_zco_mask_mus/tex17.par
  Image0/data/chara/ps4/face/c_cm_f_zco_mask_mus/tex18.par
  Image0/data/chara/ps4/face/c_cm_f_zco_mask_mus/tex19.par
  Image0/data/chara/ps4/face/c_cm_f_zco_mask_mus/tex20.par
  Image0/data/chara/ps4/face/c_cm_f_zco_mask_sml/mesh.par
  Image0/data/chara/ps4/face/c_cm_f_zco_mask_sml/tex00.par
  Image0/data/chara/ps4/face/c_cm_f_zco_mask_sml/tex01.par
  Image0/data/chara/ps4/face/c_cm_f_zco_mask_sml/tex02.par
  Image0/data/chara/ps4/face/c_cm_f_zco_mask_sml/tex03.par
  Image0/data/chara/ps4/face/c_cm_f_zjg_a/mesh.par
  Image0/data/chara/ps4/face/c_cm_f_zjg_a/tex00.par
  Image0/data/chara/ps4/face/c_cm_f_zjg_a/tex01.par
  Image0/data/chara/ps4/face/c_cm_f_zjg_a_mus/mesh.par
  Image0/data/chara/ps4/face/c_cm_f_zjg_a_mus/tex00.par
  Image0/data/chara/ps4/face/c_cm_f_zjg_a_mus/tex01.par
  Image0/data/chara/ps4/face/c_cm_f_zkp_a/mesh.par
  Image0/data/chara/ps4/face/c_cm_f_zkp_a/tex00.par
  Image0/data/chara/ps4/face/c_cm_f_zkp_a/tex01.par
  Image0/data/chara/ps4/face/c_cm_f_zkp_a/tex02.par
  Image0/data/chara/ps4/face/c_cm_f_zkp_a/tex03.par
  Image0/data/chara/ps4/face/c_cm_f_zkp_a/tex04.par
  Image0/data/chara/ps4/face/c_cm_f_zkp_a/tex05.par
  Image0/data/chara/ps4/face/c_cm_f_zks_a/mesh.par
  Image0/data/chara/ps4/face/c_cm_f_zks_a/tex00.par
  Image0/data/chara/ps4/face/c_cm_f_zks_a/tex01.par
  Image0/data/chara/ps4/face/c_cm_f_zks_a/tex02.par
  Image0/data/chara/ps4/face/c_cm_f_zks_a/tex03.par
  Image0/data/chara/ps4/face/c_cm_f_zks_a/tex04.par
  Image0/data/chara/ps4/face/c_cm_f_zks_a/tex05.par
  Image0/data/chara/ps4/face/c_cm_f_zks_a/tex06.par
  Image0/data/chara/ps4/face/c_cm_f_zks_a/tex07.par
  Image0/data/chara/ps4/face/c_cm_f_zks_a/tex08.par
  Image0/data/chara/ps4/face/c_cm_f_zks_a/tex09.par
  Image0/data/chara/ps4/face/c_cm_f_zks_a/tex10.par
  Image0/data/chara/ps4/face/c_cm_f_zks_a/tex11.par
  Image0/data/chara/ps4/face/c_cm_f_zks_a/tex12.par
  Image0/data/chara/ps4/face/c_cm_f_zks_a/tex13.par
  Image0/data/chara/ps4/face/c_cm_f_zks_a/tex14.par
  Image0/data/chara/ps4/face/c_cm_f_zks_a/tex15.par
  Image0/data/chara/ps4/face/c_cm_f_zks_a/tex16.par
  Image0/data/chara/ps4/face/c_cm_f_zks_a/tex17.par
  Image0/data/chara/ps4/face/c_cm_f_zks_a/tex18.par
  Image0/data/chara/ps4/face/c_cm_f_zks_a/tex19.par
  Image0/data/chara/ps4/face/c_cm_f_zks_a/tex20.par
  Image0/data/chara/ps4/face/c_cm_f_zks_a_fat/mesh.par
  Image0/data/chara/ps4/face/c_cm_f_zto_01/mesh.par
  Image0/data/chara/ps4/face/c_cm_f_zto_01/tex00.par
  Image0/data/chara/ps4/face/c_cm_f_zto_01/tex01.par
  Image0/data/chara/ps4/face/c_cm_f_zto_01/tex02.par
  Image0/data/chara/ps4/face/c_cm_f_zto_01/tex03.par
  Image0/data/chara/ps4/face/c_cm_f_zto_01/tex04.par
  Image0/data/chara/ps4/face/c_cm_f_zto_01/tex05.par
  Image0/data/chara/ps4/face/c_cm_f_zto_01/tex06.par
  Image0/data/chara/ps4/face/c_cm_f_zto_01/tex07.par
  Image0/data/chara/ps4/face/c_cm_f_zto_01/tex08.par
  Image0/data/chara/ps4/face/c_cm_f_zto_01/tex09.par
  Image0/data/chara/ps4/face/c_cm_f_zto_01/tex10.par
  Image0/data/chara/ps4/face/c_cm_f_zto_01/tex11.par
  Image0/data/chara/ps4/face/c_cm_f_zto_01/tex12.par
  Image0/data/chara/ps4/face/c_cm_f_zto_01/tex13.par
  Image0/data/chara/ps4/face/c_cm_f_zto_01/tex14.par
  Image0/data/chara/ps4/face/c_cm_f_zto_01/tex15.par
  Image0/data/chara/ps4/face/c_cm_f_zto_01/tex16.par
  Image0/data/chara/ps4/face/c_cm_f_zto_01/tex17.par
  Image0/data/chara/ps4/face/c_cm_f_zto_02/mesh.par
  Image0/data/chara/ps4/face/c_cm_f_zto_02/tex00.par
  Image0/data/chara/ps4/face/c_cm_f_zto_02/tex01.par
  Image0/data/chara/ps4/face/c_cm_f_zto_02/tex02.par
  Image0/data/chara/ps4/face/c_cm_f_zto_02/tex03.par
  Image0/data/chara/ps4/face/c_cm_f_zto_02/tex04.par
  Image0/data/chara/ps4/face/c_cm_f_zto_02/tex05.par
  Image0/data/chara/ps4/face/c_cm_f_zto_02/tex06.par
  Image0/data/chara/ps4/face/c_cm_f_zto_02/tex07.par
  Image0/data/chara/ps4/face/c_cm_f_zto_02/tex08.par
  Image0/data/chara/ps4/face/c_cm_f_zto_02/tex09.par
  Image0/data/chara/ps4/face/c_cm_f_zto_02/tex10.par
  Image0/data/chara/ps4/face/c_cm_f_zto_02/tex11.par
  Image0/data/chara/ps4/face/c_cm_f_zto_02/tex12.par
  Image0/data/chara/ps4/face/c_cm_f_zto_02/tex13.par
  Image0/data/chara/ps4/face/c_cm_f_zto_02/tex14.par
  Image0/data/chara/ps4/face/c_cm_f_zto_02/tex15.par
  Image0/data/chara/ps4/face/c_cm_f_zto_02/tex16.par
  Image0/data/chara/ps4/face/c_cm_f_zto_02/tex17.par
  Image0/data/chara/ps4/face/c_cm_f_zto_02/tex18.par
  Image0/data/chara/ps4/face/c_cm_f_zto_02/tex19.par
  Image0/data/chara/ps4/face/c_cm_f_zto_02/tex20.par
  Image0/data/chara/ps4/face/c_cm_f_zto_03/mesh.par
  Image0/data/chara/ps4/face/c_cm_f_zto_03/tex00.par
  Image0/data/chara/ps4/face/c_cm_f_zto_03/tex01.par
  Image0/data/chara/ps4/face/c_cm_f_zto_03/tex02.par
  Image0/data/chara/ps4/face/c_cm_f_zto_03/tex03.par
  Image0/data/chara/ps4/face/c_cm_f_zto_03/tex04.par
  Image0/data/chara/ps4/face/c_cm_f_zto_03/tex05.par
  Image0/data/chara/ps4/face/c_cm_f_zto_03/tex06.par
  Image0/data/chara/ps4/face/c_cm_f_zto_03/tex07.par
  Image0/data/chara/ps4/face/c_cm_f_zto_03/tex08.par
  Image0/data/chara/ps4/face/c_cm_f_zto_03/tex09.par
  Image0/data/chara/ps4/face/c_cm_f_zto_03/tex10.par
  Image0/data/chara/ps4/face/c_cm_f_zto_03/tex11.par
  Image0/data/chara/ps4/face/c_cm_f_zto_03/tex12.par
  Image0/data/chara/ps4/face/c_cm_f_zto_03/tex13.par
  Image0/data/chara/ps4/face/c_cm_f_zto_03/tex14.par
  Image0/data/chara/ps4/face/c_cm_f_zto_03/tex15.par
  Image0/data/chara/ps4/face/c_cm_f_zto_03/tex16.par
  Image0/data/chara/ps4/face/c_cm_f_zto_03/tex17.par
  Image0/data/chara/ps4/face/c_cm_f_zto_03/tex18.par
  Image0/data/chara/ps4/face/c_cm_f_zto_03/tex19.par
  Image0/data/chara/ps4/face/c_cm_f_zto_03/tex20.par
  Image0/data/chara/ps4/face/c_cm_f_zto_05/mesh.par
  Image0/data/chara/ps4/face/c_cm_f_zto_05/tex00.par
  Image0/data/chara/ps4/face/c_cm_f_zto_05/tex01.par
  Image0/data/chara/ps4/face/c_cm_f_zug_a/mesh.par
  Image0/data/chara/ps4/face/c_cm_f_zug_a/tex00.par
  Image0/data/chara/ps4/face/c_cm_f_zug_a/tex01.par
  Image0/data/chara/ps4/face/c_cm_f_zug_a/tex02.par
  Image0/data/chara/ps4/face/c_cm_f_zug_a/tex03.par
  Image0/data/chara/ps4/face/c_cm_f_zug_a/tex04.par
  Image0/data/chara/ps4/face/c_cm_f_zug_a_fat/mesh.par
  Image0/data/chara/ps4/face/c_cm_f_zug_a_fat/tex00.par
  Image0/data/chara/ps4/face/c_cm_f_zug_a_fat/tex01.par
  Image0/data/chara/ps4/face/c_cm_f_zug_a_fat/tex02.par
  Image0/data/chara/ps4/face/c_cm_f_zug_a_fat/tex03.par
  Image0/data/chara/ps4/face/c_cm_f_zug_a_fat/tex04.par
  Image0/data/chara/ps4/face/c_cm_f_zug_a_fat/tex05.par
  Image0/data/chara/ps4/face/c_cm_f_zug_a_fat/tex06.par
  Image0/data/chara/ps4/face/c_cm_f_zug_a_fat/tex07.par
  Image0/data/chara/ps4/face/c_cm_f_zug_a_fat/tex08.par
  Image0/data/chara/ps4/face/c_cm_f_zug_a_fat/tex09.par
  Image0/data/chara/ps4/face/c_cm_f_zug_a_fat/tex10.par
  Image0/data/chara/ps4/face/c_cm_f_zug_a_fat/tex11.par
  Image0/data/chara/ps4/face/c_cm_f_zug_a_fat/tex12.par
  Image0/data/chara/ps4/face/c_cm_f_zug_a_fat/tex13.par
  Image0/data/chara/ps4/face/c_cm_f_zug_a_fat/tex14.par
  Image0/data/chara/ps4/face/c_cm_f_zug_a_fat/tex15.par
  Image0/data/chara/ps4/face/c_cm_f_zug_a_fat/tex16.par
  Image0/data/chara/ps4/face/c_cm_f_zug_a_fat/tex17.par
  Image0/data/chara/ps4/face/c_cm_f_zug_a_fat/tex18.par
  Image0/data/chara/ps4/face/c_cm_f_zug_a_fat/tex19.par
  Image0/data/chara/ps4/face/c_cm_f_zug_a_fat/tex20.par
  Image0/data/chara/ps4/face/c_cw_f_20a/mesh.par
  Image0/data/chara/ps4/face/c_cw_f_ksj_a/mesh.par
  Image0/data/chara/ps4/face/c_cw_f_ksj_b/mesh.par
  Image0/data/chara/ps4/face/c_cw_f_ksj_b/tex00.par
  Image0/data/chara/ps4/face/c_cw_f_ksj_b/tex01.par
  Image0/data/chara/ps4/face/c_cw_f_mra_a/mesh.par
  Image0/data/chara/ps4/face/c_cw_f_mra_a/tex00.par
  Image0/data/chara/ps4/face/c_cw_f_mra_a/tex01.par
  Image0/data/chara/ps4/face/c_cw_f_mra_a/tex02.par
  Image0/data/chara/ps4/face/c_cw_f_mra_a/tex03.par
  Image0/data/chara/ps4/face/c_cw_f_mra_a/tex04.par
  Image0/data/chara/ps4/face/c_cw_f_mra_b/mesh.par
  Image0/data/chara/ps4/face/c_cw_f_mra_b/tex00.par
  Image0/data/chara/ps4/face/c_cw_f_mra_b/tex01.par
  Image0/data/chara/ps4/face/c_cw_f_mro_a/mesh.par
  Image0/data/chara/ps4/face/c_cw_f_s30_mao/mesh.par
  Image0/data/chara/ps4/hair/c_ca_h_khelm_a/mesh.par
  Image0/data/chara/ps4/hair/c_ch_h_nih_a/mesh.par
  Image0/data/chara/ps4/hair/c_ch_h_nih_a/tex00.par
  Image0/data/chara/ps4/hair/c_ch_h_nih_a/tex01.par
  Image0/data/chara/ps4/hair/c_ch_h_nih_a/tex02.par
  Image0/data/chara/ps4/hair/c_ch_h_nih_b/mesh.par
  Image0/data/chara/ps4/hair/c_ch_h_nih_c/mesh.par
  Image0/data/chara/ps4/hair/c_ch_h_nih_com/mesh.par
  Image0/data/chara/ps4/hair/c_ch_h_nih_d/mesh.par
  Image0/data/chara/ps4/hair/c_ch_h_nih_e/mesh.par
  Image0/data/chara/ps4/hair/c_ch_h_nih_f/mesh.par
  Image0/data/chara/ps4/hair/c_ch_h_nih_f_mr/mesh.par
  Image0/data/chara/ps4/hair/c_ch_h_nih_g/mesh.par
  Image0/data/chara/ps4/hair/c_ch_h_nih_g_mr/mesh.par
  Image0/data/chara/ps4/hair/c_ch_h_nih_h/mesh.par
  Image0/data/chara/ps4/hair/c_ch_h_nih_i/mesh.par
  Image0/data/chara/ps4/hair/c_ch_h_nih_j/mesh.par
  Image0/data/chara/ps4/hair/c_ch_h_nih_k/mesh.par
  Image0/data/chara/ps4/hair/c_ch_h_nih_l/mesh.par
  Image0/data/chara/ps4/hair/c_ch_h_nih_m/mesh.par
  Image0/data/chara/ps4/hair/c_ch_h_nih_n/mesh.par
  Image0/data/chara/ps4/hair/c_ch_h_nih_o/mesh.par
  Image0/data/chara/ps4/hair/c_ch_h_nih_o_mr/mesh.par
  Image0/data/chara/ps4/hair/c_ch_h_nih_p/mesh.par
  Image0/data/chara/ps4/hair/c_ch_h_nih_q/mesh.par
  Image0/data/chara/ps4/hair/c_ch_h_nih_q_mr/mesh.par
  Image0/data/chara/ps4/hair/c_ch_h_nih_r/mesh.par
  Image0/data/chara/ps4/hair/c_ch_h_nih_s/mesh.par
  Image0/data/chara/ps4/hair/c_ck_h_mra_a/mesh.par
  Image0/data/chara/ps4/hair/c_ck_h_mra_a/tex00.par
  Image0/data/chara/ps4/hair/c_ck_h_mra_a/tex01.par
  Image0/data/chara/ps4/hair/c_ck_h_mra_a/tex02.par
  Image0/data/chara/ps4/hair/c_ck_h_mra_a/tex03.par
  Image0/data/chara/ps4/hair/c_ck_h_mra_b/mesh.par
  Image0/data/chara/ps4/hair/c_ck_h_mra_b/tex00.par
  Image0/data/chara/ps4/hair/c_ck_h_mra_b/tex01.par
  Image0/data/chara/ps4/hair/c_ck_h_mra_b/tex02.par
  Image0/data/chara/ps4/hair/c_ck_h_mra_b/tex03.par
  Image0/data/chara/ps4/hair/c_ck_h_mrg_a/mesh.par
  Image0/data/chara/ps4/hair/c_ck_h_mrg_a/tex00.par
  Image0/data/chara/ps4/hair/c_ck_h_mrg_a/tex01.par
  Image0/data/chara/ps4/hair/c_ck_h_mrg_a/tex02.par
  Image0/data/chara/ps4/hair/c_ck_h_mrg_a/tex03.par
  Image0/data/chara/ps4/hair/c_ck_h_mrg_b/mesh.par
  Image0/data/chara/ps4/hair/c_ck_h_mrg_c/mesh.par
  Image0/data/chara/ps4/hair/c_cm_h_c04_zako09/face.gmt
  Image0/data/chara/ps4/hair/c_cm_h_c04_zako09/mesh.par
  Image0/data/chara/ps4/hair/c_cm_h_ehi/mesh.par
  Image0/data/chara/ps4/hair/c_cm_h_kib_a_sml/mesh.par
  Image0/data/chara/ps4/hair/c_cm_h_kib_a_sml/tex00.par
  Image0/data/chara/ps4/hair/c_cm_h_kib_a_sml/tex01.par
  Image0/data/chara/ps4/hair/c_cm_h_kib_a_sml/tex02.par
  Image0/data/chara/ps4/hair/c_cm_h_kib_a_sml/tex03.par
  Image0/data/chara/ps4/hair/c_cm_h_kib_a_sml/tex04.par
  Image0/data/chara/ps4/hair/c_cm_h_kib_b_sml/mesh.par
  Image0/data/chara/ps4/hair/c_cm_h_longa/mesh.par
  Image0/data/chara/ps4/hair/c_cm_h_mis/mesh.par
  Image0/data/chara/ps4/hair/c_cm_h_mng/mesh.par
  Image0/data/chara/ps4/hair/c_cm_h_mohicana/mesh.par
  Image0/data/chara/ps4/hair/c_cm_h_mohicana/tex00.par
  Image0/data/chara/ps4/hair/c_cm_h_mohicana/tex01.par
  Image0/data/chara/ps4/hair/c_cm_h_mohicana/tex02.par
  Image0/data/chara/ps4/hair/c_cm_h_mohicana/tex03.par
  Image0/data/chara/ps4/hair/c_cm_h_mohicana/tex04.par
  Image0/data/chara/ps4/hair/c_cm_h_mohicana/tex05.par
  Image0/data/chara/ps4/hair/c_cm_h_mohicanb/mesh.par
  Image0/data/chara/ps4/hair/c_cm_h_mohicanc/mesh.par
  Image0/data/chara/ps4/hair/c_cm_h_mrl_c/mesh.par
  Image0/data/chara/ps4/hair/c_cm_h_mrl_c/tex00.par
  Image0/data/chara/ps4/hair/c_cm_h_mrl_c/tex01.par
  Image0/data/chara/ps4/hair/c_cm_h_mrl_c/tex02.par
  Image0/data/chara/ps4/hair/c_cm_h_mrl_d/mesh.par
  Image0/data/chara/ps4/hair/c_cm_h_mrl_f/mesh.par
  Image0/data/chara/ps4/hair/c_cm_h_mrl_g/mesh.par
  Image0/data/chara/ps4/hair/c_cm_h_mrl_h/mesh.par
  Image0/data/chara/ps4/hair/c_cm_h_mrl_i/mesh.par
  Image0/data/chara/ps4/hair/c_cm_h_mro_a/mesh.par
  Image0/data/chara/ps4/hair/c_cm_h_mro_b/mesh.par
  Image0/data/chara/ps4/hair/c_cm_h_mro_c/mesh.par
  Image0/data/chara/ps4/hair/c_cm_h_murshorta/mesh.par
  Image0/data/chara/ps4/hair/c_cm_h_nis_a/mesh.par
  Image0/data/chara/ps4/hair/c_cm_h_s63_iska/mesh.par
  Image0/data/chara/ps4/hair/c_cm_h_turbana/mesh.par
  Image0/data/chara/ps4/hair/c_cm_h_turbanb/mesh.par
  Image0/data/chara/ps4/hair/c_cm_h_turbanb/tex00.par
  Image0/data/chara/ps4/hair/c_cm_h_turbanb/tex01.par
  Image0/data/chara/ps4/hair/c_cm_h_turbanb/tex02.par
  Image0/data/chara/ps4/hair/c_cm_h_turbanb/tex03.par
  Image0/data/chara/ps4/hair/c_cm_h_zaklong_a/mesh.par
  Image0/data/chara/ps4/hair/c_cm_h_zkc_a/mesh.par
  Image0/data/chara/ps4/hair/c_cm_h_zkc_b/mesh.par
  Image0/data/chara/ps4/hair/c_cm_h_zkp_a/mesh.par
  Image0/data/chara/ps4/hair/c_cm_h_zks_a/mesh.par
  Image0/data/chara/ps4/hair/c_cm_h_zks_a/tex00.par
  Image0/data/chara/ps4/hair/c_cm_h_zks_a/tex01.par
  Image0/data/chara/ps4/hair/c_cm_h_zks_a/tex02.par
  Image0/data/chara/ps4/hair/c_cm_h_zks_a/tex03.par
  Image0/data/chara/ps4/hair/c_cm_h_zks_a/tex04.par
  Image0/data/chara/ps4/hair/c_cm_h_zks_a_fat/mesh.par
  Image0/data/chara/ps4/hair/c_cm_h_zks_a_fat/tex00.par
  Image0/data/chara/ps4/hair/c_cm_h_zks_a_fat/tex01.par
  Image0/data/chara/ps4/hair/c_cm_h_zks_a_fat/tex02.par
  Image0/data/chara/ps4/hair/c_cm_h_zks_a_fat/tex03.par
  Image0/data/chara/ps4/hair/c_cm_h_zks_a_fat/tex04.par
  Image0/data/chara/ps4/hair/c_cm_h_zks_a_fat_gold/mesh.par
  Image0/data/chara/ps4/hair/c_cm_h_zks_a_gold/mesh.par
  Image0/data/chara/ps4/hair/c_cm_h_zsa_a/mesh.par
  Image0/data/chara/ps4/hair/c_cm_h_zsa_a/tex00.par
  Image0/data/chara/ps4/hair/c_cm_h_zsa_a/tex01.par
  Image0/data/chara/ps4/hair/c_cm_h_zsa_a/tex02.par
  Image0/data/chara/ps4/hair/c_cm_h_zsa_a/tex03.par
  Image0/data/chara/ps4/hair/c_cm_h_zsa_b/mesh.par
  Image0/data/chara/ps4/hair/c_cm_h_zsa_b/tex00.par
  Image0/data/chara/ps4/hair/c_cm_h_zsa_b/tex01.par
  Image0/data/chara/ps4/hair/c_cm_h_zto_05/mesh.par
  Image0/data/chara/ps4/hair/c_cm_h_zto_06/mesh.par
  Image0/data/chara/ps4/hair/c_cm_h_zug_a/mesh.par
  Image0/data/chara/ps4/hair/c_cm_h_zug_a/tex00.par
  Image0/data/chara/ps4/hair/c_cm_h_zug_a/tex01.par
  Image0/data/chara/ps4/hair/c_cm_h_zug_a/tex02.par
  Image0/data/chara/ps4/hair/c_cm_h_zug_a_fat/mesh.par
  Image0/data/chara/ps4/hair/c_cm_h_zug_a_fat/tex00.par
  Image0/data/chara/ps4/hair/c_cm_h_zug_a_fat/tex01.par
  Image0/data/chara/ps4/hair/c_cm_h_zug_a_fat/tex02.par
  Image0/data/chara/ps4/hair/c_cw_h_mra_a/mesh.par
  Image0/data/chara/ps4/hair/c_cw_h_mra_b/mesh.par
  Image0/data/chara/ps4/hair/c_cw_h_mra_c/mesh.par
  Image0/data/chara/ps4/hair/c_cw_h_mro_a/mesh.par
  Image0/data/chara/ps4/hair/c_cw_h_s30_mao/mesh.par
  Image0/data/chara/ps4/tops/c_ca_t_zsi_a/mesh.par
  Image0/data/chara/ps4/tops/c_ch_t_mra_a/mesh.par
  Image0/data/chara/ps4/tops/c_ch_t_mra_a/tex00.par
  Image0/data/chara/ps4/tops/c_ch_t_mra_a/tex01.par
  Image0/data/chara/ps4/tops/c_ch_t_mra_a/tex02.par
  Image0/data/chara/ps4/tops/c_ch_t_mra_a/tex03.par
  Image0/data/chara/ps4/tops/c_ch_t_mra_c/mesh.par
  Image0/data/chara/ps4/tops/c_ch_t_mra_c/tex00.par
  Image0/data/chara/ps4/tops/c_ch_t_mra_c/tex01.par
  Image0/data/chara/ps4/tops/c_ch_t_mra_c/tex02.par
  Image0/data/chara/ps4/tops/c_ch_t_mra_c/tex03.par
  Image0/data/chara/ps4/tops/c_ch_t_nih_a/mesh.par
  Image0/data/chara/ps4/tops/c_ch_t_nih_a/tex00.par
  Image0/data/chara/ps4/tops/c_ch_t_nih_a/tex01.par
  Image0/data/chara/ps4/tops/c_ch_t_nih_a/tex02.par
  Image0/data/chara/ps4/tops/c_ch_t_nih_b/mesh.par
  Image0/data/chara/ps4/tops/c_ch_t_nih_b/tex00.par
  Image0/data/chara/ps4/tops/c_ch_t_nih_b/tex01.par
  Image0/data/chara/ps4/tops/c_ch_t_nih_b/tex02.par
  Image0/data/chara/ps4/tops/c_ch_t_nih_d/mesh.par
  Image0/data/chara/ps4/tops/c_ch_t_nih_d/tex00.par
  Image0/data/chara/ps4/tops/c_ch_t_nih_d/tex01.par
  Image0/data/chara/ps4/tops/c_ch_t_nih_d/tex02.par
  Image0/data/chara/ps4/tops/c_ch_t_nih_f/mesh.par
  Image0/data/chara/ps4/tops/c_ch_t_nih_f/tex00.par
  Image0/data/chara/ps4/tops/c_ch_t_nih_f/tex01.par
  Image0/data/chara/ps4/tops/c_ch_t_nih_f/tex02.par
  Image0/data/chara/ps4/tops/c_ch_t_nih_g/mesh.par
  Image0/data/chara/ps4/tops/c_ch_t_nih_h/mesh.par
  Image0/data/chara/ps4/tops/c_ch_t_pulier/face.gmt
  Image0/data/chara/ps4/tops/c_ch_t_pulier/mesh.par
  Image0/data/chara/ps4/tops/c_ch_t_pulier/tex00.par
  Image0/data/chara/ps4/tops/c_ch_t_pulier/tex01.par
  Image0/data/chara/ps4/tops/c_ch_t_pulier/tex02.par
  Image0/data/chara/ps4/tops/c_ch_t_pulier/tex03.par
  Image0/data/chara/ps4/tops/c_ch_t_pulier/tex04.par
  Image0/data/chara/ps4/tops/c_ch_x_nid/mesh.par
  Image0/data/chara/ps4/tops/c_ch_x_nih_a/mesh.par
  Image0/data/chara/ps4/tops/c_ch_x_nih_a/tex00.par
  Image0/data/chara/ps4/tops/c_ch_x_nih_a/tex01.par
  Image0/data/chara/ps4/tops/c_ch_x_nih_a/tex02.par
  Image0/data/chara/ps4/tops/c_ch_x_nih_a/tex03.par
  Image0/data/chara/ps4/tops/c_ch_x_nih_a/tex04.par
  Image0/data/chara/ps4/tops/c_ch_x_nih_b/mesh.par
  Image0/data/chara/ps4/tops/c_ch_x_nih_b/tex00.par
  Image0/data/chara/ps4/tops/c_ch_x_nih_b/tex01.par
  Image0/data/chara/ps4/tops/c_ch_x_nih_b/tex02.par
  Image0/data/chara/ps4/tops/c_ch_x_nih_b/tex03.par
  Image0/data/chara/ps4/tops/c_ch_x_nih_b/tex04.par
  Image0/data/chara/ps4/tops/c_ch_x_nih_c/mesh.par
  Image0/data/chara/ps4/tops/c_ch_x_nih_c/tex00.par
  Image0/data/chara/ps4/tops/c_ch_x_nih_c/tex01.par
  Image0/data/chara/ps4/tops/c_ch_x_nih_c/tex02.par
  Image0/data/chara/ps4/tops/c_ch_x_nih_c/tex03.par
  Image0/data/chara/ps4/tops/c_ch_x_nih_c/tex04.par
  Image0/data/chara/ps4/tops/c_ch_x_nih_c/tex05.par
  Image0/data/chara/ps4/tops/c_ch_x_nih_c/tex06.par
  Image0/data/chara/ps4/tops/c_ch_x_nih_c/tex07.par
  Image0/data/chara/ps4/tops/c_ch_x_nih_c/tex08.par
  Image0/data/chara/ps4/tops/c_ch_x_nih_c/tex09.par
  Image0/data/chara/ps4/tops/c_ch_x_nih_d/mesh.par
  Image0/data/chara/ps4/tops/c_ch_x_nih_d/tex00.par
  Image0/data/chara/ps4/tops/c_ch_x_nih_d/tex01.par
  Image0/data/chara/ps4/tops/c_ch_x_nih_d/tex02.par
  Image0/data/chara/ps4/tops/c_ch_x_nih_d/tex03.par
  Image0/data/chara/ps4/tops/c_ch_x_nih_d/tex04.par
  Image0/data/chara/ps4/tops/c_ch_x_nih_d/tex05.par
  Image0/data/chara/ps4/tops/c_ch_x_nih_d/tex06.par
  Image0/data/chara/ps4/tops/c_ch_x_nih_d_mas/mesh.par
  Image0/data/chara/ps4/tops/c_ch_x_nih_d_mas/tex00.par
  Image0/data/chara/ps4/tops/c_ch_x_nih_d_mas/tex01.par
  Image0/data/chara/ps4/tops/c_ch_x_nih_d_mas/tex02.par
  Image0/data/chara/ps4/tops/c_ch_x_nih_d_mas/tex03.par
  Image0/data/chara/ps4/tops/c_ch_x_nih_d_mas/tex04.par
  Image0/data/chara/ps4/tops/c_ch_x_nih_d_mas/tex05.par
  Image0/data/chara/ps4/tops/c_ch_x_nih_d_mas/tex06.par
  Image0/data/chara/ps4/tops/c_ch_x_nih_d_mr_mas/mesh.par
  Image0/data/chara/ps4/tops/c_ch_x_nih_d_mr_mas/tex00.par
  Image0/data/chara/ps4/tops/c_ch_x_nih_d_mr_mas/tex01.par
  Image0/data/chara/ps4/tops/c_ch_x_nih_d_mr_mas/tex02.par
  Image0/data/chara/ps4/tops/c_ch_x_nih_d_mr_mas/tex03.par
  Image0/data/chara/ps4/tops/c_ch_x_nih_d_mr_mas/tex04.par
  Image0/data/chara/ps4/tops/c_ch_x_nih_d_mr_mas/tex05.par
  Image0/data/chara/ps4/tops/c_ch_x_nih_e/mesh.par
  Image0/data/chara/ps4/tops/c_ch_x_nih_e/tex00.par
  Image0/data/chara/ps4/tops/c_ch_x_nih_e/tex01.par
  Image0/data/chara/ps4/tops/c_ch_x_nih_e/tex02.par
  Image0/data/chara/ps4/tops/c_ch_x_nih_e/tex03.par
  Image0/data/chara/ps4/tops/c_ch_x_nih_e/tex04.par
  Image0/data/chara/ps4/tops/c_ch_x_nih_f/mesh.par
  Image0/data/chara/ps4/tops/c_ch_x_nih_f/tex00.par
  Image0/data/chara/ps4/tops/c_ch_x_nih_f/tex01.par
  Image0/data/chara/ps4/tops/c_ch_x_nih_f/tex02.par
  Image0/data/chara/ps4/tops/c_ch_x_nih_f/tex03.par
  Image0/data/chara/ps4/tops/c_ch_x_nih_g/mesh.par
  Image0/data/chara/ps4/tops/c_ch_x_nih_g/tex00.par
  Image0/data/chara/ps4/tops/c_ch_x_nih_g/tex01.par
  Image0/data/chara/ps4/tops/c_ch_x_nih_g/tex02.par
  Image0/data/chara/ps4/tops/c_ch_x_nih_g/tex03.par
  Image0/data/chara/ps4/tops/c_ch_x_nih_g_mas/mesh.par
  Image0/data/chara/ps4/tops/c_ch_x_nih_g_mas/tex00.par
  Image0/data/chara/ps4/tops/c_ch_x_nih_g_mas/tex01.par
  Image0/data/chara/ps4/tops/c_ch_x_nih_g_mas/tex02.par
  Image0/data/chara/ps4/tops/c_ch_x_nih_g_mas/tex03.par
  Image0/data/chara/ps4/tops/c_ch_x_nih_g_mr_mas/mesh.par
  Image0/data/chara/ps4/tops/c_ch_x_nih_g_mr_mas/tex00.par
  Image0/data/chara/ps4/tops/c_ch_x_nih_g_mr_mas/tex01.par
  Image0/data/chara/ps4/tops/c_ch_x_nih_g_mr_mas/tex02.par
  Image0/data/chara/ps4/tops/c_ch_x_nih_g_mr_mas/tex03.par
  Image0/data/chara/ps4/tops/c_ch_x_nih_g_mr_mas/tex04.par
  Image0/data/chara/ps4/tops/c_ck_t_mra_a/mesh.par
  Image0/data/chara/ps4/tops/c_ck_t_mra_a/tex00.par
  Image0/data/chara/ps4/tops/c_ck_t_mra_a/tex01.par
  Image0/data/chara/ps4/tops/c_ck_t_mra_a/tex02.par
  Image0/data/chara/ps4/tops/c_ck_t_mra_a/tex03.par
  Image0/data/chara/ps4/tops/c_ck_t_mra_b/mesh.par
  Image0/data/chara/ps4/tops/c_ck_t_mra_b/tex00.par
  Image0/data/chara/ps4/tops/c_ck_t_mra_b/tex01.par
  Image0/data/chara/ps4/tops/c_ck_t_mra_b/tex02.par
  Image0/data/chara/ps4/tops/c_ck_t_mra_b/tex03.par
  Image0/data/chara/ps4/tops/c_ck_t_mrg_a/mesh.par
  Image0/data/chara/ps4/tops/c_ck_t_mrg_a/tex00.par
  Image0/data/chara/ps4/tops/c_ck_t_mrg_a/tex01.par
  Image0/data/chara/ps4/tops/c_ck_t_mrg_a/tex02.par
  Image0/data/chara/ps4/tops/c_ck_t_mrg_a/tex03.par
  Image0/data/chara/ps4/tops/c_ck_t_mrg_b/mesh.par
  Image0/data/chara/ps4/tops/c_ck_t_mrg_b/tex00.par
  Image0/data/chara/ps4/tops/c_ck_t_mrg_b/tex01.par
  Image0/data/chara/ps4/tops/c_ck_t_mrg_b/tex02.par
  Image0/data/chara/ps4/tops/c_ck_t_mrg_b/tex03.par
  Image0/data/chara/ps4/tops/c_ck_t_mrg_b/tex04.par
  Image0/data/chara/ps4/tops/c_ck_t_mrg_b/tex05.par
  Image0/data/chara/ps4/tops/c_cm_t_bo66_bounty_fat/mesh.par
  Image0/data/chara/ps4/tops/c_cm_t_c01_zako05/face.gmt
  Image0/data/chara/ps4/tops/c_cm_t_c01_zako05/mesh.par
  Image0/data/chara/ps4/tops/c_cm_t_c02_kensi/face.gmt
  Image0/data/chara/ps4/tops/c_cm_t_c02_kensi/mesh.par
  Image0/data/chara/ps4/tops/c_cm_t_c02_kensi/tex00.par
  Image0/data/chara/ps4/tops/c_cm_t_c02_kensi/tex01.par
  Image0/data/chara/ps4/tops/c_cm_t_c02_kensi/tex02.par
  Image0/data/chara/ps4/tops/c_cm_t_c02_kensi/tex03.par
  Image0/data/chara/ps4/tops/c_cm_t_c02_kensi/tex04.par
  Image0/data/chara/ps4/tops/c_cm_t_c02_kensi/tex05.par
  Image0/data/chara/ps4/tops/c_cm_t_default/mesh.par
  Image0/data/chara/ps4/tops/c_cm_t_default/tex00.par
  Image0/data/chara/ps4/tops/c_cm_t_default/tex01.par
  Image0/data/chara/ps4/tops/c_cm_t_default/tex04.par
  Image0/data/chara/ps4/tops/c_cm_t_ehi/mesh.par
  Image0/data/chara/ps4/tops/c_cm_t_kib_a_sml/mesh.par
  Image0/data/chara/ps4/tops/c_cm_t_kib_a_sml/tex00.par
  Image0/data/chara/ps4/tops/c_cm_t_kib_a_sml/tex01.par
  Image0/data/chara/ps4/tops/c_cm_t_kib_a_sml/tex02.par
  Image0/data/chara/ps4/tops/c_cm_t_kib_a_sml/tex03.par
  Image0/data/chara/ps4/tops/c_cm_t_kib_a_sml/tex04.par
  Image0/data/chara/ps4/tops/c_cm_t_kib_a_sml_dmy/mesh.par
  Image0/data/chara/ps4/tops/c_cm_t_kib_b_sml/mesh.par
  Image0/data/chara/ps4/tops/c_cm_t_kib_b_sml/tex00.par
  Image0/data/chara/ps4/tops/c_cm_t_kib_b_sml/tex01.par
  Image0/data/chara/ps4/tops/c_cm_t_kib_b_sml/tex02.par
  Image0/data/chara/ps4/tops/c_cm_t_kib_b_sml/tex03.par
  Image0/data/chara/ps4/tops/c_cm_t_kib_b_sml/tex04.par
  Image0/data/chara/ps4/tops/c_cm_t_mis/mesh.par
  Image0/data/chara/ps4/tops/c_cm_t_mis/tex00.par
  Image0/data/chara/ps4/tops/c_cm_t_mis/tex01.par
  Image0/data/chara/ps4/tops/c_cm_t_mis/tex02.par
  Image0/data/chara/ps4/tops/c_cm_t_mis/tex03.par
  Image0/data/chara/ps4/tops/c_cm_t_mng/mesh.par
  Image0/data/chara/ps4/tops/c_cm_t_mng/tex00.par
  Image0/data/chara/ps4/tops/c_cm_t_mng/tex01.par
  Image0/data/chara/ps4/tops/c_cm_t_mrl_a/mesh.par
  Image0/data/chara/ps4/tops/c_cm_t_mrl_a/tex00.par
  Image0/data/chara/ps4/tops/c_cm_t_mrl_a/tex01.par
  Image0/data/chara/ps4/tops/c_cm_t_mrl_a/tex02.par
  Image0/data/chara/ps4/tops/c_cm_t_mrl_a/tex03.par
  Image0/data/chara/ps4/tops/c_cm_t_mrl_a/tex04.par
  Image0/data/chara/ps4/tops/c_cm_t_mrl_b/mesh.par
  Image0/data/chara/ps4/tops/c_cm_t_mrl_b/tex00.par
  Image0/data/chara/ps4/tops/c_cm_t_mrl_b/tex01.par
  Image0/data/chara/ps4/tops/c_cm_t_mrl_b/tex02.par
  Image0/data/chara/ps4/tops/c_cm_t_mrl_b/tex03.par
  Image0/data/chara/ps4/tops/c_cm_t_mrl_b/tex04.par
  Image0/data/chara/ps4/tops/c_cm_t_mrl_c/mesh.par
  Image0/data/chara/ps4/tops/c_cm_t_mrl_c/tex00.par
  Image0/data/chara/ps4/tops/c_cm_t_mrl_c/tex01.par
  Image0/data/chara/ps4/tops/c_cm_t_mrl_c/tex02.par
  Image0/data/chara/ps4/tops/c_cm_t_mrl_c/tex03.par
  Image0/data/chara/ps4/tops/c_cm_t_mrl_d/mesh.par
  Image0/data/chara/ps4/tops/c_cm_t_mrl_d/tex00.par
  Image0/data/chara/ps4/tops/c_cm_t_mrl_d/tex01.par
  Image0/data/chara/ps4/tops/c_cm_t_mrl_d/tex02.par
  Image0/data/chara/ps4/tops/c_cm_t_mrl_d/tex03.par
  Image0/data/chara/ps4/tops/c_cm_t_mrl_f/mesh.par
  Image0/data/chara/ps4/tops/c_cm_t_mrl_f/tex00.par
  Image0/data/chara/ps4/tops/c_cm_t_mrl_f/tex01.par
  Image0/data/chara/ps4/tops/c_cm_t_mrl_f/tex02.par
  Image0/data/chara/ps4/tops/c_cm_t_mrl_f/tex03.par
  Image0/data/chara/ps4/tops/c_cm_t_mro_a/mesh.par
  Image0/data/chara/ps4/tops/c_cm_t_mro_a/tex00.par
  Image0/data/chara/ps4/tops/c_cm_t_mro_a/tex01.par
  Image0/data/chara/ps4/tops/c_cm_t_mro_a/tex02.par
  Image0/data/chara/ps4/tops/c_cm_t_mro_a/tex03.par
  Image0/data/chara/ps4/tops/c_cm_t_mro_a/tex04.par
  Image0/data/chara/ps4/tops/c_cm_t_mro_b/mesh.par
  Image0/data/chara/ps4/tops/c_cm_t_mro_b/tex00.par
  Image0/data/chara/ps4/tops/c_cm_t_mro_b/tex01.par
  Image0/data/chara/ps4/tops/c_cm_t_mro_b/tex02.par
  Image0/data/chara/ps4/tops/c_cm_t_mro_b/tex03.par
  Image0/data/chara/ps4/tops/c_cm_t_mro_c/mesh.par
  Image0/data/chara/ps4/tops/c_cm_t_mro_c/tex00.par
  Image0/data/chara/ps4/tops/c_cm_t_mro_c/tex01.par
  Image0/data/chara/ps4/tops/c_cm_t_mro_c/tex02.par
  Image0/data/chara/ps4/tops/c_cm_t_mro_c/tex03.par
  Image0/data/chara/ps4/tops/c_cm_t_mrp_a/mesh.par
  Image0/data/chara/ps4/tops/c_cm_t_mrp_a/tex00.par
  Image0/data/chara/ps4/tops/c_cm_t_mrp_a/tex01.par
  Image0/data/chara/ps4/tops/c_cm_t_mrp_a/tex02.par
  Image0/data/chara/ps4/tops/c_cm_t_mrp_a/tex03.par
  Image0/data/chara/ps4/tops/c_cm_t_mrp_a/tex04.par
  Image0/data/chara/ps4/tops/c_cm_t_mrp_a/tex05.par
  Image0/data/chara/ps4/tops/c_cm_t_mrp_b/mesh.par
  Image0/data/chara/ps4/tops/c_cm_t_mrp_b/tex00.par
  Image0/data/chara/ps4/tops/c_cm_t_mrp_b/tex01.par
  Image0/data/chara/ps4/tops/c_cm_t_mrp_b/tex02.par
  Image0/data/chara/ps4/tops/c_cm_t_mrp_b/tex03.par
  Image0/data/chara/ps4/tops/c_cm_t_mrp_b/tex04.par
  Image0/data/chara/ps4/tops/c_cm_t_mrp_b/tex05.par
  Image0/data/chara/ps4/tops/c_cm_t_mrp_c/mesh.par
  Image0/data/chara/ps4/tops/c_cm_t_mrp_c/tex00.par
  Image0/data/chara/ps4/tops/c_cm_t_mrp_c/tex01.par
  Image0/data/chara/ps4/tops/c_cm_t_mrp_c/tex02.par
  Image0/data/chara/ps4/tops/c_cm_t_mrp_c/tex03.par
  Image0/data/chara/ps4/tops/c_cm_t_mrp_c/tex04.par
  Image0/data/chara/ps4/tops/c_cm_t_mrp_c/tex05.par
  Image0/data/chara/ps4/tops/c_cm_t_mrp_d/mesh.par
  Image0/data/chara/ps4/tops/c_cm_t_mrp_d/tex00.par
  Image0/data/chara/ps4/tops/c_cm_t_mrp_d/tex01.par
  Image0/data/chara/ps4/tops/c_cm_t_mrp_d/tex02.par
  Image0/data/chara/ps4/tops/c_cm_t_mrp_d/tex03.par
  Image0/data/chara/ps4/tops/c_cm_t_nis_a/mesh.par
  Image0/data/chara/ps4/tops/c_cm_t_s63_iska/mesh.par
  Image0/data/chara/ps4/tops/c_cm_t_s63_iska/tex00.par
  Image0/data/chara/ps4/tops/c_cm_t_s63_iska/tex01.par
  Image0/data/chara/ps4/tops/c_cm_t_s67_jild/mesh.par
  Image0/data/chara/ps4/tops/c_cm_t_s67_jild/tex00.par
  Image0/data/chara/ps4/tops/c_cm_t_s67_jild/tex01.par
  Image0/data/chara/ps4/tops/c_cm_t_s67_jild/tex02.par
  Image0/data/chara/ps4/tops/c_cm_t_s67_jild/tex03.par
  Image0/data/chara/ps4/tops/c_cm_t_suitn/mesh.par
  Image0/data/chara/ps4/tops/c_cm_t_zako_coma/mesh.par
  Image0/data/chara/ps4/tops/c_cm_t_zco_a/face.gmt
  Image0/data/chara/ps4/tops/c_cm_t_zco_a/mesh.par
  Image0/data/chara/ps4/tops/c_cm_t_zco_a/tex00.par
  Image0/data/chara/ps4/tops/c_cm_t_zco_a/tex01.par
  Image0/data/chara/ps4/tops/c_cm_t_zco_a/tex02.par
  Image0/data/chara/ps4/tops/c_cm_t_zco_a/tex03.par
  Image0/data/chara/ps4/tops/c_cm_t_zco_a_fat/face.gmt
  Image0/data/chara/ps4/tops/c_cm_t_zco_a_fat/mesh.par
  Image0/data/chara/ps4/tops/c_cm_t_zco_a_fat/tex00.par
  Image0/data/chara/ps4/tops/c_cm_t_zco_a_fat/tex01.par
  Image0/data/chara/ps4/tops/c_cm_t_zco_a_fat/tex02.par
  Image0/data/chara/ps4/tops/c_cm_t_zco_a_fat/tex03.par
  Image0/data/chara/ps4/tops/c_cm_t_zco_a_mus/face.gmt
  Image0/data/chara/ps4/tops/c_cm_t_zco_a_mus/mesh.par
  Image0/data/chara/ps4/tops/c_cm_t_zco_a_test/face.gmt
  Image0/data/chara/ps4/tops/c_cm_t_zco_a_test/mesh.par
  Image0/data/chara/ps4/tops/c_cm_t_zco_a_test/tex00.par
  Image0/data/chara/ps4/tops/c_cm_t_zco_a_test/tex01.par
  Image0/data/chara/ps4/tops/c_cm_t_zco_a_test/tex02.par
  Image0/data/chara/ps4/tops/c_cm_t_zco_a_test/tex03.par
  Image0/data/chara/ps4/tops/c_cm_t_zco_a_testgore/face.gmt
  Image0/data/chara/ps4/tops/c_cm_t_zco_a_testgore/mesh.par
  Image0/data/chara/ps4/tops/c_cm_t_zco_a_testgore/tex00.par
  Image0/data/chara/ps4/tops/c_cm_t_zco_a_testgore/tex01.par
  Image0/data/chara/ps4/tops/c_cm_t_zco_a_testgore/tex02.par
  Image0/data/chara/ps4/tops/c_cm_t_zco_a_testgore/tex03.par
  Image0/data/chara/ps4/tops/c_cm_t_zco_b/mesh.par
  Image0/data/chara/ps4/tops/c_cm_t_zco_b/tex00.par
  Image0/data/chara/ps4/tops/c_cm_t_zco_b/tex01.par
  Image0/data/chara/ps4/tops/c_cm_t_zco_b/tex02.par
  Image0/data/chara/ps4/tops/c_cm_t_zco_b/tex03.par
  Image0/data/chara/ps4/tops/c_cm_t_zco_b/tex04.par
  Image0/data/chara/ps4/tops/c_cm_t_zco_b/tex07.par
  Image0/data/chara/ps4/tops/c_cm_t_zco_c/mesh.par
  Image0/data/chara/ps4/tops/c_cm_t_zco_c/tex00.par
  Image0/data/chara/ps4/tops/c_cm_t_zco_c/tex01.par
  Image0/data/chara/ps4/tops/c_cm_t_zco_c/tex02.par
  Image0/data/chara/ps4/tops/c_cm_t_zco_c/tex03.par
  Image0/data/chara/ps4/tops/c_cm_t_zco_c/tex04.par
  Image0/data/chara/ps4/tops/c_cm_t_zco_c/tex05.par
  Image0/data/chara/ps4/tops/c_cm_t_zco_c_mus/mesh.par
  Image0/data/chara/ps4/tops/c_cm_t_zco_c_mus/tex00.par
  Image0/data/chara/ps4/tops/c_cm_t_zco_c_mus/tex01.par
  Image0/data/chara/ps4/tops/c_cm_t_zco_c_mus/tex02.par
  Image0/data/chara/ps4/tops/c_cm_t_zco_c_mus/tex03.par
  Image0/data/chara/ps4/tops/c_cm_t_zco_c_mus/tex04.par
  Image0/data/chara/ps4/tops/c_cm_t_zco_c_mus/tex05.par
  Image0/data/chara/ps4/tops/c_cm_t_zco_c_mus_dmy/mesh.par
  Image0/data/chara/ps4/tops/c_cm_t_zco_c_mus_gold/mesh.par
  Image0/data/chara/ps4/tops/c_cm_t_zco_d/mesh.par
  Image0/data/chara/ps4/tops/c_cm_t_zco_d/tex00.par
  Image0/data/chara/ps4/tops/c_cm_t_zco_d/tex01.par
  Image0/data/chara/ps4/tops/c_cm_t_zco_d/tex02.par
  Image0/data/chara/ps4/tops/c_cm_t_zco_d/tex03.par
  Image0/data/chara/ps4/tops/c_cm_t_zco_d_ax/mesh.par
  Image0/data/chara/ps4/tops/c_cm_t_zco_d_ax/tex00.par
  Image0/data/chara/ps4/tops/c_cm_t_zco_d_ax/tex01.par
  Image0/data/chara/ps4/tops/c_cm_t_zco_d_ax/tex02.par
  Image0/data/chara/ps4/tops/c_cm_t_zco_d_ax/tex03.par
  Image0/data/chara/ps4/tops/c_cm_t_zco_e/mesh.par
  Image0/data/chara/ps4/tops/c_cm_t_zco_e/tex00.par
  Image0/data/chara/ps4/tops/c_cm_t_zco_e/tex01.par
  Image0/data/chara/ps4/tops/c_cm_t_zco_e/tex02.par
  Image0/data/chara/ps4/tops/c_cm_t_zco_e/tex03.par
  Image0/data/chara/ps4/tops/c_cm_t_zco_e/tex04.par
  Image0/data/chara/ps4/tops/c_cm_t_zco_e/tex05.par
  Image0/data/chara/ps4/tops/c_cm_t_zco_e/tex06.par
  Image0/data/chara/ps4/tops/c_cm_t_zco_e/tex07.par
  Image0/data/chara/ps4/tops/c_cm_t_zco_e_ax/mesh.par
  Image0/data/chara/ps4/tops/c_cm_t_zco_e_ax/tex00.par
  Image0/data/chara/ps4/tops/c_cm_t_zco_e_ax/tex01.par
  Image0/data/chara/ps4/tops/c_cm_t_zco_e_ax/tex02.par
  Image0/data/chara/ps4/tops/c_cm_t_zco_e_ax/tex03.par
  Image0/data/chara/ps4/tops/c_cm_t_zco_e_ax/tex04.par
  Image0/data/chara/ps4/tops/c_cm_t_zco_e_ax/tex05.par
  Image0/data/chara/ps4/tops/c_cm_t_zco_e_ax/tex06.par
  Image0/data/chara/ps4/tops/c_cm_t_zco_e_ax/tex07.par
  Image0/data/chara/ps4/tops/c_cm_t_zco_e_fat_dmy/mesh.par
  Image0/data/chara/ps4/tops/c_cm_t_zco_f/mesh.par
  Image0/data/chara/ps4/tops/c_cm_t_zco_f/tex00.par
  Image0/data/chara/ps4/tops/c_cm_t_zco_f/tex01.par
  Image0/data/chara/ps4/tops/c_cm_t_zco_f/tex02.par
  Image0/data/chara/ps4/tops/c_cm_t_zco_f/tex03.par
  Image0/data/chara/ps4/tops/c_cm_t_zco_f/tex04.par
  Image0/data/chara/ps4/tops/c_cm_t_zco_f/tex05.par
  Image0/data/chara/ps4/tops/c_cm_t_zco_f/tex06.par
  Image0/data/chara/ps4/tops/c_cm_t_zco_f_club/mesh.par
  Image0/data/chara/ps4/tops/c_cm_t_zco_f_club/tex00.par
  Image0/data/chara/ps4/tops/c_cm_t_zco_f_club/tex01.par
  Image0/data/chara/ps4/tops/c_cm_t_zco_f_club/tex02.par
  Image0/data/chara/ps4/tops/c_cm_t_zco_f_club/tex03.par
  Image0/data/chara/ps4/tops/c_cm_t_zco_f_club/tex04.par
  Image0/data/chara/ps4/tops/c_cm_t_zco_f_club/tex05.par
  Image0/data/chara/ps4/tops/c_cm_t_zco_f_club/tex06.par
  Image0/data/chara/ps4/tops/c_cm_t_zco_f_mus/mesh.par
  Image0/data/chara/ps4/tops/c_cm_t_zco_f_mus/tex00.par
  Image0/data/chara/ps4/tops/c_cm_t_zco_f_mus/tex01.par
  Image0/data/chara/ps4/tops/c_cm_t_zco_f_mus/tex02.par
  Image0/data/chara/ps4/tops/c_cm_t_zco_f_mus/tex03.par
  Image0/data/chara/ps4/tops/c_cm_t_zco_f_mus/tex04.par
  Image0/data/chara/ps4/tops/c_cm_t_zco_f_mus/tex05.par
  Image0/data/chara/ps4/tops/c_cm_t_zco_f_mus/tex06.par
  Image0/data/chara/ps4/tops/c_cm_t_zco_g/mesh.par
  Image0/data/chara/ps4/tops/c_cm_t_zco_g/tex00.par
  Image0/data/chara/ps4/tops/c_cm_t_zco_g/tex01.par
  Image0/data/chara/ps4/tops/c_cm_t_zco_g/tex02.par
  Image0/data/chara/ps4/tops/c_cm_t_zco_g/tex03.par
  Image0/data/chara/ps4/tops/c_cm_t_zco_h/mesh.par
  Image0/data/chara/ps4/tops/c_cm_t_zco_h/tex00.par
  Image0/data/chara/ps4/tops/c_cm_t_zco_h/tex01.par
  Image0/data/chara/ps4/tops/c_cm_t_zco_h/tex02.par
  Image0/data/chara/ps4/tops/c_cm_t_zco_h/tex03.par
  Image0/data/chara/ps4/tops/c_cm_t_zco_i/mesh.par
  Image0/data/chara/ps4/tops/c_cm_t_zco_i/tex00.par
  Image0/data/chara/ps4/tops/c_cm_t_zco_i/tex01.par
  Image0/data/chara/ps4/tops/c_cm_t_zco_i/tex02.par
  Image0/data/chara/ps4/tops/c_cm_t_zco_i/tex03.par
  Image0/data/chara/ps4/tops/c_cm_t_zco_i/tex07.par
  Image0/data/chara/ps4/tops/c_cm_t_zco_j/mesh.par
  Image0/data/chara/ps4/tops/c_cm_t_zco_j/tex00.par
  Image0/data/chara/ps4/tops/c_cm_t_zco_j/tex01.par
  Image0/data/chara/ps4/tops/c_cm_t_zco_j/tex02.par
  Image0/data/chara/ps4/tops/c_cm_t_zco_j/tex03.par
  Image0/data/chara/ps4/tops/c_cm_t_zco_mask/mesh.par
  Image0/data/chara/ps4/tops/c_cm_t_zco_mask/tex00.par
  Image0/data/chara/ps4/tops/c_cm_t_zco_mask/tex01.par
  Image0/data/chara/ps4/tops/c_cm_t_zco_mask/tex02.par
  Image0/data/chara/ps4/tops/c_cm_t_zco_mask/tex03.par
  Image0/data/chara/ps4/tops/c_cm_t_zco_mask_fat/mesh.par
  Image0/data/chara/ps4/tops/c_cm_t_zco_mask_fat/tex00.par
  Image0/data/chara/ps4/tops/c_cm_t_zco_mask_fat/tex01.par
  Image0/data/chara/ps4/tops/c_cm_t_zco_mask_fat/tex02.par
  Image0/data/chara/ps4/tops/c_cm_t_zco_mask_fat/tex03.par
  Image0/data/chara/ps4/tops/c_cm_t_zco_mask_mus/mesh.par
  Image0/data/chara/ps4/tops/c_cm_t_zco_mask_sml/mesh.par
  Image0/data/chara/ps4/tops/c_cm_t_zco_mask_sml/tex00.par
  Image0/data/chara/ps4/tops/c_cm_t_zco_mask_sml/tex01.par
  Image0/data/chara/ps4/tops/c_cm_t_zco_mask_sml/tex02.par
  Image0/data/chara/ps4/tops/c_cm_t_zco_mask_sml/tex03.par
  Image0/data/chara/ps4/tops/c_cm_t_zco_mask_sml/tex04.par
  Image0/data/chara/ps4/tops/c_cm_t_zjg_a/mesh.par
  Image0/data/chara/ps4/tops/c_cm_t_zjg_a/tex00.par
  Image0/data/chara/ps4/tops/c_cm_t_zjg_a/tex01.par
  Image0/data/chara/ps4/tops/c_cm_t_zjg_a/tex02.par
  Image0/data/chara/ps4/tops/c_cm_t_zjg_a/tex03.par
  Image0/data/chara/ps4/tops/c_cm_t_zjg_a_fat/mesh.par
  Image0/data/chara/ps4/tops/c_cm_t_zjg_a_fat/tex00.par
  Image0/data/chara/ps4/tops/c_cm_t_zjg_a_fat/tex01.par
  Image0/data/chara/ps4/tops/c_cm_t_zjg_a_fat/tex02.par
  Image0/data/chara/ps4/tops/c_cm_t_zjg_a_fat/tex03.par
  Image0/data/chara/ps4/tops/c_cm_t_zjg_a_mus/mesh.par
  Image0/data/chara/ps4/tops/c_cm_t_zjg_a_mus/tex00.par
  Image0/data/chara/ps4/tops/c_cm_t_zjg_a_mus/tex01.par
  Image0/data/chara/ps4/tops/c_cm_t_zjg_a_mus/tex02.par
  Image0/data/chara/ps4/tops/c_cm_t_zjg_a_mus/tex03.par
  Image0/data/chara/ps4/tops/c_cm_t_zkc_a/mesh.par
  Image0/data/chara/ps4/tops/c_cm_t_zkc_b/mesh.par
  Image0/data/chara/ps4/tops/c_cm_t_zkp_a/mesh.par
  Image0/data/chara/ps4/tops/c_cm_t_zkp_a/tex00.par
  Image0/data/chara/ps4/tops/c_cm_t_zkp_a/tex01.par
  Image0/data/chara/ps4/tops/c_cm_t_zkp_a/tex02.par
  Image0/data/chara/ps4/tops/c_cm_t_zkp_a/tex03.par
  Image0/data/chara/ps4/tops/c_cm_t_zkp_a/tex04.par
  Image0/data/chara/ps4/tops/c_cm_t_zkp_a/tex05.par
  Image0/data/chara/ps4/tops/c_cm_t_zkp_b/mesh.par
  Image0/data/chara/ps4/tops/c_cm_t_zkp_b/tex00.par
  Image0/data/chara/ps4/tops/c_cm_t_zkp_b/tex01.par
  Image0/data/chara/ps4/tops/c_cm_t_zkp_c/mesh.par
  Image0/data/chara/ps4/tops/c_cm_t_zkp_c/tex00.par
  Image0/data/chara/ps4/tops/c_cm_t_zkp_c/tex01.par
  Image0/data/chara/ps4/tops/c_cm_t_zkp_c/tex02.par
  Image0/data/chara/ps4/tops/c_cm_t_zkp_c/tex03.par
  Image0/data/chara/ps4/tops/c_cm_t_zkp_c/tex04.par
  Image0/data/chara/ps4/tops/c_cm_t_zkp_c/tex05.par
  Image0/data/chara/ps4/tops/c_cm_t_zks_a/mesh.par
  Image0/data/chara/ps4/tops/c_cm_t_zks_a/tex00.par
  Image0/data/chara/ps4/tops/c_cm_t_zks_a/tex01.par
  Image0/data/chara/ps4/tops/c_cm_t_zks_a/tex02.par
  Image0/data/chara/ps4/tops/c_cm_t_zks_a/tex03.par
  Image0/data/chara/ps4/tops/c_cm_t_zks_a/tex04.par
  Image0/data/chara/ps4/tops/c_cm_t_zks_a/tex05.par
  Image0/data/chara/ps4/tops/c_cm_t_zks_a_fat/mesh.par
  Image0/data/chara/ps4/tops/c_cm_t_zks_a_fat/tex00.par
  Image0/data/chara/ps4/tops/c_cm_t_zks_a_fat/tex01.par
  Image0/data/chara/ps4/tops/c_cm_t_zks_a_fat/tex02.par
  Image0/data/chara/ps4/tops/c_cm_t_zks_a_fat/tex03.par
  Image0/data/chara/ps4/tops/c_cm_t_zks_a_fat/tex04.par
  Image0/data/chara/ps4/tops/c_cm_t_zks_a_fat/tex05.par
  Image0/data/chara/ps4/tops/c_cm_t_zks_a_fat_gold/mesh.par
  Image0/data/chara/ps4/tops/c_cm_t_zks_a_gold/mesh.par
  Image0/data/chara/ps4/tops/c_cm_t_zky_a/mesh.par
  Image0/data/chara/ps4/tops/c_cm_t_zky_a_bd/mesh.par
  Image0/data/chara/ps4/tops/c_cm_t_zky_a_club/mesh.par
  Image0/data/chara/ps4/tops/c_cm_t_zky_a_fat/mesh.par
  Image0/data/chara/ps4/tops/c_cm_t_zky_a_mus/mesh.par
  Image0/data/chara/ps4/tops/c_cm_t_zky_b/mesh.par
  Image0/data/chara/ps4/tops/c_cm_t_zky_b_ax/mesh.par
  Image0/data/chara/ps4/tops/c_cm_t_zky_b_bd/mesh.par
  Image0/data/chara/ps4/tops/c_cm_t_zky_b_mus/mesh.par
  Image0/data/chara/ps4/tops/c_cm_t_zsa_a/mesh.par
  Image0/data/chara/ps4/tops/c_cm_t_zsa_a/tex00.par
  Image0/data/chara/ps4/tops/c_cm_t_zsa_a/tex01.par
  Image0/data/chara/ps4/tops/c_cm_t_zsa_a/tex02.par
  Image0/data/chara/ps4/tops/c_cm_t_zsa_a/tex03.par
  Image0/data/chara/ps4/tops/c_cm_t_zsa_a_fat/mesh.par
  Image0/data/chara/ps4/tops/c_cm_t_zsa_a_fat/tex00.par
  Image0/data/chara/ps4/tops/c_cm_t_zsa_a_fat/tex01.par
  Image0/data/chara/ps4/tops/c_cm_t_zsa_a_fat/tex02.par
  Image0/data/chara/ps4/tops/c_cm_t_zsa_a_fat/tex03.par
  Image0/data/chara/ps4/tops/c_cm_t_zsa_a_mus/mesh.par
  Image0/data/chara/ps4/tops/c_cm_t_zsa_a_mus/tex00.par
  Image0/data/chara/ps4/tops/c_cm_t_zsa_a_mus/tex01.par
  Image0/data/chara/ps4/tops/c_cm_t_zsa_a_mus/tex02.par
  Image0/data/chara/ps4/tops/c_cm_t_zsa_a_mus/tex03.par
  Image0/data/chara/ps4/tops/c_cm_t_zsa_b/mesh.par
  Image0/data/chara/ps4/tops/c_cm_t_zsa_b/tex00.par
  Image0/data/chara/ps4/tops/c_cm_t_zsa_b/tex01.par
  Image0/data/chara/ps4/tops/c_cm_t_zsp_a/mesh.par
  Image0/data/chara/ps4/tops/c_cm_t_zsp_a/tex00.par
  Image0/data/chara/ps4/tops/c_cm_t_zsp_a/tex01.par
  Image0/data/chara/ps4/tops/c_cm_t_zsp_a/tex02.par
  Image0/data/chara/ps4/tops/c_cm_t_zsp_a/tex03.par
  Image0/data/chara/ps4/tops/c_cm_t_zto_01/mesh.par
  Image0/data/chara/ps4/tops/c_cm_t_zto_04/mesh.par
  Image0/data/chara/ps4/tops/c_cm_t_zto_04/tex00.par
  Image0/data/chara/ps4/tops/c_cm_t_zto_04/tex01.par
  Image0/data/chara/ps4/tops/c_cm_t_zto_04/tex02.par
  Image0/data/chara/ps4/tops/c_cm_t_zto_04/tex03.par
  Image0/data/chara/ps4/tops/c_cm_t_zto_05/mesh.par
  Image0/data/chara/ps4/tops/c_cm_t_zto_06/mesh.par
  Image0/data/chara/ps4/tops/c_cm_t_zto_06/tex00.par
  Image0/data/chara/ps4/tops/c_cm_t_zto_06/tex01.par
  Image0/data/chara/ps4/tops/c_cm_t_zto_09/mesh.par
  Image0/data/chara/ps4/tops/c_cm_t_zug_a/mesh.par
  Image0/data/chara/ps4/tops/c_cm_t_zug_a/tex00.par
  Image0/data/chara/ps4/tops/c_cm_t_zug_a/tex01.par
  Image0/data/chara/ps4/tops/c_cm_t_zug_a/tex02.par
  Image0/data/chara/ps4/tops/c_cm_t_zug_a_fat/mesh.par
  Image0/data/chara/ps4/tops/c_cm_t_zug_a_fat/tex00.par
  Image0/data/chara/ps4/tops/c_cm_t_zug_a_fat/tex01.par
  Image0/data/chara/ps4/tops/c_cm_t_zug_a_fat/tex02.par
  Image0/data/chara/ps4/tops/c_cm_t_zug_a_wp/mesh.par
  Image0/data/chara/ps4/tops/c_cm_t_zug_a_wp/tex00.par
  Image0/data/chara/ps4/tops/c_cm_t_zug_a_wp/tex01.par
  Image0/data/chara/ps4/tops/c_cm_t_zug_a_wp/tex02.par
  Image0/data/chara/ps4/tops/c_cm_x_bth_a/mesh.par
  Image0/data/chara/ps4/tops/c_cm_x_bth_b/mesh.par
  Image0/data/chara/ps4/tops/c_cm_x_c02_ath03/mesh.par
  Image0/data/chara/ps4/tops/c_cm_x_c02_ath03/tex00.par
  Image0/data/chara/ps4/tops/c_cm_x_c02_ath03/tex01.par
  Image0/data/chara/ps4/tops/c_cm_x_c02_ath03/tex02.par
  Image0/data/chara/ps4/tops/c_cm_x_c02_zako07/face.gmt
  Image0/data/chara/ps4/tops/c_cm_x_c02_zako07/mesh.par
  Image0/data/chara/ps4/tops/c_cm_x_eihei/mesh.par
  Image0/data/chara/ps4/tops/c_cm_x_eihei/tex00.par
  Image0/data/chara/ps4/tops/c_cm_x_eihei/tex01.par
  Image0/data/chara/ps4/tops/c_cm_x_eihei_spr/mesh.par
  Image0/data/chara/ps4/tops/c_cm_x_eihei_spr/tex00.par
  Image0/data/chara/ps4/tops/c_cm_x_eihei_spr/tex01.par
  Image0/data/chara/ps4/tops/c_cm_x_s88_guard/mesh.par
  Image0/data/chara/ps4/tops/c_cm_x_zto_07/mesh.par
  Image0/data/chara/ps4/tops/c_cm_x_zto_07/tex00.par
  Image0/data/chara/ps4/tops/c_cm_x_zto_07/tex01.par
  Image0/data/chara/ps4/tops/c_cm_x_zto_08/mesh.par
  Image0/data/chara/ps4/tops/c_cm_x_zto_08/tex00.par
  Image0/data/chara/ps4/tops/c_cm_x_zto_08/tex01.par
  Image0/data/chara/ps4/tops/c_cm_x_zto_08/tex02.par
  Image0/data/chara/ps4/tops/c_cm_x_zto_08/tex03.par
  Image0/data/chara/ps4/tops/c_cw_t_default/mesh.par
  Image0/data/chara/ps4/tops/c_cw_t_mra_a/mesh.par
  Image0/data/chara/ps4/tops/c_cw_t_mra_a/tex00.par
  Image0/data/chara/ps4/tops/c_cw_t_mra_a/tex01.par
  Image0/data/chara/ps4/tops/c_cw_t_mra_a/tex02.par
  Image0/data/chara/ps4/tops/c_cw_t_mra_a/tex03.par
  Image0/data/chara/ps4/tops/c_cw_t_mra_b/mesh.par
  Image0/data/chara/ps4/tops/c_cw_t_mra_b/tex00.par
  Image0/data/chara/ps4/tops/c_cw_t_mra_b/tex01.par
  Image0/data/chara/ps4/tops/c_cw_t_mra_b/tex02.par
  Image0/data/chara/ps4/tops/c_cw_t_mra_b/tex03.par
  Image0/data/chara/ps4/tops/c_cw_t_mra_b/tex04.par
  Image0/data/chara/ps4/tops/c_cw_t_mra_c/mesh.par
  Image0/data/chara/ps4/tops/c_cw_t_mra_c/tex00.par
  Image0/data/chara/ps4/tops/c_cw_t_mra_c/tex01.par
  Image0/data/chara/ps4/tops/c_cw_t_mra_c/tex02.par
  Image0/data/chara/ps4/tops/c_cw_t_mra_c/tex03.par
  Image0/data/chara/ps4/tops/c_cw_t_mro_a/mesh.par
  Image0/data/chara/ps4/tops/c_cw_t_mrp_a/mesh.par
  Image0/data/chara/ps4/tops/c_cw_t_mrp_a/tex00.par
  Image0/data/chara/ps4/tops/c_cw_t_mrp_a/tex01.par
  Image0/data/chara/ps4/tops/c_cw_t_mrp_a/tex02.par
  Image0/data/chara/ps4/tops/c_cw_t_mrp_a/tex03.par
  Image0/data/chara/ps4/tops/c_cw_t_mrp_a/tex04.par
  Image0/data/chara/ps4/tops/c_cw_t_mrp_a/tex05.par
  Image0/data/chara/ps4/tops/c_cw_t_mrp_b/mesh.par
  Image0/data/chara/ps4/tops/c_cw_t_mrp_b/tex00.par
  Image0/data/chara/ps4/tops/c_cw_t_mrp_b/tex01.par
  Image0/data/chara/ps4/tops/c_cw_t_mrp_b/tex02.par
  Image0/data/chara/ps4/tops/c_cw_t_mrp_b/tex03.par
  Image0/data/chara/ps4/tops/c_cw_t_mrp_b/tex04.par
  Image0/data/chara/ps4/tops/c_cw_t_mrp_b/tex05.par
  Image0/data/chara/ps4/tops/c_cw_t_mrp_c/mesh.par
  Image0/data/chara/ps4/tops/c_cw_t_mrp_c/tex00.par
  Image0/data/chara/ps4/tops/c_cw_t_mrp_c/tex01.par
  Image0/data/chara/ps4/tops/c_cw_t_mrp_c/tex02.par
  Image0/data/chara/ps4/tops/c_cw_t_mrp_c/tex03.par
  Image0/data/chara/ps4/tops/c_cw_t_mrp_c/tex04.par
  Image0/data/chara/ps4/tops/c_cw_t_mrp_c/tex05.par
  Image0/data/chara/ps4/tops/c_cw_t_mrp_d/mesh.par
  Image0/data/chara/ps4/tops/c_cw_t_mrp_d/tex00.par
  Image0/data/chara/ps4/tops/c_cw_t_mrp_d/tex01.par
  Image0/data/chara/ps4/tops/c_cw_t_mrp_d/tex02.par
  Image0/data/chara/ps4/tops/c_cw_t_mrp_d/tex03.par
  Image0/data/chara/ps4/tops/c_cw_t_mrp_d/tex04.par
  Image0/data/chara/ps4/tops/c_cw_t_mrp_d/tex05.par
  Image0/data/chara/ps4/tops/c_cw_t_nis_a/mesh.par
  Image0/data/chara/ps4/tops/c_cw_x_bth_a/mesh.par
  Image0/data/chara/ps4/tops/c_cw_x_ksj/mesh.par
  Image0/data/chara/ps4/tops/c_cw_x_ksj/tex00.par
  Image0/data/chara/ps4/tops/c_cw_x_ksj/tex01.par
  Image0/data/chara/ps4/tops/c_cw_x_vest/mesh.par
  Image0/data/chara_arc/ps4/all_stage_common.par
  Image0/data/chara_arc/ps4/all_stage_common2.par
  Image0/data/chara_arc/ps4/default.par
  Image0/data/chara_arc/ps4/main_07_0800_btl.par
  Image0/data/chara_arc/ps4/main_10_1100_btl.par
  Image0/data/chara_arc/ps4/stid_mg_d_batting.par
  Image0/data/chara_arc/ps4/stid_st_arena_a.par
  Image0/data/chara_arc/ps4/stid_st_barracks.par
  Image0/data/chara_arc/ps4/stid_st_cachot_a.par
  Image0/data/chara_arc/ps4/stid_st_casino.par
  Image0/data/chara_arc/ps4/stid_st_cassandra_a.par
  Image0/data/chara_arc/ps4/stid_st_clinic.par
  Image0/data/chara_arc/ps4/stid_st_club.par
  Image0/data/chara_arc/ps4/stid_st_hideout.par
  Image0/data/chara_arc/ps4/stid_st_o_caba.par
  Image0/data/chara_arc/ps4/stid_st_ruins_b.par
  Image0/data/chara_arc/ps4/stid_st_ruins_d.par
  Image0/data/chara_arc/ps4/stid_st_seed.par
  Image0/data/chara_arc/ps4/stid_st_summit_a.par
  Image0/data/chara_arc/ps4/stid_st_tavern_a.par
  Image0/data/chara_arc/ps4/stid_st_tavern_b.par
  Image0/data/chara_arc/ps4/stid_st_tavern_c.par
  Image0/data/chara_arc/ps4/stid_st_village_a.par
  Image0/data/chara_arc/ps4/stid_st_wasteland_f.par
  Image0/data/chara_arc/ps4/stid_st_wildland.par
  Image0/data/chara_common/bone.par
  Image0/data/chara_common/color.par
  Image0/data/chara_common/crowd_motion.par
  Image0/data/chara_common/dedit_color.bin
  Image0/data/chara_common/face_pattern.par
  Image0/data/chara_common/face_target.bin
  Image0/data/chara_common/face_target_blend.par
  Image0/data/chara_common/face_target_common/com01.par
  Image0/data/chara_common/face_target_common/com02.par
  Image0/data/chara_common/face_target_common/com03.par
  Image0/data/chara_common/face_target_common/com04.par
  Image0/data/chara_common/face_target_common/com05.par
  Image0/data/chara_common/face_target_common/com06.par
  Image0/data/chara_common/face_target_common/com09.par
  Image0/data/chara_common/face_target_common/com10.par
  Image0/data/chara_common/face_target_common/com11.par
  Image0/data/chara_common/face_target_common/com13.par
  Image0/data/chara_common/face_target_common/com14.par
  Image0/data/chara_common/face_target_common/com15.par
  Image0/data/chara_common/info.bin
  Image0/data/chara_common/list.par
  Image0/data/chara_common/list_ps4.par
  Image0/data/chara_common/name_list.bin
  Image0/data/chara_common/tex_common_ps3.par
  Image0/data/chara_common/tex_common_ps4.par
  Image0/data/chara_common/tongue_common.gmt
  Image0/data/cloth/cloth_collision.par
  Image0/data/cloth/test/cloth_test_cyl19_15.cth
  Image0/data/cloth/test/cy5.cth
  Image0/data/cloth/test/old/chouninb_1bone_vertical/c_cam_chouninb_etc_di.dds
  Image0/data/cloth/test/old/chouninb_1bone_vertical/c_cam_chouninb_etc_sp.dds
  Image0/data/cloth/test/old/chouninb_1bone_vertical/c_cam_chouninb_etc_tn.dds
  Image0/data/cloth/test/old/chouninb_1bone_vertical/c_cam_chouninb_face_di.dds
  Image0/data/cloth/test/old/chouninb_1bone_vertical/c_cam_chouninb_face_sp.dds
  Image0/data/cloth/test/old/chouninb_1bone_vertical/c_cam_chouninb_face_tn.dds
  Image0/data/cloth/test/old/chouninb_1bone_vertical/c_cam_chouninb_hair_di.dds
  Image0/data/cloth/test/old/chouninb_1bone_vertical/c_cam_chouninb_hair_sp.dds
  Image0/data/cloth/test/old/chouninb_1bone_vertical/c_cam_chouninb_hair_tn.dds
  Image0/data/cloth/test/old/chouninb_1bone_vertical/c_cam_chouninb_kimono_di.dds
  Image0/data/cloth/test/old/chouninb_1bone_vertical/c_cam_chouninb_kimono_sp.dds
  Image0/data/cloth/test/old/chouninb_1bone_vertical/c_cam_chouninb_kimono_tn.dds
  Image0/data/cloth/test/old/chouninb_1bone_vertical/chouninb_1bone_vcertical.gmd
  Image0/data/cloth/test/old/chouninb_1bone_vertical/chouninb_1bone_vcertical.gmd.txt
  Image0/data/cloth/test/old/chouninb_1bone_vertical/noicon.pic
  Image0/data/cloth/test/old/cloth_bone_test.gmd
  Image0/data/cloth/test/old/s_sir_tfusuma001_d.dds
  Image0/data/cloth/test/sq5.cth
A Image0/data/db/Lo de abajo es el DLL con la modificacion para traducir este juego.bin
A Image0/data/db/TFGame.YakuzaKiwami.dll
A Image0/data/db/____msg.bin.bak
A Image0/data/db/auth.bin.json
A Image0/data/db/auth_auth.bin.json.bin.json
A Image0/data/db/brocken.json
A Image0/data/db/en/(retraducir_del_japones)msg_star_amulet.bin.json
A Image0/data/db/en/KATAI.gp4
A Image0/data/db/en/KUNEY.gp4
A Image0/data/db/en/Keiner Carrasco.gp4
A Image0/data/db/en/Kisei y Katai.gp4
A Image0/data/db/en/LA MERA NETA.gp4
A Image0/data/db/en/La neta camioneta.gp4
A Image0/data/db/en/La neta netosa.gp4
A Image0/data/db/en/NANI.gp4
A Image0/data/db/en/Wayawera.gp4
A Image0/data/db/en/amsg_item.bin.json
A Image0/data/db/en/auth.bin
M Image0/data/db/en/auth_auth.bin
A Image0/data/db/en/auth_auth.bin.json
A Image0/data/db/en/auth_auth.bin.json.bin
A Image0/data/db/en/auth_auth.bin.json.bin - copia.json
A Image0/data/db/en/auth_authold.json
A Image0/data/db/en/ayayoi.gp4
A Image0/data/db/en/c_aw_daisy_bath.mp4
A Image0/data/db/en/character_full_model_data.bin
A Image0/data/db/en/character_full_model_data.bin.json
A Image0/data/db/en/character_model_model_data.bin
A Image0/data/db/en/character_model_model_data.bin.json
A Image0/data/db/en/character_parts_model_data.bin
A Image0/data/db/en/character_parts_model_data.bin.json
A Image0/data/db/en/clan_creator_main_menu.bin (1).json
  Image0/data/db/en/game_var.bin
A Image0/data/db/en/guzey.gp4
A Image0/data/db/en/instant_chat_answer.bin
A Image0/data/db/en/instant_mission_message.bin
A Image0/data/db/en/instant_mission_message.bin.json
A Image0/data/db/en/item.bin
A Image0/data/db/en/la_neta_netosa.bin
A Image0/data/db/en/loading_text.bin (1).json
A Image0/data/db/en/log.txt
A Image0/data/db/en/maldigo_a_los_Dragones_de_Dojima.bin
A Image0/data/db/en/map_place.bin
  Image0/data/db/en/minigame_baccarat_cpu.bin
M Image0/data/db/en/minigame_baccarat_gallery_msg.bin
A Image0/data/db/en/minigame_baccarat_gallery_msg.bin.json
M Image0/data/db/en/minigame_bartender_cooktail.bin
A Image0/data/db/en/minigame_bartender_cooktail.bin.json
M Image0/data/db/en/minigame_bartender_message.bin
A Image0/data/db/en/minigame_bartender_message.bin.json
M Image0/data/db/en/minigame_bartender_param.bin
  Image0/data/db/en/minigame_caba_operation.bin
  Image0/data/db/en/minigame_casino.bin
  Image0/data/db/en/minigame_controller_explain.bin
A Image0/data/db/en/minigame_dandle_baby_voice.bin
A Image0/data/db/en/minigame_dandle_baby_voice.bin.json
  Image0/data/db/en/minigame_death_batting.bin
M Image0/data/db/en/minigame_hikou_massage.bin
M Image0/data/db/en/minigame_infomation.bin
  Image0/data/db/en/minigame_mahjong.bin
  Image0/data/db/en/minigame_poker_com.bin
  Image0/data/db/en/minigame_roulette.bin
A Image0/data/db/en/minigame_sandlot_baseball_experience.bin.json
A Image0/data/db/en/minigame_sandlot_baseball_player.bin.json
A Image0/data/db/en/minigame_sandlot_baseball_probability.bin.json
A Image0/data/db/en/minigame_snack_common_message.bin.json
A Image0/data/db/en/minigame_snack_rank.bin.json
  Image0/data/db/en/minigame_ufo.bin
A Image0/data/db/en/mission_kind.bin
A Image0/data/db/en/mission_kind.bin (1) (1).json
A Image0/data/db/en/mission_kind.bin.json
A Image0/data/db/en/mission_kind.bin.json.bin
M Image0/data/db/en/msg.bin
A Image0/data/db/en/msg.bin.json
  Image0/data/db/en/msg_abeshi_collection.bin
M Image0/data/db/en/msg_ability.bin
A Image0/data/db/en/msg_ability.bin.json
M Image0/data/db/en/msg_activity.bin
A Image0/data/db/en/msg_activity.bin.json
M Image0/data/db/en/msg_amulet_shop.bin
M Image0/data/db/en/msg_author.bin
A Image0/data/db/en/msg_author.bin.json
M Image0/data/db/en/msg_bounty_hunter.bin
M Image0/data/db/en/msg_buggy_cstm.bin
  Image0/data/db/en/msg_buggy_parts_add_name.bin
M Image0/data/db/en/msg_buggy_parts_explanation.bin
M Image0/data/db/en/msg_buggy_race.bin
M Image0/data/db/en/msg_caption.bin
A Image0/data/db/en/msg_caption.bin.json
M Image0/data/db/en/msg_colosseum.bin
M Image0/data/db/en/msg_colosseum_mode.bin
  Image0/data/db/en/msg_colosseum_participant.bin
M Image0/data/db/en/msg_complete_heat.bin
M Image0/data/db/en/msg_complete_minigamecsv.bin
M Image0/data/db/en/msg_correlation_person.bin
M Image0/data/db/en/msg_enemy_words.bin
A Image0/data/db/en/msg_enemy_words.bin.json
M Image0/data/db/en/msg_explanation_main_mission.bin
A Image0/data/db/en/msg_explanation_main_mission.bin.json
M Image0/data/db/en/msg_explanation_side_mission.bin
A Image0/data/db/en/msg_explanation_side_mission.bin.json
  Image0/data/db/en/msg_extra.bin
  Image0/data/db/en/msg_head_info.bin
M Image0/data/db/en/msg_item.bin
A Image0/data/db/en/msg_item.bin.json
M Image0/data/db/en/msg_map_name.bin
A Image0/data/db/en/msg_map_name.bin.json
  Image0/data/db/en/msg_result.bin
  Image0/data/db/en/msg_rin_shop.bin
  Image0/data/db/en/msg_shop.bin
M Image0/data/db/en/msg_star_amulet.bin
A Image0/data/db/en/msg_star_amulet.bin.json
M Image0/data/db/en/msg_star_amulet_combi.bin
A Image0/data/db/en/msg_star_amulet_combi.bin.json
  Image0/data/db/en/msg_tips_tutorial.bin
  Image0/data/db/en/msg_tips_tutorial_category.bin
M Image0/data/db/en/msg_trader.bin
M Image0/data/db/en/msg_tutorial.bin
  Image0/data/db/en/msg_user_death_agony.bin
  Image0/data/db/en/msg_wildland_bgm.bin
A Image0/data/db/en/nigga.gp4
  Image0/data/db/en/parameter_enemy_gauge.bin
A Image0/data/db/en/pause_profile.bin.json
A Image0/data/db/en/pause_sns.bin
A Image0/data/db/en/pause_sns.bin.json
A Image0/data/db/en/pause_tutorial.bin.json
A Image0/data/db/en/player_skill_category.bin.json
A Image0/data/db/en/scene_config.bin
A Image0/data/db/en/scene_config.bin.json
  Image0/data/db/en/script.bin
  Image0/data/db/en/script_script.bin
A Image0/data/db/en/sound_auth.bin
A Image0/data/db/en/sound_auth.bin.json
A Image0/data/db/en/sound_auth.bin.json.bin
A Image0/data/db/en/sound_auth.bin.json.bin.json
A Image0/data/db/en/sound_auth.bin.json.bin.json.bin
A Image0/data/db/en/sub_story_mission.bin
A Image0/data/db/en/sub_story_mission.bin.json
A Image0/data/db/en/table_stage_warp.bin
A Image0/data/db/en/table_stage_warp.bin.json
A Image0/data/db/en/title_movie_chapter.bin
A Image0/data/db/en/title_movie_chapter.bin.json
A Image0/data/db/en/title_root.bin
A Image0/data/db/en/title_root.bin.json
  Image0/data/db/en/trophy.bin
A Image0/data/db/en/wacamole wey.gp4
A Image0/data/db/item.bin.json
  Image0/data/db/ja/auth_auth.bin
  Image0/data/db/ja/game_var.bin
  Image0/data/db/ja/minigame_baccarat_cpu.bin
  Image0/data/db/ja/minigame_baccarat_gallery_msg.bin
  Image0/data/db/ja/minigame_bartender_cooktail.bin
  Image0/data/db/ja/minigame_bartender_message.bin
  Image0/data/db/ja/minigame_bartender_param.bin
  Image0/data/db/ja/minigame_caba_operation.bin
  Image0/data/db/ja/minigame_casino.bin
  Image0/data/db/ja/minigame_controller_explain.bin
  Image0/data/db/ja/minigame_death_batting.bin
  Image0/data/db/ja/minigame_hikou_massage.bin
  Image0/data/db/ja/minigame_infomation.bin
  Image0/data/db/ja/minigame_information.bin
  Image0/data/db/ja/minigame_mahjong.bin
  Image0/data/db/ja/minigame_poker_com.bin
  Image0/data/db/ja/minigame_roulette.bin
  Image0/data/db/ja/minigame_ufo.bin
  Image0/data/db/ja/msg.bin
  Image0/data/db/ja/msg_abeshi_collection.bin
  Image0/data/db/ja/msg_ability.bin
  Image0/data/db/ja/msg_activity.bin
  Image0/data/db/ja/msg_amulet_shop.bin
  Image0/data/db/ja/msg_author.bin
  Image0/data/db/ja/msg_bounty_hunter.bin
  Image0/data/db/ja/msg_buggy_cstm.bin
  Image0/data/db/ja/msg_buggy_parts_add_name.bin
  Image0/data/db/ja/msg_buggy_parts_explanation.bin
  Image0/data/db/ja/msg_buggy_race.bin
  Image0/data/db/ja/msg_caption.bin
  Image0/data/db/ja/msg_colosseum.bin
  Image0/data/db/ja/msg_colosseum_mode.bin
  Image0/data/db/ja/msg_colosseum_participant.bin
  Image0/data/db/ja/msg_complete_heat.bin
  Image0/data/db/ja/msg_complete_minigamecsv.bin
  Image0/data/db/ja/msg_correlation_person.bin
  Image0/data/db/ja/msg_enemy_words.bin
  Image0/data/db/ja/msg_explanation_main_mission.bin
  Image0/data/db/ja/msg_explanation_side_mission.bin
  Image0/data/db/ja/msg_extra.bin
  Image0/data/db/ja/msg_head_info.bin
  Image0/data/db/ja/msg_item.bin
  Image0/data/db/ja/msg_map_name.bin
  Image0/data/db/ja/msg_result.bin
  Image0/data/db/ja/msg_rin_shop.bin
  Image0/data/db/ja/msg_shop.bin
  Image0/data/db/ja/msg_star_amulet.bin
  Image0/data/db/ja/msg_star_amulet_combi.bin
  Image0/data/db/ja/msg_tips_tutorial.bin
  Image0/data/db/ja/msg_tips_tutorial_category.bin
  Image0/data/db/ja/msg_trader.bin
  Image0/data/db/ja/msg_tutorial.bin
  Image0/data/db/ja/msg_user_death_agony.bin
  Image0/data/db/ja/msg_wildland_bgm.bin
  Image0/data/db/ja/parameter_enemy_gauge.bin
  Image0/data/db/ja/script.bin
  Image0/data/db/ja/script_script.bin
  Image0/data/db/ja/trophy.bin
  Image0/data/db/ko/auth_auth.bin
  Image0/data/db/ko/game_var.bin
  Image0/data/db/ko/minigame_baccarat_cpu.bin
  Image0/data/db/ko/minigame_baccarat_gallery_msg.bin
  Image0/data/db/ko/minigame_bartender_cooktail.bin
  Image0/data/db/ko/minigame_bartender_message.bin
  Image0/data/db/ko/minigame_bartender_param.bin
  Image0/data/db/ko/minigame_caba_operation.bin
  Image0/data/db/ko/minigame_casino.bin
  Image0/data/db/ko/minigame_controller_explain.bin
  Image0/data/db/ko/minigame_death_batting.bin
  Image0/data/db/ko/minigame_hikou_massage.bin
  Image0/data/db/ko/minigame_infomation.bin
  Image0/data/db/ko/minigame_mahjong.bin
  Image0/data/db/ko/minigame_poker_com.bin
  Image0/data/db/ko/minigame_roulette.bin
  Image0/data/db/ko/minigame_ufo.bin
  Image0/data/db/ko/msg.bin
  Image0/data/db/ko/msg_abeshi_collection.bin
  Image0/data/db/ko/msg_ability.bin
  Image0/data/db/ko/msg_activity.bin
  Image0/data/db/ko/msg_amulet_shop.bin
  Image0/data/db/ko/msg_author.bin
  Image0/data/db/ko/msg_bounty_hunter.bin
  Image0/data/db/ko/msg_buggy_cstm.bin
  Image0/data/db/ko/msg_buggy_parts_add_name.bin
  Image0/data/db/ko/msg_buggy_parts_explanation.bin
  Image0/data/db/ko/msg_buggy_race.bin
  Image0/data/db/ko/msg_caption.bin
  Image0/data/db/ko/msg_colosseum.bin
  Image0/data/db/ko/msg_colosseum_mode.bin
  Image0/data/db/ko/msg_colosseum_participant.bin
  Image0/data/db/ko/msg_complete_heat.bin
  Image0/data/db/ko/msg_complete_minigamecsv.bin
  Image0/data/db/ko/msg_correlation_person.bin
  Image0/data/db/ko/msg_enemy_words.bin
  Image0/data/db/ko/msg_explanation_main_mission.bin
  Image0/data/db/ko/msg_explanation_side_mission.bin
  Image0/data/db/ko/msg_extra.bin
  Image0/data/db/ko/msg_head_info.bin
  Image0/data/db/ko/msg_item.bin
  Image0/data/db/ko/msg_map_name.bin
  Image0/data/db/ko/msg_result.bin
  Image0/data/db/ko/msg_rin_shop.bin
  Image0/data/db/ko/msg_shop.bin
  Image0/data/db/ko/msg_star_amulet.bin
  Image0/data/db/ko/msg_star_amulet_combi.bin
  Image0/data/db/ko/msg_tips_tutorial.bin
  Image0/data/db/ko/msg_tips_tutorial_category.bin
  Image0/data/db/ko/msg_trader.bin
  Image0/data/db/ko/msg_tutorial.bin
  Image0/data/db/ko/msg_user_death_agony.bin
  Image0/data/db/ko/msg_wildland_bgm.bin
  Image0/data/db/ko/parameter_enemy_gauge.bin
  Image0/data/db/ko/script.bin
  Image0/data/db/ko/script_script.bin
  Image0/data/db/ko/trophy.bin
A Image0/data/db/mission_kind.bin.json
A Image0/data/db/msg.bin.json
A Image0/data/db/msg_enemy_words.bin.json
A Image0/data/db/pause_sns.bin.json
A Image0/data/db/reARMP.exe
A Image0/data/db/sound_auth.bin.json.bin.json.bin.json.bin.json
A Image0/data/db/title_root.bin.json
  Image0/data/db/zh/auth_auth.bin
  Image0/data/db/zh/game_var.bin
  Image0/data/db/zh/minigame_baccarat_cpu.bin
  Image0/data/db/zh/minigame_baccarat_gallery_msg.bin
  Image0/data/db/zh/minigame_bartender_cooktail.bin
  Image0/data/db/zh/minigame_bartender_message.bin
  Image0/data/db/zh/minigame_bartender_param.bin
  Image0/data/db/zh/minigame_caba_operation.bin
  Image0/data/db/zh/minigame_casino.bin
  Image0/data/db/zh/minigame_controller_explain.bin
  Image0/data/db/zh/minigame_death_batting.bin
  Image0/data/db/zh/minigame_hikou_massage.bin
  Image0/data/db/zh/minigame_infomation.bin
  Image0/data/db/zh/minigame_mahjong.bin
  Image0/data/db/zh/minigame_poker_com.bin
  Image0/data/db/zh/minigame_roulette.bin
  Image0/data/db/zh/minigame_ufo.bin
  Image0/data/db/zh/msg.bin
  Image0/data/db/zh/msg_abeshi_collection.bin
  Image0/data/db/zh/msg_ability.bin
  Image0/data/db/zh/msg_activity.bin
  Image0/data/db/zh/msg_amulet_shop.bin
  Image0/data/db/zh/msg_author.bin
  Image0/data/db/zh/msg_bounty_hunter.bin
  Image0/data/db/zh/msg_buggy_cstm.bin
  Image0/data/db/zh/msg_buggy_parts_add_name.bin
  Image0/data/db/zh/msg_buggy_parts_explanation.bin
  Image0/data/db/zh/msg_buggy_race.bin
  Image0/data/db/zh/msg_caption.bin
  Image0/data/db/zh/msg_colosseum.bin
  Image0/data/db/zh/msg_colosseum_mode.bin
  Image0/data/db/zh/msg_colosseum_participant.bin
  Image0/data/db/zh/msg_complete_heat.bin
  Image0/data/db/zh/msg_complete_minigamecsv.bin
  Image0/data/db/zh/msg_correlation_person.bin
  Image0/data/db/zh/msg_enemy_words.bin
  Image0/data/db/zh/msg_explanation_main_mission.bin
  Image0/data/db/zh/msg_explanation_side_mission.bin
  Image0/data/db/zh/msg_extra.bin
  Image0/data/db/zh/msg_head_info.bin
  Image0/data/db/zh/msg_item.bin
  Image0/data/db/zh/msg_map_name.bin
  Image0/data/db/zh/msg_result.bin
  Image0/data/db/zh/msg_rin_shop.bin
  Image0/data/db/zh/msg_shop.bin
  Image0/data/db/zh/msg_star_amulet.bin
  Image0/data/db/zh/msg_star_amulet_combi.bin
  Image0/data/db/zh/msg_tips_tutorial.bin
  Image0/data/db/zh/msg_tips_tutorial_category.bin
  Image0/data/db/zh/msg_trader.bin
  Image0/data/db/zh/msg_tutorial.bin
  Image0/data/db/zh/msg_user_death_agony.bin
  Image0/data/db/zh/msg_wildland_bgm.bin
  Image0/data/db/zh/parameter_enemy_gauge.bin
  Image0/data/db/zh/script.bin
  Image0/data/db/zh/script_script.bin
  Image0/data/db/zh/trophy.bin
  Image0/data/effect/effect_always.par
  Image0/data/effect/effect_always_vita.par
  Image0/data/effect/event/btl_last_baba.mep
  Image0/data/effect/event/caba_heateye_particle.mep
  Image0/data/effect/event/caba_heateye_screen.mep
  Image0/data/effect/event/caba_screen.mep
  Image0/data/effect/event/catfight_crowd.mep
  Image0/data/effect/event/catfight_crowd_capture.mep
  Image0/data/effect/event/catfight_crowd_onlyadv.mep
  Image0/data/effect/event/chohan01.mep
  Image0/data/effect/event/chohan02.mep
  Image0/data/effect/event/cima_btl_end_screen_eff.mep
  Image0/data/effect/event/cima_btl_end_screen_eff_eve.mep
  Image0/data/effect/event/cima_btl_end_screen_eff_ngt.mep
  Image0/data/effect/event/cima_carchase_heateye_loop.mep
  Image0/data/effect/event/cima_carchase_player_damage.mep
  Image0/data/effect/event/cima_pocket_dawnforce_loop.mep
  Image0/data/effect/event/cima_skill_detect_screen_ed.mep
  Image0/data/effect/event/cima_skill_detect_screen_lp.mep
  Image0/data/effect/event/cima_skill_detect_screen_st.mep
  Image0/data/effect/event/cima_skill_dragon_screen_ed.mep
  Image0/data/effect/event/cima_skill_dragon_screen_lp.mep
  Image0/data/effect/event/cima_skill_dragon_screen_st.mep
  Image0/data/effect/event/cima_skill_hakai_screen_ed.mep
  Image0/data/effect/event/cima_skill_hakai_screen_lp.mep
  Image0/data/effect/event/cima_skill_hakai_screen_st.mep
  Image0/data/effect/event/cima_skill_heal.mep
  Image0/data/effect/event/cima_skill_konjo_screen_ed.mep
  Image0/data/effect/event/cima_skill_konjo_screen_lp.mep
  Image0/data/effect/event/cima_skill_konjo_screen_st.mep
  Image0/data/effect/event/cima_skill_shinsoku_screen_ed.mep
  Image0/data/effect/event/cima_skill_shinsoku_screen_lp.mep
  Image0/data/effect/event/cima_skill_shinsoku_screen_st.mep
  Image0/data/effect/event/col_crowd.mep
  Image0/data/effect/event/col_crowd_far.mep
  Image0/data/effect/event/damege_flash.mep
  Image0/data/effect/event/drift_dash.mep
  Image0/data/effect/event/drift_ok.mep
  Image0/data/effect/event/dv2_adv_dash.mep
  Image0/data/effect/event/dv2_chase_en.mep
  Image0/data/effect/event/dv2_chase_lp.mep
  Image0/data/effect/event/dv2_chase_st.mep
  Image0/data/effect/event/dv2_janken.mep
  Image0/data/effect/event/dv2_kajiyamg01.mep
  Image0/data/effect/event/dv2_kajiyamgbgseq.mep
  Image0/data/effect/event/dv2_kajiyamgbgseq01lp.mep
  Image0/data/effect/event/dv2_kajiyamgbgseq01st.mep
  Image0/data/effect/event/dv2_kajiyamgbgseq02lp.mep
  Image0/data/effect/event/dv2_kajiyamgbgseq02st.mep
  Image0/data/effect/event/dv2_kajiyamgbgseq03lp.mep
  Image0/data/effect/event/dv2_kajiyamgbgseq03st.mep
  Image0/data/effect/event/dv2_kajiyamgbgseq04fin.mep
  Image0/data/effect/event/dv2_mg_makiwarisuccess.mep
  Image0/data/effect/event/dv2_swordboost.mep
  Image0/data/effect/event/dv2_ti_lowvisibility.mep
  Image0/data/effect/event/dv2_z2g_gun_hit.mep
  Image0/data/effect/event/dv_airstrike_flash_new.mep
  Image0/data/effect/event/dv_mousou_tsukimino.mep
  Image0/data/effect/event/dv_taxi_speed_max.mep
  Image0/data/effect/event/dv_taxi_speed_min.mep
  Image0/data/effect/event/explosion_blur_a.mep
  Image0/data/effect/event/explosion_blur_b.mep
  Image0/data/effect/event/explosion_impact_a.mep
  Image0/data/effect/event/heatstart_devil.mep
  Image0/data/effect/event/heatstart_devil2.mep
  Image0/data/effect/event/hitstop_screen.mep
  Image0/data/effect/event/if8_anytime.mep
  Image0/data/effect/event/item_migawariishi.mep
  Image0/data/effect/event/mars_abecolle_screen.mep
  Image0/data/effect/event/mars_bar_failure.mep
  Image0/data/effect/event/mars_bar_success.mep
  Image0/data/effect/event/mars_clinic_lv1.mep
  Image0/data/effect/event/mars_clinic_lv1_st.mep
  Image0/data/effect/event/mars_clinic_lv2.mep
  Image0/data/effect/event/mars_clinic_lv2_st.mep
  Image0/data/effect/event/mars_clinic_lv3.mep
  Image0/data/effect/event/mars_clinic_lv3_st.mep
  Image0/data/effect/event/mars_clinic_lv4.mep
  Image0/data/effect/event/mars_clinic_lv4_st.mep
  Image0/data/effect/event/mars_colosseo_fog01.mep
  Image0/data/effect/event/mars_crowd_cassandra_01.mep
  Image0/data/effect/event/mars_crowd_coliseum_01.mep
  Image0/data/effect/event/mars_crowd_coliseum_02.mep
  Image0/data/effect/event/mars_crowd_coliseum_03.mep
  Image0/data/effect/event/mars_hra_speedup_screen.mep
  Image0/data/effect/event/mars_hs2_ed.mep
  Image0/data/effect/event/mars_hs2_lp.mep
  Image0/data/effect/event/mars_hs2_st.mep
  Image0/data/effect/event/mars_ken_fps_sway.mep
  Image0/data/effect/event/mars_ken_sau_hart01.mep
  Image0/data/effect/event/mars_ken_sau_hart02.mep
  Image0/data/effect/event/mars_ken_sau_hart03.mep
  Image0/data/effect/event/mars_sc_atk_b.mep
  Image0/data/effect/event/mars_sc_atk_c.mep
  Image0/data/effect/event/mars_sc_atk_g.mep
  Image0/data/effect/event/mars_sc_atk_o.mep
  Image0/data/effect/event/mars_sc_atk_p.mep
  Image0/data/effect/event/mars_sc_atk_r.mep
  Image0/data/effect/event/mars_sc_atk_w.mep
  Image0/data/effect/event/mars_sc_atk_y.mep
  Image0/data/effect/event/mars_sc_white.mep
  Image0/data/effect/event/mars_skill_activate_screen_ed.mep
  Image0/data/effect/event/mars_skill_activate_screen_lp.mep
  Image0/data/effect/event/mars_skill_activate_screen_st.mep
  Image0/data/effect/event/mars_skill_resurrection.mep
  Image0/data/effect/event/mars_turbo_end.mep
  Image0/data/effect/event/mars_turbo_loop.mep
  Image0/data/effect/event/mars_turbo_start.mep
  Image0/data/effect/event/pink_heart_27r.mep
  Image0/data/effect/event/pink_heart_50r.mep
  Image0/data/effect/event/senkoudan.mep
  Image0/data/effect/event/skill_ao_no_kigurai.mep
  Image0/data/effect/event/skill_final_maximam.mep
  Image0/data/effect/event/st_kyoto_karasu01.mep
  Image0/data/effect/event/st_tosataihou.mep
  Image0/data/effect/event/turbo_end.mep
  Image0/data/effect/event/turbo_loop.mep
  Image0/data/effect/event/turbo_start.mep
  Image0/data/effect/human_event/adv.par
  Image0/data/effect/human_event/btl.par
  Image0/data/effect/human_event/mng.par
  Image0/data/effect/ptc_arc_ps4/cmn.par
  Image0/data/effect/ptc_arc_ps4/fkc.par
  Image0/data/effect/ptc_arc_ps4/fkh.par
  Image0/data/effect/ptc_arc_ps4/fkl.par
  Image0/data/effect/ptc_arc_ps4/fks.par
  Image0/data/effect/ptc_arc_ps4/fma.par
  Image0/data/effect/ptc_arc_ps4/fmb.par
  Image0/data/effect/ptc_arc_ps4/fmd.par
  Image0/data/effect/ptc_arc_ps4/fmk.par
  Image0/data/effect/ptc_arc_ps4/qma.par
  Image0/data/effect/ptc_arc_ps4/qmb.par
  Image0/data/effect/ptc_arc_ps4/qmc.par
  Image0/data/effect/ptc_arc_ps4/qmd.par
  Image0/data/effect/ptc_arc_ps4/qme.par
  Image0/data/effect/ptc_arc_ps4/qmf.par
  Image0/data/effect/ptc_arc_ps4/qqj.par
  Image0/data/effect/ptc_arc_ps4/sar.par
  Image0/data/effect/ptc_arc_ps4/sha.par
  Image0/data/effect/ptc_arc_ps4/shb.par
  Image0/data/effect/ptc_arc_ps4/shc.par
  Image0/data/effect/ptc_arc_ps4/shd.par
  Image0/data/effect/ptc_arc_ps4/she.par
  Image0/data/effect/ptc_arc_ps4/shg.par
  Image0/data/effect/ptc_arc_ps4/shh.par
  Image0/data/effect/ptc_arc_ps4/shi.par
  Image0/data/effect/ptc_arc_ps4/shj.par
  Image0/data/effect/ptc_arc_ps4/shk.par
  Image0/data/effect/ptc_arc_ps4/shm.par
  Image0/data/effect/ptc_arc_ps4/sho.par
  Image0/data/effect/ptc_arc_ps4/shr.par
  Image0/data/effect/ptc_arc_ps4/sko.par
  Image0/data/effect/ptc_arc_ps4/sku.par
  Image0/data/effect/ptc_arc_ps4/sle.par
  Image0/data/effect/ptc_arc_ps4/slo.par
  Image0/data/effect/ptc_arc_ps4/slp.par
  Image0/data/effect/ptc_arc_ps4/slq.par
  Image0/data/effect/ptc_arc_ps4/slu.par
  Image0/data/effect/ptc_arc_ps4/snd.par
  Image0/data/effect/ptc_arc_ps4/snk.par
  Image0/data/effect/ptc_arc_ps4/sns.par
  Image0/data/effect/ptc_arc_ps4/sny.par
  Image0/data/effect/ptc_arc_ps4/sod.par
  Image0/data/effect/ptc_arc_ps4/sok.par
  Image0/data/effect/ptc_arc_ps4/sor.par
  Image0/data/effect/ptc_arc_ps4/spp.par
  Image0/data/effect/ptc_arc_ps4/srd.par
  Image0/data/effect/ptc_arc_ps4/ssb.par
  Image0/data/effect/ptc_arc_ps4/ssc.par
  Image0/data/effect/ptc_arc_ps4/ssd.par
  Image0/data/effect/ptc_arc_ps4/ssm.par
  Image0/data/effect/ptc_arc_ps4/sso.par
  Image0/data/effect/ptc_arc_ps4/ssr.par
  Image0/data/effect/ptc_arc_ps4/stk.par
  Image0/data/effect/ptc_arc_ps4/sts.par
  Image0/data/effect/ptc_arc_ps4/tlk.par
  Image0/data/effect/ptc_cmn_dat.pcd
  Image0/data/fighter/command/fighter_command.cfc
  Image0/data/fighter/hact.chp
  Image0/data/fighter/hactpre.chh
  Image0/data/fighter/player_lv40.cpa
  Image0/data/fighter/player_lv80.cpa
  Image0/data/fighter/scenario00.cpa
  Image0/data/fighter/scenario01.cpa
  Image0/data/fighter/scenario02.cpa
  Image0/data/fighter/scenario03.cpa
  Image0/data/fighter/scenario04.cpa
  Image0/data/fighter/scenario05.cpa
  Image0/data/fighter/scenario06.cpa
  Image0/data/fighter/scenario07.cpa
  Image0/data/fighter/scenario08.cpa
  Image0/data/fighter/scenario09.cpa
  Image0/data/fighter/scenario10.cpa
  Image0/data/fighter/scenario11.cpa
  Image0/data/fighter/scenario_endless.cpa
  Image0/data/fighter/taikenkai.cpa
  Image0/data/fighter/taikenkai_adv.cpa
  Image0/data/flood.par
A Image0/data/fontpar/ParTool.exe
M Image0/data/fontpar/font.par
A Image0/data/fontpar/injerct/hd2/hd2_hankaku.dds
A Image0/data/fontpar/injerct/hd3/hd3_hankaku.dds
A Image0/data/fontpar/katai.bat
A Image0/data/fontpar/wdr.par
A Image0/data/fontpar/weon.par
  Image0/data/gamedata/icon0.png
  Image0/data/gamedata/pic1.png
  Image0/data/gamedata/revision.dat
  Image0/data/hact/826_cut001.par
  Image0/data/hact/a00_0000_ken_meets_shin.par
  Image0/data/hact/a11100_uda_btlst.par
  Image0/data/hact/a11100_uda_btlst_tsunagi.par
  Image0/data/hact/a11400_tar_btlst.par
  Image0/data/hact/a11400_tar_btlst_tsunagi.par
  Image0/data/hact/a11401_tar_btlst_tsunagi.par
  Image0/data/hact/a30000_togijo.par
  Image0/data/hact/a30002_togijo_1st.par
  Image0/data/hact/a30003_togijo_1stgame.par
  Image0/data/hact/a30004_togijo_final.par
  Image0/data/hact/a30005_togijo_mujin.par
  Image0/data/hact/a47000_ugl_btlst.par
  Image0/data/hact/a52000_rei_btlst.par
  Image0/data/hact/a52000_rei_btlst_tsunagi.par
  Image0/data/hact/a60321_open_saku.par
  Image0/data/hact/a60330_down_attack.par
  Image0/data/hact/a60340_jump_toilet.par
  Image0/data/hact/a60410_appear_sude_only_boss.par
  Image0/data/hact/a60450_appear_sude_only_boss.par
  Image0/data/hact/a60460_open_door_p.par
  Image0/data/hact/a60470_kakiwake.par
  Image0/data/hact/a60471_kakiwake_01.par
  Image0/data/hact/a60472_kakiwake_02.par
  Image0/data/hact/a60473_kakiwake_03.par
  Image0/data/hact/a60474_kakiwake_04.par
  Image0/data/hact/a60480_hact_oda.par
  Image0/data/hact/a60490_open_door_n.par
  Image0/data/hact/a60510_open_wdoor_p.par
  Image0/data/hact/a60520_open_wdoor_n.par
  Image0/data/hact/a60530_open_wdoor_pk.par
  Image0/data/hact/a60540_open_fusuma_p.par
  Image0/data/hact/a60550_open_fusuma_n.par
  Image0/data/hact/a60560_open_fusuma_pk.par
  Image0/data/hact/a60570_appear_boss1_gun2.par
  Image0/data/hact/a60590_appear_sude_boss3.par
  Image0/data/hact/a60600_appear_k_boss1_zako2.par
  Image0/data/hact/a60610_appear_h_boss1_zako2.par
  Image0/data/hact/a60620_appear_s_boss1_zako2.par
  Image0/data/hact/a60621_appear_c_boss1_zako2.par
  Image0/data/hact/a60640_appear_kn_boss1_zako2.par
  Image0/data/hact/a60641_appear_1356.par
  Image0/data/hact/a60650_appear_t_r.par
  Image0/data/hact/a60660_appear_t_l.par
  Image0/data/hact/a60670_appear_t_around.par
  Image0/data/hact/a60680_appear_t_f.par
  Image0/data/hact/a60690_appear_zako3.par
  Image0/data/hact/a60700_appear_zako5.par
  Image0/data/hact/a60710_door_down.par
  Image0/data/hact/a60720_tessen_st.par
  Image0/data/hact/a60800_krh_bacchus.par
  Image0/data/hact/a60810_krc_tatsunee.par
  Image0/data/hact/a60820_mjb_feifu.par
  Image0/data/hact/a60830_mjd_areshi.par
  Image0/data/hact/a60840_esc_makotowait.par
  Image0/data/hact/a60850_esc_hide_l.par
  Image0/data/hact/a60860_esc_hide_r.par
  Image0/data/hact/a60870_esc_hide_c.par
  Image0/data/hact/a60880_esc_run_long.par
  Image0/data/hact/a60890_esc_kubishime_ng.par
  Image0/data/hact/a60891_esc_kubishime_ng01.par
  Image0/data/hact/a60900_esc_makoto_back.par
  Image0/data/hact/a60910_esc_encenemy.par
  Image0/data/hact/a60920_esc_hide_l_osaka.par
  Image0/data/hact/a60921_esc_shimeotoshi_ok02.par
  Image0/data/hact/a60930_esc_hide_r_osaka.par
  Image0/data/hact/a60931_esc_shimeotoshi_ok.par
  Image0/data/hact/a60932_esc_shimeotoshi_ng.par
  Image0/data/hact/a60933_esc_makoto_btlst.par
  Image0/data/hact/a60940_esc_hide_c_osaka.par
  Image0/data/hact/a60941_esc_shimeotoshi_ok01.par
  Image0/data/hact/a61000_gun_jump_hinawa.par
  Image0/data/hact/a61010_init_kannondoor_open.par
  Image0/data/hact/a61020_jingu_landing.par
  Image0/data/hact/a61030_convoy_end.par
  Image0/data/hact/a61031_convoy_start.par
  Image0/data/hact/a61040_appear_zako6_2door.par
  Image0/data/hact/a61041_appear_zako6_2door_2f.par
  Image0/data/hact/a61050_jump_suiren.par
  Image0/data/hact/a61051_jump_millennium.par
  Image0/data/hact/a61052_jump_zakkyo.par
  Image0/data/hact/a61053_jump_millennium_2f.par
  Image0/data/hact/a61060_appear_zako4_walk_a.par
  Image0/data/hact/a61070_appear_zakkyo_door.par
  Image0/data/hact/a61080_inroom_zako3.par
  Image0/data/hact/a61090_mjm_dead.par
  Image0/data/hact/a61100_appear_zako2.par
  Image0/data/hact/a61110_bou_knife_zako.par
  Image0/data/hact/a72000_sau_btlst.par
  Image0/data/hact/a72000_sau_btlst_tsunagi.par
  Image0/data/hact/a8100_init_1man.par
  Image0/data/hact/a8300_appear_kenshi_5men.par
  Image0/data/hact/a8310_appear_rifle_5men.par
  Image0/data/hact/a8320_appear_gun_5men.par
  Image0/data/hact/a8321_appear_gun_men.par
  Image0/data/hact/a8330_appear_middle_boss.par
  Image0/data/hact/a97000_rao_btlst.par
  Image0/data/hact/a99999_wildland_enc.par
  Image0/data/hact/bg_market_a_07_cam.par
  Image0/data/hact/buggyrace_start01.par
  Image0/data/hact/buggyrace_start02.par
  Image0/data/hact/c00_001.par
  Image0/data/hact/c00_0100.par
  Image0/data/hact/c00_0200.par
  Image0/data/hact/c06_0100.par
  Image0/data/hact/c06_0200.par
  Image0/data/hact/c06_0300.par
  Image0/data/hact/c07_0100.par
  Image0/data/hact/c07_0200.par
  Image0/data/hact/c10_0100.par
  Image0/data/hact/c10_0101.par
  Image0/data/hact/c10_0102.par
  Image0/data/hact/c11_0100.par
  Image0/data/hact/c11_0200.par
  Image0/data/hact/c11_0300.par
  Image0/data/hact/c11_0400.par
  Image0/data/hact/c20_0100.par
  Image0/data/hact/c40000_face_f3b2l2r2.par
  Image0/data/hact/c40100_face_f2b2l1r1.par
  Image0/data/hact/c40500_bust_f3b2l2r2.par
  Image0/data/hact/c40501_bust_f3b2l2r2.par
  Image0/data/hact/c40600_bust_f2b3l2r4.par
  Image0/data/hact/c41000_pfrd_f2b1l1r1.par
  Image0/data/hact/c41050_pfru_f2b1l1r1.par
  Image0/data/hact/c41200_pbrd_f1b2l1r1.par
  Image0/data/hact/c41250_pbru_f1b2l1r1.par
  Image0/data/hact/c41300_pbru_f4b1l2r2.par
  Image0/data/hact/c41301_pbru_f4b1l2r2.par
  Image0/data/hact/c41350_pbru_f4b1l2r2.par
  Image0/data/hact/c41400_pfld_f2b1l1r1.par
  Image0/data/hact/c41500_pflu_f2b2l2r1.par
  Image0/data/hact/c41550_pflu_f4b2l2r1.par
  Image0/data/hact/c41600_pbld_f1b2l1r1.par
  Image0/data/hact/c41650_pbld_f1b2l1r1.par
  Image0/data/hact/c41660_pbld_f1b2l1r1.par
  Image0/data/hact/c41700_pblu_f4b1l2r2.par
  Image0/data/hact/c41800_efcd_f2b1l1r1.par
  Image0/data/hact/c41850_efcd_f2b1l1r1.par
  Image0/data/hact/c42000_back_f1b1l1r1.par
  Image0/data/hact/c42001_back_f1b1l1r1.par
  Image0/data/hact/c42010_back_f3b2l1r2.par
  Image0/data/hact/c42011_back_f3b1l1r3.par
  Image0/data/hact/c42012_back_f3b1l2r1.par
  Image0/data/hact/c42050_efrd_f1b2l1r2.par
  Image0/data/hact/c42060_efrd_f1b2l1r2.par
  Image0/data/hact/c42100_efru_f1b2l1r2.par
  Image0/data/hact/c42200_efld_f1b2l2r.par
  Image0/data/hact/c42250_efld_f3b2l3r1.par
  Image0/data/hact/c42300_eflu_f1b2l2r1.par
  Image0/data/hact/c42400_ebrd_f3b2l1r1.par
  Image0/data/hact/c42500_ebru_f3b2l2r1.par
  Image0/data/hact/c42600_ebld_f3b2l1r1.par
  Image0/data/hact/c42700_eblu_f3b2l1r2.par
  Image0/data/hact/c42900_pefcd_f1b2l1r1.par
  Image0/data/hact/c46000_btlst_1vs1_a.par
  Image0/data/hact/c46010_btlst_1vs1_b.par
  Image0/data/hact/c46020_btlst_1vs2_a.par
  Image0/data/hact/c46030_btlst_1vs2_b.par
  Image0/data/hact/c46040_btlst_1vsmany_a.par
  Image0/data/hact/c46050_btlst_1vsmany_b.par
  Image0/data/hact/c46070_btlst_1vsmany_c.par
  Image0/data/hact/c46071_btlst_1vsmany_d.par
  Image0/data/hact/c46072_btlst_1vsmany_e.par
  Image0/data/hact/c46073_btlst_2vsmany_f.par
  Image0/data/hact/c46074_btlst_2vsmany_g.par
  Image0/data/hact/c46080_btlst_1vs3_a.par
  Image0/data/hact/c46090_btlst_1vs3_b.par
  Image0/data/hact/c46100_btlst_1vs1_c.par
  Image0/data/hact/c46110_btlst_1vs1_d.par
  Image0/data/hact/c46120_btlst_1vsmany_d.par
  Image0/data/hact/c46130_btlst_1vs1_e.par
  Image0/data/hact/c46140_btlst_1vs1_f.par
  Image0/data/hact/c46150_btlst_1vs1_furo.par
  Image0/data/hact/c46160_btlst_1vs1_g.par
  Image0/data/hact/c46170_btlst_1vs1_h.par
  Image0/data/hact/c46180_btlst_1vsmany_e.par
  Image0/data/hact/c46190_btlst_1vsmany_f.par
  Image0/data/hact/c46200_btlst_1vs1_i.par
  Image0/data/hact/c46210_btlst_1vs3_c.par
  Image0/data/hact/c46220_btlst_1vs1_j.par
  Image0/data/hact/c46230_btlst_1vsmany_g.par
  Image0/data/hact/c46240_btlst_1vs3_d.par
  Image0/data/hact/c46250_btlst_1vs1_k.par
  Image0/data/hact/c46260_btlst_1vs1_dvl.par
  Image0/data/hact/c47000.par
  Image0/data/hact/c47010_btled_gun.par
  Image0/data/hact/c47020_btled_sude.par
  Image0/data/hact/c47021_btled_sude2.par
  Image0/data/hact/c49000_pbcd_f1b4l1r1.par
  Image0/data/hact/cli_hk1010_hyaku.par
  Image0/data/hact/cli_hk1020_ganzan.par
  Image0/data/hact/cli_hk1030_zankai.par
  Image0/data/hact/cli_hk1060_goshi.par
  Image0/data/hact/cli_hk1070_kaikotsu.par
  Image0/data/hact/cli_hk1080_dankotsu.par
  Image0/data/hact/cli_hk1120_sichisei.par
  Image0/data/hact/cli_hk1190_kenretsu.par
  Image0/data/hact/cut00_001.par
  Image0/data/hact/e10000_zco_big.par
  Image0/data/hact/e9852_stand_sude01.par
  Image0/data/hact/e9853_stand_normal01.par
  Image0/data/hact/e9854_stand_big01.par
  Image0/data/hact/e9855_stand_ypp01.par
  Image0/data/hact/e9856_stand_bat01.par
  Image0/data/hact/e9859_stand_help01.par
  Image0/data/hact/e9862_stand_katsuage.par
  Image0/data/hact/e_btlst_tenkisyou.par
  Image0/data/hact/e_btlst_tenkisyou_tgs.par
  Image0/data/hact/face_test.par
  Image0/data/hact/h1002_zankai_test.par
  Image0/data/hact/hk1000_zankai.par
  Image0/data/hact/hk1010_hyaku.par
  Image0/data/hact/hk1010_hyaku_kiryu.par
  Image0/data/hact/hk1011_hyaku_gou.par
  Image0/data/hact/hk1011_hyaku_gou_kiryu.par
  Image0/data/hact/hk1015_hyaku_adv.par
  Image0/data/hact/hk1020_ganzan.par
  Image0/data/hact/hk1021_ganzan.par
  Image0/data/hact/hk1021_ganzan_t.par
  Image0/data/hact/hk1026_ganzan_kro.par
  Image0/data/hact/hk1030_zankai.par
  Image0/data/hact/hk1031_zankai_a.par
  Image0/data/hact/hk1032_zankai_b.par
  Image0/data/hact/hk1033_zankai_n.par
  Image0/data/hact/hk1035_zankai_adv.par
  Image0/data/hact/hk1036_zankai_kro.par
  Image0/data/hact/hk1037_zankai_cli.par
  Image0/data/hact/hk1040_nishi_f.par
  Image0/data/hact/hk1041_nishi_f2.par
  Image0/data/hact/hk1043_nishi_l1.par
  Image0/data/hact/hk1044_nishi_l2.par
  Image0/data/hact/hk1046_nishi_r1.par
  Image0/data/hact/hk1047_nishi_r2.par
  Image0/data/hact/hk1050_kousyu.par
  Image0/data/hact/hk1051_kousyu_kiba.par
  Image0/data/hact/hk1060_goshi.par
  Image0/data/hact/hk1061_goshi_e.par
  Image0/data/hact/hk1062_goshi_i.par
  Image0/data/hact/hk1070_kaikotsu.par
  Image0/data/hact/hk1076_kaikotsu_kro.par
  Image0/data/hact/hk1080_dankotsu.par
  Image0/data/hact/hk1086_dankotsu_kro.par
  Image0/data/hact/hk1090_big.par
  Image0/data/hact/hk1100_hyaku.par
  Image0/data/hact/hk1101_kouretsu_o.par
  Image0/data/hact/hk1106_hyaku_kro.par
  Image0/data/hact/hk1106_kouretsu_o_kro.par
  Image0/data/hact/hk1110_ujouhagan.par
  Image0/data/hact/hk1120_sichisei.par
  Image0/data/hact/hk1120_sichisei_kiryu.par
  Image0/data/hact/hk1121_sichisei_bst.par
  Image0/data/hact/hk1121_sichisei_bst_kiryu.par
  Image0/data/hact/hk1125_sichisei_kiba.par
  Image0/data/hact/hk1126_sichisei_kro.par
  Image0/data/hact/hk1127_sichisei_cli.par
  Image0/data/hact/hk1130_mousyouha.par
  Image0/data/hact/hk1130_ujoumou.par
  Image0/data/hact/hk1140_tenshouhyaku.par
  Image0/data/hact/hk1150_tenshouhon.par
  Image0/data/hact/hk1180_hachimon.par
  Image0/data/hact/hk1181_hachimon.par
  Image0/data/hact/hk1190_kenretsu.par
  Image0/data/hact/hk1200_kogaku.par
  Image0/data/hact/hk1206_kogaku_kro.par
  Image0/data/hact/hk1210_isshin.par
  Image0/data/hact/hk1216_isshin_kro.par
  Image0/data/hact/hk1220_ppap.par
  Image0/data/hact/hk1230_swing.par
  Image0/data/hact/hk1250_fire.par
  Image0/data/hact/hk1260_partner_rei.par
  Image0/data/hact/hk6100_sin.par
  Image0/data/hact/hk6120_huy.par
  Image0/data/hact/hk6130_srn.par
  Image0/data/hact/hk6140_rao1_tenshouhon.par
  Image0/data/hact/hk6150_rao2.par
  Image0/data/hact/hk6160_tok.par
  Image0/data/hact/hk6160_tok_tgs.par
  Image0/data/hact/hk6165_get.par
  Image0/data/hact/hk6170_jgi.par
  Image0/data/hact/hk6171_jgi.par
  Image0/data/hact/hk6172_jgi.par
  Image0/data/hact/hk6173_jgi.par
  Image0/data/hact/hk6174_jgi_success.par
  Image0/data/hact/hk6175_jgi_miss.par
  Image0/data/hact/hk6180_sau_tenshouju.par
  Image0/data/hact/hk6190_sau2_nazotoki.par
  Image0/data/hact/hk6191_sau4_nazotoki.par
  Image0/data/hact/hk6192_sau5_nazotoki.par
  Image0/data/hact/hk6195_sau3_move.par
  Image0/data/hact/hk6200_rei.par
  Image0/data/hact/hk6210_uda1.par
  Image0/data/hact/hk6215_uda1_adv.par
  Image0/data/hact/hk6220_uda2.par
  Image0/data/hact/hk6230_tar.par
  Image0/data/hact/hk6240_dvl.par
  Image0/data/hact/hk6241_dvl.par
  Image0/data/hact/hk6250_dvl.par
  Image0/data/hact/hk6260_dvl.par
  Image0/data/hact/hk6270_tar.par
  Image0/data/hact/hk6270_tar_cut01.par
  Image0/data/hact/hk6270_tar_cut09.par
  Image0/data/hact/hk6270_tar_cut12.par
  Image0/data/hact/hk6270_tar_cut13-b.par
  Image0/data/hact/hk6270_tar_cut13.par
  Image0/data/hact/hk6270_tar_cut15.par
  Image0/data/hact/hk6270_tar_cut16-b.par
  Image0/data/hact/hk6270_tar_cut16.par
  Image0/data/hact/hk6270_tar_cut17.par
  Image0/data/hact/hk6270_tar_cut18.par
  Image0/data/hact/hk6270_tar_cut22-b.par
  Image0/data/hact/hk6270_tar_cut22.par
  Image0/data/hact/hk6270_tar_cut23.par
  Image0/data/hact/hk6270_tar_cut26.par
  Image0/data/hact/hk6270_tar_cut33-b.par
  Image0/data/hact/hk6270_tar_cut33.par
  Image0/data/hact/hk6270_tar_cut37.par
  Image0/data/hact/hk7040_ugl.par
  Image0/data/hact/hk7100_amn.par
  Image0/data/hact/hk7110_amn.par
  Image0/data/hact/hk_jgi_quiz.par
  Image0/data/hact/hka1040_heal_adv.par
  Image0/data/hact/hka1041_heal_airi.par
  Image0/data/hact/hka1047_heal_adv_cli.par
  Image0/data/hact/hka1050_hikou_adv.par
  Image0/data/hact/hka1051_hikou_adv.par
  Image0/data/hact/hka1056_hikou_adv_kro.par
  Image0/data/hact/hke1010_zco.par
  Image0/data/hact/hke1020_fat.par
  Image0/data/hact/hke1030_mus.par
  Image0/data/hact/i60231_menu.par
  Image0/data/hact/i60232_menu_lexus.par
  Image0/data/hact/i60233_menu_lexus_02.par
  Image0/data/hact/i60234_menu_lexus_03.par
  Image0/data/hact/m20100_kro_opening.par
  Image0/data/hact/m20100_kro_opening_tgs.par
  Image0/data/hact/m23190_bil_st.par
  Image0/data/hact/m23230_bil_st.par
  Image0/data/hact/m30100_bar_opening.par
  Image0/data/hact/m30110_bar_ice.par
  Image0/data/hact/m30110_kro_ice.par
  Image0/data/hact/m30120_kro_stir.par
  Image0/data/hact/m40100_bat_opening.par
  Image0/data/hact/m40100_bat_opening_side18_a.par
  Image0/data/hact/m40100_bat_opening_side18_b.par
  Image0/data/hact/m40200_bat_homerun.par
  Image0/data/hact/m50100_cli_opening.par
  Image0/data/hact/m51000_m4_hact_st_a.par
  Image0/data/hact/m51001_m4_kara_pic.par
  Image0/data/hact/m51020_m4_hact_lose_a.par
  Image0/data/hact/m51020_m4_hact_win_a.par
  Image0/data/hact/m51040_m4_hact_out_a.par
  Image0/data/hact/m60000_enter_helicopter.par
  Image0/data/hact/m60001_rocket.par
  Image0/data/hact/m60002_end_helicopter.par
  Image0/data/hact/m60003_buy_real.par
  Image0/data/hact/m60004_style_get.par
  Image0/data/hact/m60100_hra_opening.par
  Image0/data/hact/m60100_hra_opening_tgs.par
  Image0/data/hact/m60500_hra_opening.par
  Image0/data/hact/m60600_hra_opening.par
  Image0/data/hact/m61000_hra_ride_end.par
  Image0/data/hact/m61000_hra_ride_start.par
  Image0/data/hact/m70000_cab_opening.par
  Image0/data/hact/m70100_cab_mjm_service.par
  Image0/data/hact/m70100_col_opening.par
  Image0/data/hact/m70200_cab_rival.par
  Image0/data/hact/m70200_col_opening.par
  Image0/data/hact/m70300_cab_mjm_greeting.par
  Image0/data/hact/m70300_col_opening.par
  Image0/data/hact/m70300_col_win.par
  Image0/data/hact/m70400_col_dvl.par
  Image0/data/hact/m80100_rin_smile.par
  Image0/data/hact/m80200_rin_smile.par
  Image0/data/hact/m80300_rin_smile.par
  Image0/data/hact/m80400_ken_hyaku.par
  Image0/data/hact/m90100_rtr_spaceharrier_op.par
  Image0/data/hact/m90100_rtr_spaceharrier_opening.par
  Image0/data/hact/m90200_rtr_hangon_opening.par
  Image0/data/hact/m90300_rtr_outrun_opening.par
  Image0/data/hact/m90400_rtr_hokutomk3_opening.par
  Image0/data/hact/p_ken_crash_open.par
  Image0/data/hact/s10001_rin_01.par
  Image0/data/hact/s10001_rin_02.par
  Image0/data/hact/s20001_rin_01.par
  Image0/data/hact/s20001_yur_01.par
  Image0/data/hact/s20002_sin_01.par
  Image0/data/hact/s20002_tok_01.par
  Image0/data/hact/s20003_kis_01.par
  Image0/data/hact/s20003_ugl_01.par
  Image0/data/hact/s20004_dvl_01.par
  Image0/data/hact/s20005_ugl_01.par
  Image0/data/hact/s20006_tok_01.par
  Image0/data/hact/s20007_jgr_01.par
  Image0/data/hact/s20008_rai_01.par
  Image0/data/hact/s20009_rei_01.par
  Image0/data/hact/s20010_air_01.par
  Image0/data/hact/s20011_sau_01.par
  Image0/data/hact/s20012_jgi_01.par
  Image0/data/hact/s20013_rao_01.par
  Image0/data/hact/s20014_uda_01.par
  Image0/data/hact/s20015_tar_01.par
  Image0/data/hact/s20016_mis_01.par
  Image0/data/hact/s20017_bat_01.par
  Image0/data/hact/s20018_rin_01.par
  Image0/data/hact/s20019_zco_01.par
  Image0/data/hact/s20020_zks_01.par
  Image0/data/hact/s20021_mam_01.par
  Image0/data/hact/s20022_rkn_01.par
  Image0/data/hact/s20023_ken_01.par
  Image0/data/hact/s20024_rhk_01.par
  Image0/data/hact/s20025_srn_01.par
  Image0/data/hact/s20026_huy_01.par
  Image0/data/hact/s20027_juz_01.par
  Image0/data/hact/s20028_fdo_01.par
  Image0/data/hact/s20029_jud_01.par
  Image0/data/hact/s20030_shu_01.par
  Image0/data/hact/s20031_amb_01.par
  Image0/data/hact/s20032_rug_01.par
  Image0/data/hact/s20033_kba_01.par
  Image0/data/hact/s20034_jcl_01.par
  Image0/data/hact/s20035_kok_01.par
  Image0/data/hact/s20036_spd_01.par
  Image0/data/hact/s20037_dia_01.par
  Image0/data/hact/s20038_clb_01.par
  Image0/data/hact/s20039_hat_01.par
  Image0/data/hact/s20040_raf_01.par
  Image0/data/hact/s20041_dlc_01.par
  Image0/data/hact/s20042_yur_01.par
  Image0/data/hact/s20043_zsa_01.par
  Image0/data/hact/s20044_ckn_01.par
  Image0/data/hact/st_eden_a000_cam.par
  Image0/data/hact/st_eden_a000_cam2.par
  Image0/data/hact/st_eden_a000_cam3_v4.par
  Image0/data/hact/st_eden_a006_cam.par
  Image0/data/hact/st_eden_roten_cam.par
  Image0/data/install/inst_img.pib
  Image0/data/install/wtk.idf
  Image0/data/light_anim/light_anim.par
  Image0/data/map_par/map_cmn.bin_e
  Image0/data/map_par/map_cmn.par_e
  Image0/data/map_par/st_arena_a.par_e
  Image0/data/map_par/st_barracks.par_e
  Image0/data/map_par/st_cachot_a.par_e
  Image0/data/map_par/st_camp_a.par_e
  Image0/data/map_par/st_casino.par_e
  Image0/data/map_par/st_cassandra_a.par_e
  Image0/data/map_par/st_cathedral.par_e
  Image0/data/map_par/st_clinic.par_e
  Image0/data/map_par/st_club.par_e
  Image0/data/map_par/st_eden.par_e
  Image0/data/map_par/st_hideout.par_e
  Image0/data/map_par/st_junk.par_e
  Image0/data/map_par/st_ruins_a.par_e
  Image0/data/map_par/st_ruins_b.par_e
  Image0/data/map_par/st_ruins_c.par_e
  Image0/data/map_par/st_ruins_d.par_e
  Image0/data/map_par/st_ruins_e.par_e
  Image0/data/map_par/st_seed.par_e
  Image0/data/map_par/st_shrine.par_e
  Image0/data/map_par/st_southern.par_e
  Image0/data/map_par/st_sphere_a.par_e
  Image0/data/map_par/st_summit_a.par_e
  Image0/data/map_par/st_tavern_a.par_e
  Image0/data/map_par/st_tavern_b.par_e
  Image0/data/map_par/st_tavern_c.par_e
  Image0/data/map_par/st_village_a.par_e
  Image0/data/map_par/st_wasteland_e.par_e
  Image0/data/map_par/st_wasteland_f.par_e
  Image0/data/map_par/st_wildland.par_e
  Image0/data/map_par/st_wildland_b.par_e
  Image0/data/map_par/te_eden.par_e
  Image0/data/minigame/bakara/baccarat_cpu.bin_c
  Image0/data/minigame/bakara/baccarat_cpu.bin_e
  Image0/data/minigame/bakara/baccarat_cpu.bin_j
  Image0/data/minigame/bakara/baccarat_cpu.bin_k
  Image0/data/minigame/bakara/baccarat_gallery_msg.bin_c
  Image0/data/minigame/bakara/baccarat_gallery_msg.bin_e
  Image0/data/minigame/bakara/baccarat_gallery_msg.bin_j
  Image0/data/minigame/bakara/baccarat_gallery_msg.bin_k
  Image0/data/minigame/bakara/mng30bakara_card.gmt
  Image0/data/minigame/bartender/mg_bar_cooktail.bin_c
  Image0/data/minigame/bartender/mg_bar_cooktail.bin_e
  Image0/data/minigame/bartender/mg_bar_cooktail.bin_j
  Image0/data/minigame/bartender/mg_bar_cooktail.bin_k
  Image0/data/minigame/bartender/mg_bar_count_type.bin_c
  Image0/data/minigame/bartender/mg_bar_count_type.bin_e
  Image0/data/minigame/bartender/mg_bar_count_type.bin_j
  Image0/data/minigame/bartender/mg_bar_count_type.bin_k
  Image0/data/minigame/bartender/mg_bar_customer.bin_c
  Image0/data/minigame/bartender/mg_bar_customer.bin_e
  Image0/data/minigame/bartender/mg_bar_customer.bin_j
  Image0/data/minigame/bartender/mg_bar_customer.bin_k
  Image0/data/minigame/bartender/mg_bar_rank.bin_c
  Image0/data/minigame/bartender/mg_bar_rank.bin_e
  Image0/data/minigame/bartender/mg_bar_rank.bin_j
  Image0/data/minigame/bartender/mg_bar_rank.bin_k
  Image0/data/minigame/bartender/mg_bar_shakemini.bin_c
  Image0/data/minigame/bartender/mg_bar_shakemini.bin_e
  Image0/data/minigame/bartender/mg_bar_shakemini.bin_j
  Image0/data/minigame/bartender/mg_bar_shakemini.bin_k
  Image0/data/minigame/batting/battingkamuro.bin_c
  Image0/data/minigame/batting/battingkamuro.bin_j
  Image0/data/minigame/batting/battingkamuropannel.bin_c
  Image0/data/minigame/batting/battingkamuropannel.bin_j
  Image0/data/minigame/batting/battingkamuropic.bin_c
  Image0/data/minigame/batting/battingkamuropic.bin_j
  Image0/data/minigame/batting/battingkamuropinup.bin_c
  Image0/data/minigame/batting/battingkamuropinup.bin_j
  Image0/data/minigame/batting/battingkamuropresent.bin_c
  Image0/data/minigame/batting/battingkamuropresent.bin_j
  Image0/data/minigame/batting/pitch.tec
  Image0/data/minigame/batting/type.tec
  Image0/data/minigame/blackjack/ai_headhand.bin
  Image0/data/minigame/blackjack/ai_softhand.bin
  Image0/data/minigame/blackjack/ai_splithand.bin
  Image0/data/minigame/blacksmith.par
  Image0/data/minigame/cabaret/caba_cast_affinity.bin_c
  Image0/data/minigame/cabaret/caba_cast_affinity.bin_e
  Image0/data/minigame/cabaret/caba_cast_affinity.bin_j
  Image0/data/minigame/cabaret/caba_cast_affinity.bin_k
  Image0/data/minigame/cabaret/caba_cast_exp_table.bin_c
  Image0/data/minigame/cabaret/caba_cast_exp_table.bin_e
  Image0/data/minigame/cabaret/caba_cast_exp_table.bin_j
  Image0/data/minigame/cabaret/caba_cast_exp_table.bin_k
  Image0/data/minigame/cabaret/caba_cast_info.bin_c
  Image0/data/minigame/cabaret/caba_cast_info.bin_e
  Image0/data/minigame/cabaret/caba_cast_info.bin_j
  Image0/data/minigame/cabaret/caba_cast_info.bin_k
  Image0/data/minigame/cabaret/caba_dressup_value.bin
  Image0/data/minigame/cabaret/caba_dressup_value.bin_c
  Image0/data/minigame/cabaret/caba_dressup_value.bin_e
  Image0/data/minigame/cabaret/caba_dressup_value.bin_j
  Image0/data/minigame/cabaret/caba_dressup_value.bin_k
  Image0/data/minigame/cabaret/caba_ds_to_pattern.bin_c
  Image0/data/minigame/cabaret/caba_ds_to_pattern.bin_e
  Image0/data/minigame/cabaret/caba_ds_to_pattern.bin_j
  Image0/data/minigame/cabaret/caba_ds_to_pattern.bin_k
  Image0/data/minigame/cabaret/caba_guest_info.bin_j
  Image0/data/minigame/cabaret/caba_item_list.bin
  Image0/data/minigame/cabaret/caba_item_list.bin_c
  Image0/data/minigame/cabaret/caba_item_list.bin_e
  Image0/data/minigame/cabaret/caba_item_list.bin_j
  Image0/data/minigame/cabaret/caba_item_list.bin_k
  Image0/data/minigame/cabaret/caba_operation_accessory_impact.bin_c
  Image0/data/minigame/cabaret/caba_operation_accessory_impact.bin_e
  Image0/data/minigame/cabaret/caba_operation_accessory_impact.bin_j
  Image0/data/minigame/cabaret/caba_operation_accessory_impact.bin_k
  Image0/data/minigame/cabaret/caba_operation_config.bin_c
  Image0/data/minigame/cabaret/caba_operation_config.bin_e
  Image0/data/minigame/cabaret/caba_operation_config.bin_j
  Image0/data/minigame/cabaret/caba_operation_config.bin_k
  Image0/data/minigame/cabaret/caba_operation_guest_param.bin_c
  Image0/data/minigame/cabaret/caba_operation_guest_param.bin_e
  Image0/data/minigame/cabaret/caba_operation_guest_param.bin_j
  Image0/data/minigame/cabaret/caba_operation_guest_param.bin_k
  Image0/data/minigame/cabaret/caba_operation_guest_voice.bin_c
  Image0/data/minigame/cabaret/caba_operation_guest_voice.bin_e
  Image0/data/minigame/cabaret/caba_operation_guest_voice.bin_j
  Image0/data/minigame/cabaret/caba_operation_guest_voice.bin_k
  Image0/data/minigame/cabaret/caba_operation_item.bin_c
  Image0/data/minigame/cabaret/caba_operation_item.bin_e
  Image0/data/minigame/cabaret/caba_operation_item.bin_j
  Image0/data/minigame/cabaret/caba_operation_item.bin_k
  Image0/data/minigame/cabaret/caba_operation_mission.bin_c
  Image0/data/minigame/cabaret/caba_operation_mission.bin_e
  Image0/data/minigame/cabaret/caba_operation_mission.bin_j
  Image0/data/minigame/cabaret/caba_operation_mission.bin_k
  Image0/data/minigame/cabaret/caba_operation_mission_appear_guest.bin_c
  Image0/data/minigame/cabaret/caba_operation_mission_appear_guest.bin_e
  Image0/data/minigame/cabaret/caba_operation_mission_appear_guest.bin_j
  Image0/data/minigame/cabaret/caba_operation_mission_appear_guest.bin_k
  Image0/data/minigame/cabaret/caba_operation_trouble_choice.bin_c
  Image0/data/minigame/cabaret/caba_operation_trouble_choice.bin_e
  Image0/data/minigame/cabaret/caba_operation_trouble_choice.bin_j
  Image0/data/minigame/cabaret/caba_operation_trouble_choice.bin_k
  Image0/data/minigame/cabaret/caba_practice.bin_c
  Image0/data/minigame/cabaret/caba_practice.bin_e
  Image0/data/minigame/cabaret/caba_practice.bin_j
  Image0/data/minigame/cabaret/caba_practice.bin_k
  Image0/data/minigame/cabaret/camera_set.bin
  Image0/data/minigame/cabaret/col_data.bin
  Image0/data/minigame/cabaret/common_param.bin
  Image0/data/minigame/cabaret/heart.par
  Image0/data/minigame/cabaret/scene_param.bin
  Image0/data/minigame/cabaret/target.dds
  Image0/data/minigame/carchase/carchase_enemy_pattern.bin
  Image0/data/minigame/chohan/minigame_chohan_bakuto.bin_j
  Image0/data/minigame/deathbatting/deathbatting_accessory_impact.bin_c
  Image0/data/minigame/deathbatting/deathbatting_accessory_impact.bin_e
  Image0/data/minigame/deathbatting/deathbatting_accessory_impact.bin_j
  Image0/data/minigame/deathbatting/deathbatting_accessory_impact.bin_k
  Image0/data/minigame/deathbatting/deathbatting_course_param.bin_c
  Image0/data/minigame/deathbatting/deathbatting_course_param.bin_e
  Image0/data/minigame/deathbatting/deathbatting_course_param.bin_j
  Image0/data/minigame/deathbatting/deathbatting_course_param.bin_k
  Image0/data/minigame/deathbatting/deathbatting_course_param_easy.bin_c
  Image0/data/minigame/deathbatting/deathbatting_course_param_easy.bin_e
  Image0/data/minigame/deathbatting/deathbatting_course_param_easy.bin_j
  Image0/data/minigame/deathbatting/deathbatting_course_param_easy.bin_k
  Image0/data/minigame/deathbatting/deathbatting_course_param_expert.bin_c
  Image0/data/minigame/deathbatting/deathbatting_course_param_expert.bin_e
  Image0/data/minigame/deathbatting/deathbatting_course_param_expert.bin_j
  Image0/data/minigame/deathbatting/deathbatting_course_param_expert.bin_k
  Image0/data/minigame/deathbatting/deathbatting_course_param_hard.bin_c
  Image0/data/minigame/deathbatting/deathbatting_course_param_hard.bin_e
  Image0/data/minigame/deathbatting/deathbatting_course_param_hard.bin_j
  Image0/data/minigame/deathbatting/deathbatting_course_param_hard.bin_k
  Image0/data/minigame/deathbatting/deathbatting_course_param_normal.bin_c
  Image0/data/minigame/deathbatting/deathbatting_course_param_normal.bin_e
  Image0/data/minigame/deathbatting/deathbatting_course_param_normal.bin_j
  Image0/data/minigame/deathbatting/deathbatting_course_param_normal.bin_k
  Image0/data/minigame/deathbatting/deathbatting_drive_param.bin_c
  Image0/data/minigame/deathbatting/deathbatting_drive_param.bin_e
  Image0/data/minigame/deathbatting/deathbatting_drive_param.bin_j
  Image0/data/minigame/deathbatting/deathbatting_drive_param.bin_k
  Image0/data/minigame/deathbatting/deathbatting_drive_se.bin_c
  Image0/data/minigame/deathbatting/deathbatting_drive_se.bin_e
  Image0/data/minigame/deathbatting/deathbatting_drive_se.bin_j
  Image0/data/minigame/deathbatting/deathbatting_drive_se.bin_k
  Image0/data/minigame/deathbatting/deathbatting_drive_type.bin_c
  Image0/data/minigame/deathbatting/deathbatting_drive_type.bin_e
  Image0/data/minigame/deathbatting/deathbatting_drive_type.bin_j
  Image0/data/minigame/deathbatting/deathbatting_drive_type.bin_k
  Image0/data/minigame/deathbatting/deathbatting_line.bin_c
  Image0/data/minigame/deathbatting/deathbatting_line.bin_e
  Image0/data/minigame/deathbatting/deathbatting_line.bin_j
  Image0/data/minigame/deathbatting/deathbatting_line.bin_k
  Image0/data/minigame/deathbatting/deathbatting_param.bin_c
  Image0/data/minigame/deathbatting/deathbatting_param.bin_e
  Image0/data/minigame/deathbatting/deathbatting_param.bin_j
  Image0/data/minigame/deathbatting/deathbatting_param.bin_k
  Image0/data/minigame/deathbatting/deathbatting_swing_result_easy.bin_c
  Image0/data/minigame/deathbatting/deathbatting_swing_result_easy.bin_e
  Image0/data/minigame/deathbatting/deathbatting_swing_result_easy.bin_j
  Image0/data/minigame/deathbatting/deathbatting_swing_result_easy.bin_k
  Image0/data/minigame/deathbatting/deathbatting_swing_result_expert.bin_c
  Image0/data/minigame/deathbatting/deathbatting_swing_result_expert.bin_e
  Image0/data/minigame/deathbatting/deathbatting_swing_result_expert.bin_j
  Image0/data/minigame/deathbatting/deathbatting_swing_result_expert.bin_k
  Image0/data/minigame/deathbatting/deathbatting_swing_result_hard.bin_c
  Image0/data/minigame/deathbatting/deathbatting_swing_result_hard.bin_e
  Image0/data/minigame/deathbatting/deathbatting_swing_result_hard.bin_j
  Image0/data/minigame/deathbatting/deathbatting_swing_result_hard.bin_k
  Image0/data/minigame/deathbatting/deathbatting_swing_result_normal.bin_c
  Image0/data/minigame/deathbatting/deathbatting_swing_result_normal.bin_e
  Image0/data/minigame/deathbatting/deathbatting_swing_result_normal.bin_j
  Image0/data/minigame/deathbatting/deathbatting_swing_result_normal.bin_k
  Image0/data/minigame/deathbatting/deathbatting_swing_result_param.bin_c
  Image0/data/minigame/deathbatting/deathbatting_swing_result_param.bin_j
  Image0/data/minigame/deathbatting/deathbatting_swing_result_param.bin_k
  Image0/data/minigame/ken_clinic/ken_clinic.bin_c
  Image0/data/minigame/ken_clinic/ken_clinic.bin_j
  Image0/data/minigame/ken_clinic/ken_clinic.bin_k
  Image0/data/minigame/ken_clinic/ken_clinic_note_judge.bin_c
  Image0/data/minigame/ken_clinic/ken_clinic_note_judge.bin_e
  Image0/data/minigame/ken_clinic/ken_clinic_note_judge.bin_j
  Image0/data/minigame/ken_clinic/ken_clinic_note_judge.bin_k
  Image0/data/minigame/ken_clinic/ken_clinic_notepos_def.bin_c
  Image0/data/minigame/ken_clinic/ken_clinic_notepos_def.bin_e
  Image0/data/minigame/ken_clinic/ken_clinic_notepos_def.bin_j
  Image0/data/minigame/ken_clinic/ken_clinic_notepos_def.bin_k
  Image0/data/minigame/ken_clinic/ken_clinic_notes.bin_c
  Image0/data/minigame/ken_clinic/ken_clinic_notes.bin_j
  Image0/data/minigame/ken_clinic/ken_clinic_notes.bin_k
  Image0/data/minigame/ken_clinic/ken_clinic_notes_000.bin_c
  Image0/data/minigame/ken_clinic/ken_clinic_notes_000.bin_e
  Image0/data/minigame/ken_clinic/ken_clinic_notes_000.bin_j
  Image0/data/minigame/ken_clinic/ken_clinic_notes_000.bin_k
  Image0/data/minigame/ken_clinic/ken_clinic_notes_001.bin_c
  Image0/data/minigame/ken_clinic/ken_clinic_notes_001.bin_e
  Image0/data/minigame/ken_clinic/ken_clinic_notes_001.bin_j
  Image0/data/minigame/ken_clinic/ken_clinic_notes_001.bin_k
  Image0/data/minigame/ken_clinic/ken_clinic_notes_002.bin_c
  Image0/data/minigame/ken_clinic/ken_clinic_notes_002.bin_e
  Image0/data/minigame/ken_clinic/ken_clinic_notes_002.bin_j
  Image0/data/minigame/ken_clinic/ken_clinic_notes_002.bin_k
  Image0/data/minigame/ken_clinic/ken_clinic_notes_003.bin_c
  Image0/data/minigame/ken_clinic/ken_clinic_notes_003.bin_e
  Image0/data/minigame/ken_clinic/ken_clinic_notes_003.bin_j
  Image0/data/minigame/ken_clinic/ken_clinic_notes_003.bin_k
  Image0/data/minigame/ken_clinic/ken_clinic_notes_004.bin_c
  Image0/data/minigame/ken_clinic/ken_clinic_notes_004.bin_e
  Image0/data/minigame/ken_clinic/ken_clinic_notes_004.bin_j
  Image0/data/minigame/ken_clinic/ken_clinic_notes_004.bin_k
  Image0/data/minigame/ken_clinic/ken_clinic_notes_005.bin_c
  Image0/data/minigame/ken_clinic/ken_clinic_notes_005.bin_e
  Image0/data/minigame/ken_clinic/ken_clinic_notes_005.bin_j
  Image0/data/minigame/ken_clinic/ken_clinic_notes_005.bin_k
  Image0/data/minigame/ken_clinic/ken_clinic_notes_006.bin_c
  Image0/data/minigame/ken_clinic/ken_clinic_notes_006.bin_e
  Image0/data/minigame/ken_clinic/ken_clinic_notes_006.bin_j
  Image0/data/minigame/ken_clinic/ken_clinic_notes_006.bin_k
  Image0/data/minigame/ken_clinic/ken_clinic_notes_007.bin_c
  Image0/data/minigame/ken_clinic/ken_clinic_notes_007.bin_e
  Image0/data/minigame/ken_clinic/ken_clinic_notes_007.bin_j
  Image0/data/minigame/ken_clinic/ken_clinic_notes_007.bin_k
  Image0/data/minigame/ken_clinic/ken_clinic_notes_008.bin_c
  Image0/data/minigame/ken_clinic/ken_clinic_notes_008.bin_e
  Image0/data/minigame/ken_clinic/ken_clinic_notes_008.bin_j
  Image0/data/minigame/ken_clinic/ken_clinic_notes_008.bin_k
  Image0/data/minigame/ken_clinic/ken_clinic_notes_009.bin_c
  Image0/data/minigame/ken_clinic/ken_clinic_notes_009.bin_e
  Image0/data/minigame/ken_clinic/ken_clinic_notes_009.bin_j
  Image0/data/minigame/ken_clinic/ken_clinic_notes_009.bin_k
  Image0/data/minigame/ken_clinic/ken_clinic_song_setting.bin_c
  Image0/data/minigame/ken_clinic/ken_clinic_song_setting.bin_e
  Image0/data/minigame/ken_clinic/ken_clinic_song_setting.bin_j
  Image0/data/minigame/ken_clinic/ken_clinic_song_setting.bin_k
  Image0/data/minigame/ken_clinic/result.cmt
  Image0/data/minigame/ken_clinic/result_failed.cmt
  Image0/data/minigame/pokecir.par
  Image0/data/minigame/poker/poker_com_1.bin_c
  Image0/data/minigame/poker/poker_com_1.bin_e
  Image0/data/minigame/poker/poker_com_1.bin_j
  Image0/data/minigame/poker/poker_com_1.bin_k
  Image0/data/minigame/poker/poker_com_10.bin_c
  Image0/data/minigame/poker/poker_com_10.bin_e
  Image0/data/minigame/poker/poker_com_10.bin_j
  Image0/data/minigame/poker/poker_com_10.bin_k
  Image0/data/minigame/poker/poker_com_11.bin_c
  Image0/data/minigame/poker/poker_com_11.bin_e
  Image0/data/minigame/poker/poker_com_11.bin_j
  Image0/data/minigame/poker/poker_com_11.bin_k
  Image0/data/minigame/poker/poker_com_12.bin_c
  Image0/data/minigame/poker/poker_com_12.bin_e
  Image0/data/minigame/poker/poker_com_12.bin_j
  Image0/data/minigame/poker/poker_com_12.bin_k
  Image0/data/minigame/poker/poker_com_2.bin_c
  Image0/data/minigame/poker/poker_com_2.bin_e
  Image0/data/minigame/poker/poker_com_2.bin_j
  Image0/data/minigame/poker/poker_com_2.bin_k
  Image0/data/minigame/poker/poker_com_3.bin_c
  Image0/data/minigame/poker/poker_com_3.bin_e
  Image0/data/minigame/poker/poker_com_3.bin_j
  Image0/data/minigame/poker/poker_com_3.bin_k
  Image0/data/minigame/poker/poker_com_4.bin_c
  Image0/data/minigame/poker/poker_com_4.bin_e
  Image0/data/minigame/poker/poker_com_4.bin_j
  Image0/data/minigame/poker/poker_com_4.bin_k
  Image0/data/minigame/poker/poker_com_5.bin_c
  Image0/data/minigame/poker/poker_com_5.bin_e
  Image0/data/minigame/poker/poker_com_5.bin_j
  Image0/data/minigame/poker/poker_com_5.bin_k
  Image0/data/minigame/poker/poker_com_6.bin_c
  Image0/data/minigame/poker/poker_com_6.bin_e
  Image0/data/minigame/poker/poker_com_6.bin_j
  Image0/data/minigame/poker/poker_com_6.bin_k
  Image0/data/minigame/poker/poker_com_7.bin_c
  Image0/data/minigame/poker/poker_com_7.bin_e
  Image0/data/minigame/poker/poker_com_7.bin_j
  Image0/data/minigame/poker/poker_com_7.bin_k
  Image0/data/minigame/poker/poker_com_8.bin_c
  Image0/data/minigame/poker/poker_com_8.bin_e
  Image0/data/minigame/poker/poker_com_8.bin_j
  Image0/data/minigame/poker/poker_com_8.bin_k
  Image0/data/minigame/poker/poker_com_9.bin_c
  Image0/data/minigame/poker/poker_com_9.bin_e
  Image0/data/minigame/poker/poker_com_9.bin_j
  Image0/data/minigame/poker/poker_com_9.bin_k
  Image0/data/minigame/poker/poker_com_exhigh_1.bin_c
  Image0/data/minigame/poker/poker_com_exhigh_1.bin_e
  Image0/data/minigame/poker/poker_com_exhigh_1.bin_j
  Image0/data/minigame/poker/poker_com_exhigh_1.bin_k
  Image0/data/minigame/poker/poker_com_exhigh_2.bin_c
  Image0/data/minigame/poker/poker_com_exhigh_2.bin_e
  Image0/data/minigame/poker/poker_com_exhigh_2.bin_j
  Image0/data/minigame/poker/poker_com_exhigh_2.bin_k
  Image0/data/minigame/poker/poker_com_exhigh_3.bin_c
  Image0/data/minigame/poker/poker_com_exhigh_3.bin_e
  Image0/data/minigame/poker/poker_com_exhigh_3.bin_j
  Image0/data/minigame/poker/poker_com_exhigh_3.bin_k
  Image0/data/minigame/poker/poker_com_exhigh_4.bin_c
  Image0/data/minigame/poker/poker_com_exhigh_4.bin_e
  Image0/data/minigame/poker/poker_com_exhigh_4.bin_j
  Image0/data/minigame/poker/poker_com_exhigh_4.bin_k
  Image0/data/minigame/poker/poker_com_exhigh_5.bin_c
  Image0/data/minigame/poker/poker_com_exhigh_5.bin_e
  Image0/data/minigame/poker/poker_com_exhigh_5.bin_j
  Image0/data/minigame/poker/poker_com_exhigh_5.bin_k
  Image0/data/minigame/poker/poker_com_exhigh_6.bin_c
  Image0/data/minigame/poker/poker_com_exhigh_6.bin_e
  Image0/data/minigame/poker/poker_com_exhigh_6.bin_j
  Image0/data/minigame/poker/poker_com_exhigh_6.bin_k
  Image0/data/minigame/roulette/roulette.par
  Image0/data/minigame/segaages/ps4/hkt/603/config/title_prof.psb.m
  Image0/data/minigame/segaages/ps4/hkt/603/config/title_prof_specdepend.psb.m
  Image0/data/minigame/segaages/ps4/hkt/603/image/cima_frame_hkt.psb.m
  Image0/data/minigame/segaages/ps4/hkt/603/image/ogref_frame_fzn.psb.m
  Image0/data/minigame/segaages/ps4/hkt/603/image/ogref_sousa_ps4_go_fzn.psb.m
  Image0/data/minigame/segaages/ps4/hkt/603/image/ogref_sousa_ps4_go_hkt.psb.m
  Image0/data/minigame/segaages/ps4/hkt/603/image/ogref_sousa_ps4_mi_fzn.psb.m
  Image0/data/minigame/segaages/ps4/hkt/603/image/ogref_sousa_ps4_mi_hkt.psb.m
  Image0/data/minigame/segaages/ps4/hkt/603/script/title_standalone.nut.m
  Image0/data/minigame/segaages/ps4/hkt/603/sound/se_arc.psb
  Image0/data/minigame/segaages/ps4/hkt/603/sound/se_arc.psb.m
  Image0/data/minigame/segaages/ps4/hkt/603/sound/sound.psb
  Image0/data/minigame/segaages/ps4/hkt/603/sound/sound.psb.m
  Image0/data/minigame/segaages/ps4/hkt/sa_hkt_ps4.elf
  Image0/data/minigame/segaages/ps4/hkt/system/config/game_content.psb.m
  Image0/data/minigame/segaages/ps4/hkt/system/config/savedata_string.psb.m
  Image0/data/minigame/segaages/ps4/hkt/system/config/sound.psb.m
  Image0/data/minigame/segaages/ps4/hkt/system/config/struct_statedata.psb.m
  Image0/data/minigame/segaages/ps4/hkt/system/config/system_prof.psb.m
  Image0/data/minigame/segaages/ps4/hkt/system/font/ascii32_0.psb.m
  Image0/data/minigame/segaages/ps4/hkt/system/font/fixed32.psb.m
  Image0/data/minigame/segaages/ps4/hkt/system/font/multi32_0.psb.m
  Image0/data/minigame/segaages/ps4/hkt/system/font/multi48.psb.m
  Image0/data/minigame/segaages/ps4/hkt/system/motion/ryu_gamecenter_dialog.psb.m
  Image0/data/minigame/segaages/ps4/hkt/system/motion/wipe.psb.m
  Image0/data/minigame/segaages/ps4/hkt/system/roms/columns_20150201.gen.m
  Image0/data/minigame/segaages/ps4/hkt/system/roms/hokuto-b_fix_20080123_1.sms.m
  Image0/data/minigame/segaages/ps4/hkt/system/roms/hokuto-b_fix_20170708_1.sms.m
  Image0/data/minigame/segaages/ps4/hkt/system/roms/hokutonoken_j.sms.m
  Image0/data/minigame/segaages/ps4/hkt/system/script/backup.nut.m
  Image0/data/minigame/segaages/ps4/hkt/system/script/backup_specdepend.nut.m
  Image0/data/minigame/segaages/ps4/hkt/system/script/backup_statedata.nut.m
  Image0/data/minigame/segaages/ps4/hkt/system/script/digits_bar.nut.m
  Image0/data/minigame/segaages/ps4/hkt/system/script/emu_standalone.nut.m
  Image0/data/minigame/segaages/ps4/hkt/system/script/exit_dialog.nut.m
  Image0/data/minigame/segaages/ps4/hkt/system/script/init.nut.m
  Image0/data/minigame/segaages/ps4/hkt/system/sound/se_arc.psb
  Image0/data/minigame/segaages/ps4/hkt/system/sound/se_arc.psb.m
  Image0/data/minigame/segaages/ps4/hkt/system/sound/sound.psb
  Image0/data/minigame/segaages/ps4/hkt/system/sound/sound.psb.m
  Image0/data/minigame/segaages/ps4/hng/501/config/title_prof.psb.m
  Image0/data/minigame/segaages/ps4/hng/501/config/title_prof_specdepend.psb.m
  Image0/data/minigame/segaages/ps4/hng/501/image/ogref_frame_hng.psb.m
  Image0/data/minigame/segaages/ps4/hng/501/image/ogref_sousa_ps4_go_hng.psb.m
  Image0/data/minigame/segaages/ps4/hng/501/image/ogref_sousa_ps4_mi_hng.psb.m
  Image0/data/minigame/segaages/ps4/hng/501/script/title_standalone.nut.m
  Image0/data/minigame/segaages/ps4/hng/501/sound/se_arc.psb
  Image0/data/minigame/segaages/ps4/hng/501/sound/se_arc.psb.m
  Image0/data/minigame/segaages/ps4/hng/501/sound/sound.psb
  Image0/data/minigame/segaages/ps4/hng/501/sound/sound.psb.m
  Image0/data/minigame/segaages/ps4/hng/sa_hng_ps4.elf
  Image0/data/minigame/segaages/ps4/hng/system/config/game_content.psb.m
  Image0/data/minigame/segaages/ps4/hng/system/config/savedata_string.psb.m
  Image0/data/minigame/segaages/ps4/hng/system/config/sound.psb.m
  Image0/data/minigame/segaages/ps4/hng/system/config/struct_statedata.psb.m
  Image0/data/minigame/segaages/ps4/hng/system/config/system_prof.psb.m
  Image0/data/minigame/segaages/ps4/hng/system/font/ascii32_0.psb.m
  Image0/data/minigame/segaages/ps4/hng/system/font/fixed32.psb.m
  Image0/data/minigame/segaages/ps4/hng/system/font/multi32_0.psb.m
  Image0/data/minigame/segaages/ps4/hng/system/font/multi48.psb.m
  Image0/data/minigame/segaages/ps4/hng/system/motion/ryu_gamecenter_dialog.psb.m
  Image0/data/minigame/segaages/ps4/hng/system/motion/wipe.psb.m
  Image0/data/minigame/segaages/ps4/hng/system/roms/columns_20150201.gen.m
  Image0/data/minigame/segaages/ps4/hng/system/roms/hokuto-b_fix_20080123_1.sms.m
  Image0/data/minigame/segaages/ps4/hng/system/roms/hokuto-b_fix_20170708_1.sms.m
  Image0/data/minigame/segaages/ps4/hng/system/roms/hokutonoken_j.sms.m
  Image0/data/minigame/segaages/ps4/hng/system/script/backup.nut.m
  Image0/data/minigame/segaages/ps4/hng/system/script/backup_specdepend.nut.m
  Image0/data/minigame/segaages/ps4/hng/system/script/backup_statedata.nut.m
  Image0/data/minigame/segaages/ps4/hng/system/script/digits_bar.nut.m
  Image0/data/minigame/segaages/ps4/hng/system/script/emu_standalone.nut.m
  Image0/data/minigame/segaages/ps4/hng/system/script/exit_dialog.nut.m
  Image0/data/minigame/segaages/ps4/hng/system/script/init.nut.m
  Image0/data/minigame/segaages/ps4/hng/system/sound/se_arc.psb
  Image0/data/minigame/segaages/ps4/hng/system/sound/se_arc.psb.m
  Image0/data/minigame/segaages/ps4/hng/system/sound/sound.psb
  Image0/data/minigame/segaages/ps4/hng/system/sound/sound.psb.m
  Image0/data/minigame/segaages/ps4/otr/502/config/title_prof.psb.m
  Image0/data/minigame/segaages/ps4/otr/502/config/title_prof_specdepend.psb.m
  Image0/data/minigame/segaages/ps4/otr/502/image/ogref_frame_otr.psb.m
  Image0/data/minigame/segaages/ps4/otr/502/image/ogref_sousa_ps4_go_otr.psb.m
  Image0/data/minigame/segaages/ps4/otr/502/image/ogref_sousa_ps4_mi_otr.psb.m
  Image0/data/minigame/segaages/ps4/otr/502/script/title_standalone.nut.m
  Image0/data/minigame/segaages/ps4/otr/502/sound/se_arc.psb
  Image0/data/minigame/segaages/ps4/otr/502/sound/se_arc.psb.m
  Image0/data/minigame/segaages/ps4/otr/502/sound/sound.psb
  Image0/data/minigame/segaages/ps4/otr/502/sound/sound.psb.m
  Image0/data/minigame/segaages/ps4/otr/sa_otr_ps4.elf
  Image0/data/minigame/segaages/ps4/otr/system/config/game_content.psb.m
  Image0/data/minigame/segaages/ps4/otr/system/config/savedata_string.psb.m
  Image0/data/minigame/segaages/ps4/otr/system/config/sound.psb.m
  Image0/data/minigame/segaages/ps4/otr/system/config/struct_statedata.psb.m
  Image0/data/minigame/segaages/ps4/otr/system/config/system_prof.psb.m
  Image0/data/minigame/segaages/ps4/otr/system/font/ascii32_0.psb.m
  Image0/data/minigame/segaages/ps4/otr/system/font/fixed32.psb.m
  Image0/data/minigame/segaages/ps4/otr/system/font/multi32_0.psb.m
  Image0/data/minigame/segaages/ps4/otr/system/font/multi48.psb.m
  Image0/data/minigame/segaages/ps4/otr/system/motion/ryu_gamecenter_dialog.psb.m
  Image0/data/minigame/segaages/ps4/otr/system/motion/wipe.psb.m
  Image0/data/minigame/segaages/ps4/otr/system/roms/columns_20150201.gen.m
  Image0/data/minigame/segaages/ps4/otr/system/roms/hokuto-b_fix_20080123_1.sms.m
  Image0/data/minigame/segaages/ps4/otr/system/roms/hokuto-b_fix_20170708_1.sms.m
  Image0/data/minigame/segaages/ps4/otr/system/roms/hokutonoken_j.sms.m
  Image0/data/minigame/segaages/ps4/otr/system/script/backup.nut.m
  Image0/data/minigame/segaages/ps4/otr/system/script/backup_specdepend.nut.m
  Image0/data/minigame/segaages/ps4/otr/system/script/backup_statedata.nut.m
  Image0/data/minigame/segaages/ps4/otr/system/script/digits_bar.nut.m
  Image0/data/minigame/segaages/ps4/otr/system/script/emu_standalone.nut.m
  Image0/data/minigame/segaages/ps4/otr/system/script/exit_dialog.nut.m
  Image0/data/minigame/segaages/ps4/otr/system/script/init.nut.m
  Image0/data/minigame/segaages/ps4/otr/system/sound/se_arc.psb
  Image0/data/minigame/segaages/ps4/otr/system/sound/se_arc.psb.m
  Image0/data/minigame/segaages/ps4/otr/system/sound/sound.psb
  Image0/data/minigame/segaages/ps4/otr/system/sound/sound.psb.m
  Image0/data/minigame/segaages/ps4/sph/500/config/title_prof.psb.m
  Image0/data/minigame/segaages/ps4/sph/500/config/title_prof_specdepend.psb.m
  Image0/data/minigame/segaages/ps4/sph/500/image/ogref_frame_sph.psb.m
  Image0/data/minigame/segaages/ps4/sph/500/image/ogref_sousa_ps4_go_sph.psb.m
  Image0/data/minigame/segaages/ps4/sph/500/image/ogref_sousa_ps4_mi_sph.psb.m
  Image0/data/minigame/segaages/ps4/sph/500/script/title_standalone.nut.m
  Image0/data/minigame/segaages/ps4/sph/500/sound/se_arc.psb
  Image0/data/minigame/segaages/ps4/sph/500/sound/se_arc.psb.m
  Image0/data/minigame/segaages/ps4/sph/500/sound/sound.psb
  Image0/data/minigame/segaages/ps4/sph/500/sound/sound.psb.m
  Image0/data/minigame/segaages/ps4/sph/sa_sph_ps4.elf
  Image0/data/minigame/segaages/ps4/sph/system/config/game_content.psb.m
  Image0/data/minigame/segaages/ps4/sph/system/config/savedata_string.psb.m
  Image0/data/minigame/segaages/ps4/sph/system/config/sound.psb.m
  Image0/data/minigame/segaages/ps4/sph/system/config/struct_statedata.psb.m
  Image0/data/minigame/segaages/ps4/sph/system/config/system_prof.psb.m
  Image0/data/minigame/segaages/ps4/sph/system/font/ascii32_0.psb.m
  Image0/data/minigame/segaages/ps4/sph/system/font/fixed32.psb.m
  Image0/data/minigame/segaages/ps4/sph/system/font/multi32_0.psb.m
  Image0/data/minigame/segaages/ps4/sph/system/font/multi48.psb.m
  Image0/data/minigame/segaages/ps4/sph/system/motion/ryu_gamecenter_dialog.psb.m
  Image0/data/minigame/segaages/ps4/sph/system/motion/wipe.psb.m
  Image0/data/minigame/segaages/ps4/sph/system/roms/columns_20150201.gen.m
  Image0/data/minigame/segaages/ps4/sph/system/roms/hokuto-b_fix_20080123_1.sms.m
  Image0/data/minigame/segaages/ps4/sph/system/roms/hokuto-b_fix_20170708_1.sms.m
  Image0/data/minigame/segaages/ps4/sph/system/roms/hokutonoken_j.sms.m
  Image0/data/minigame/segaages/ps4/sph/system/script/backup.nut.m
  Image0/data/minigame/segaages/ps4/sph/system/script/backup_specdepend.nut.m
  Image0/data/minigame/segaages/ps4/sph/system/script/backup_statedata.nut.m
  Image0/data/minigame/segaages/ps4/sph/system/script/digits_bar.nut.m
  Image0/data/minigame/segaages/ps4/sph/system/script/emu_standalone.nut.m
  Image0/data/minigame/segaages/ps4/sph/system/script/exit_dialog.nut.m
  Image0/data/minigame/segaages/ps4/sph/system/script/init.nut.m
  Image0/data/minigame/segaages/ps4/sph/system/sound/se_arc.psb
  Image0/data/minigame/segaages/ps4/sph/system/sound/se_arc.psb.m
  Image0/data/minigame/segaages/ps4/sph/system/sound/sound.psb
  Image0/data/minigame/segaages/ps4/sph/system/sound/sound.psb.m
  Image0/data/minigame/ufo/ufo.par
  Image0/data/minigame/ufo/ufo_bux.par
  Image0/data/minigame/ufo_pause/prizes_frilled_lizard.par
  Image0/data/minigame/ufo_pause/prizes_jiangshi_boy.par
  Image0/data/minigame/ufo_pause/prizes_jiangshi_girl.par
  Image0/data/minigame/ufo_pause/prizes_kara_kappa.par
  Image0/data/minigame/ufo_pause/prizes_mega_drive.par
  Image0/data/minigame/ufo_pause/prizes_wooper_looper.par
  Image0/data/minigame/ufo_pause/prizes_wooper_looper_mama.par
  Image0/data/minigame/ufo_pause/prizes_wooper_looper_papa.par
  Image0/data/minigame/ufo_pause/ufo_aiai.par
  Image0/data/minigame/ufo_pause/ufo_baby.par
  Image0/data/minigame/ufo_pause/ufo_buncho.par
  Image0/data/minigame/ufo_pause/ufo_buncho2.par
  Image0/data/minigame/ufo_pause/ufo_bunchobig.par
  Image0/data/minigame/ufo_pause/ufo_gongon.par
  Image0/data/minigame/ufo_pause/ufo_harahe.par
  Image0/data/minigame/ufo_pause/ufo_mimi.par
  Image0/data/minigame/ufo_pause/ufo_opaopa.par
  Image0/data/minigame/ufo_pause/ufo_ris.par
  Image0/data/minigame/ufo_pause/ufo_ris2.par
  Image0/data/minigame/ufo_pause/ufo_risbig.par
  Image0/data/minigame/ufo_pause/ufo_staminanl3.par
  Image0/data/minigame/ufo_pause/ufo_staminanx.par
  Image0/data/minigame/ufo_pause/ufo_tafnesl3.par
  Image0/data/minigame/wildland/wildland_debug_warp.bin
  Image0/data/minigame/wildland/wildland_encount_battle_fighter.bin
  Image0/data/minigame/wildland/wildland_encounter_group.bin
  Image0/data/minigame/wildland/wildland_encounter_group_set.bin
  Image0/data/minigame/wildland/wildland_enemy_param.bin
  Image0/data/minigame/wildland/wildland_race_start_pos.bin
  Image0/data/minigame/wildland/wildland_race_vehicle.bin
  Image0/data/minigame/yakyuken/yakyuken_ai_info.bin_c
  Image0/data/minigame/yakyuken/yakyuken_ai_info.bin_j
  Image0/data/motion/actionset.cas
  Image0/data/motion/adventure.par
  Image0/data/motion/all.par
  Image0/data/motion/battle.par
  Image0/data/motion/battlecommon.par
  Image0/data/motion/battleencount.par
  Image0/data/motion/battleplayerken.par
  Image0/data/motion/battlestart.par
  Image0/data/motion/behavior.par
  Image0/data/motion/common.par
  Image0/data/motion/crowd.par
  Image0/data/motion/crowd2.par
  Image0/data/motion/mngbatting.par
  Image0/data/motion/mngcabaret.par
  Image0/data/motion/mnghikoushinryo.par
  Image0/data/motion/mngrally.par
  Image0/data/motion/pattern.par
  Image0/data/motion/property.bin
  Image0/data/movie/a00_0100.usm
  Image0/data/movie/a00_0100_kiryu.usm
  Image0/data/movie/a00_0600.usm
  Image0/data/movie/a01_0100.usm
  Image0/data/movie/a01_0400_ken_caption.usm
  Image0/data/movie/a02_0100.usm
  Image0/data/movie/a02_0400_ken_caption.usm
  Image0/data/movie/a03_0100.usm
  Image0/data/movie/a03_0100_kyohou_caption.usm
  Image0/data/movie/a03_0200_targa_caption.usm
  Image0/data/movie/a04_0200_ken_caption.usm
  Image0/data/movie/a05_0100.usm
  Image0/data/movie/a05_0200.usm
  Image0/data/movie/a05_0200_kiryu.usm
  Image0/data/movie/a06_0300.usm
  Image0/data/movie/a07_0100.usm
  Image0/data/movie/a07_0100_mild.usm
  Image0/data/movie/a07_0200_thouzer_caption.usm
  Image0/data/movie/a08_0200_find_caption.usm
  Image0/data/movie/a09_0200_raoh_caption.usm
  Image0/data/movie/a11_0500.usm
  Image0/data/movie/a11_0500_mild.usm
  Image0/data/movie/a12_0100.usm
  Image0/data/movie/a12_0100_kiryu.usm
  Image0/data/movie/enc_wildland.usm
  Image0/data/movie/enc_wildland_kiryu.usm
  Image0/data/movie/g01_0100.usm
  Image0/data/movie/g01_0200.usm
  Image0/data/movie/hk1010_hyaku_01.usm
  Image0/data/movie/hk1010_hyaku_02.usm
  Image0/data/movie/hk1011_hyaku_gou_01.usm
  Image0/data/movie/hk1011_hyaku_gou_02.usm
  Image0/data/movie/hk1020_ganzan_01.usm
  Image0/data/movie/hk1020_ganzan_02.usm
  Image0/data/movie/hk1030_zankai_01.usm
  Image0/data/movie/hk1030_zankai_02.usm
  Image0/data/movie/hk1040_nishi_01.usm
  Image0/data/movie/hk1040_nishi_02.usm
  Image0/data/movie/hk1050_kousyu_01.usm
  Image0/data/movie/hk1050_kousyu_02.usm
  Image0/data/movie/hk1060_goshi_01.usm
  Image0/data/movie/hk1060_goshi_02.usm
  Image0/data/movie/hk1070_kaikotsu_01.usm
  Image0/data/movie/hk1070_kaikotsu_02.usm
  Image0/data/movie/hk1080_dankotsu_01.usm
  Image0/data/movie/hk1080_dankotsu_02.usm
  Image0/data/movie/hk1090_big_01.usm
  Image0/data/movie/hk1090_big_02.usm
  Image0/data/movie/hk1100_hyaku_01.usm
  Image0/data/movie/hk1100_hyaku_02.usm
  Image0/data/movie/hk1101_kouretsu_o_01.usm
  Image0/data/movie/hk1101_kouretsu_o_02.usm
  Image0/data/movie/hk1110_ujouhagan_01.usm
  Image0/data/movie/hk1110_ujouhagan_02.usm
  Image0/data/movie/hk1120_shichisei_01.usm
  Image0/data/movie/hk1120_shichisei_02.usm
  Image0/data/movie/hk1130_ujoumou_01.usm
  Image0/data/movie/hk1130_ujoumou_02.usm
  Image0/data/movie/hk1140_tenshouhyaku_01.usm
  Image0/data/movie/hk1140_tenshouhyaku_02.usm
  Image0/data/movie/hk1150_tenshouhon_01.usm
  Image0/data/movie/hk1150_tenshouhon_02.usm
  Image0/data/movie/hk1180_hachimon_01.usm
  Image0/data/movie/hk1180_hachimon_02.usm
  Image0/data/movie/hk1190_kenretsu_01.usm
  Image0/data/movie/hk1190_kenretsu_02.usm
  Image0/data/movie/hk1200_kogaku_01.usm
  Image0/data/movie/hk1200_kogaku_02.usm
  Image0/data/movie/hk1210_isshin_01.usm
  Image0/data/movie/hk1210_isshin_02.usm
  Image0/data/movie/hk1220_ppap_01.usm
  Image0/data/movie/hk1220_ppap_02.usm
  Image0/data/movie/hk1230_swing_01.usm
  Image0/data/movie/hk1230_swing_02.usm
  Image0/data/movie/hk1250_fire_01.usm
  Image0/data/movie/hk1250_fire_02.usm
  Image0/data/movie/hk6140_rao1_tenshouhon_01.usm
  Image0/data/movie/hk6160_tok_01.usm
  Image0/data/movie/hk6165_ken_01.usm
  Image0/data/movie/hk6170_jgi_01.usm
  Image0/data/movie/hk6180_sau_tenshouju_01.usm
  Image0/data/movie/hk6180_sau_tenshouju_02.usm
  Image0/data/movie/hk6200_rei_01.usm
  Image0/data/movie/hk6240_dvl_01.usm
  Image0/data/movie/hk7040_ugl_01.usm
  Image0/data/movie/hk7040_ugl_02.usm
  Image0/data/movie/m30100_cocktail01.usm
  Image0/data/movie/m30100_cocktail02.usm
  Image0/data/movie/m30100_cocktail03.usm
  Image0/data/movie/m30100_cocktail04.usm
  Image0/data/movie/m30100_cocktail05.usm
  Image0/data/movie/m30100_cocktail06.usm
  Image0/data/movie/m30100_cocktail07.usm
  Image0/data/movie/m30100_cocktail08.usm
  Image0/data/movie/m30100_cocktail09.usm
  Image0/data/movie/m50100_clinic01.usm
  Image0/data/movie/m60999_wildland.usm
  Image0/data/movie/mov_jin_cap_bat.usm
  Image0/data/movie/mov_jin_cap_jagre.usm
  Image0/data/movie/mov_jin_cap_lin.usm
  Image0/data/movie/mov_jin_cap_lyra.usm
  Image0/data/movie/mov_jin_cap_naday.usm
  Image0/data/movie/pretrial_promo.usm
  Image0/data/movie/s20001_yur_01.usm
  Image0/data/movie/s20002_sin_01.usm
  Image0/data/movie/s20003_kis_01.usm
  Image0/data/movie/s20004_dvl_01.usm
  Image0/data/movie/s20005_ugl_01.usm
  Image0/data/movie/s20006_tok_01.usm
  Image0/data/movie/s20007_jgr_01.usm
  Image0/data/movie/s20008_rai_01.usm
  Image0/data/movie/s20009_rei_01.usm
  Image0/data/movie/s20010_air_01.usm
  Image0/data/movie/s20011_sau_01.usm
  Image0/data/movie/s20012_jgi_01.usm
  Image0/data/movie/s20013_rao_01.usm
  Image0/data/movie/s20014_uda_01.usm
  Image0/data/movie/s20015_tar_01.usm
  Image0/data/movie/s20016_mis_01.usm
  Image0/data/movie/s20017_bat_01.usm
  Image0/data/movie/s20018_rin_01.usm
  Image0/data/movie/s20019_zco_01.usm
  Image0/data/movie/s20020_zks_01.usm
  Image0/data/movie/s20021_mam_01.usm
  Image0/data/movie/s20022_rkn_01.usm
  Image0/data/movie/s20023_ken_01.usm
  Image0/data/movie/s20024_rhk_01.usm
  Image0/data/movie/s20025_srn_01.usm
  Image0/data/movie/s20026_huy_01.usm
  Image0/data/movie/s20027_juz_01.usm
  Image0/data/movie/s20028_fdo_01.usm
  Image0/data/movie/s20029_jud_01.usm
  Image0/data/movie/s20030_shu_01.usm
  Image0/data/movie/s20031_amb_01.usm
  Image0/data/movie/s20032_rug_01.usm
  Image0/data/movie/s20033_kba_01.usm
  Image0/data/movie/s20034_jcl_01.usm
  Image0/data/movie/s20035_kok_01.usm
  Image0/data/movie/s20036_spd_01.usm
  Image0/data/movie/s20037_dia_01.usm
  Image0/data/movie/s20038_clb_01.usm
  Image0/data/movie/s20039_hat_01.usm
  Image0/data/movie/s20040_raf_01.usm
  Image0/data/movie/s20041_dlc_01.usm
  Image0/data/movie/s20042_yur_01.usm
  Image0/data/movie/s20043_zsa_01.usm
  Image0/data/movie/s20044_ckn_01.usm
  Image0/data/movie/title.usm
  Image0/data/movie/title_trial.usm
  Image0/data/movie/trial_promo_gb.usm
  Image0/data/movie/trial_promo_us.usm
A Image0/data/patch/101.dat
A Image0/data/patch/102.dat
A Image0/data/patch/103.dat
A Image0/data/patch/104.dat
A Image0/data/patch/105.dat
A Image0/data/patch/106.dat
A Image0/data/patch/107.dat
A Image0/data/patch/108.dat
  Image0/data/pausepar/cabaret_island.par
  Image0/data/pausepar/chapter.par
M Image0/data/pausepar/chapter_e.par
  Image0/data/pausepar/chapter_result.par
  Image0/data/pausepar/colosseum.par_c
  Image0/data/pausepar/colosseum.par_e
  Image0/data/pausepar/colosseum.par_j
  Image0/data/pausepar/colosseum.par_k
  Image0/data/pausepar/equip_param.par
  Image0/data/pausepar/find_arms.par
  Image0/data/pausepar/minigame.par_e
  Image0/data/pausepar/movie.par
  Image0/data/pausepar/pause_e.par
  Image0/data/pausepar/staffroll.par
  Image0/data/ps4/_e/cima_dl_progress_bar_bar.dds
  Image0/data/ps4/_e/cima_dl_progress_bar_bg.dds
  Image0/data/ps4/_e/cima_dl_progress_bar_top.dds
  Image0/data/ps4/_e/cima_dl_progress_bg.dds
  Image0/data/ps4/_e/shareoverlayimage.png
  Image0/data/puid/db.bin
  Image0/data/reactorpar/reactor_ps4.par
  Image0/data/rev/revision.txt
  Image0/data/savedata/c/c01.png
  Image0/data/savedata/c/c02.png
  Image0/data/savedata/c/c03.png
  Image0/data/savedata/c/c04.png
  Image0/data/savedata/c/c05.png
  Image0/data/savedata/c/c06.png
  Image0/data/savedata/c/c07.png
  Image0/data/savedata/c/c08.png
  Image0/data/savedata/c/c09.png
  Image0/data/savedata/c/c10.png
  Image0/data/savedata/c/c11.png
  Image0/data/savedata/c/c12.png
  Image0/data/savedata/c/c13.png
  Image0/data/savedata/c/c14.png
  Image0/data/savedata/c/c15.png
  Image0/data/savedata/c/c16.png
  Image0/data/savedata/c/c17.png
  Image0/data/savedata/c/c18.png
  Image0/data/savedata/c/c19.png
  Image0/data/savedata/c/c20.png
  Image0/data/savedata/c/c21.png
  Image0/data/savedata/c/c22.png
  Image0/data/savedata/c/c23.png
  Image0/data/savedata/c/c24.png
  Image0/data/savedata/c/c25.png
  Image0/data/savedata/c/c26.png
  Image0/data/savedata/c/c27.png
  Image0/data/savedata/c/c28.png
  Image0/data/savedata/c/c29.png
  Image0/data/savedata/c/c30.png
  Image0/data/savedata/c/c_new.png
  Image0/data/savedata/c/icon0.png
  Image0/data/savedata/c/pic1.png
  Image0/data/savedata/c/s01.png
  Image0/data/savedata/c/s02.png
  Image0/data/savedata/c/s03.png
  Image0/data/savedata/c/s04.png
  Image0/data/savedata/c/s05.png
  Image0/data/savedata/c/s06.png
  Image0/data/savedata/c/s07.png
  Image0/data/savedata/c/s08.png
  Image0/data/savedata/c/s09.png
  Image0/data/savedata/c/s10.png
  Image0/data/savedata/c/s11.png
  Image0/data/savedata/c/s12.png
  Image0/data/savedata/c/s13.png
  Image0/data/savedata/c/s14.png
  Image0/data/savedata/c/s15.png
  Image0/data/savedata/c/s16.png
  Image0/data/savedata/c/s17.png
  Image0/data/savedata/c/s18.png
  Image0/data/savedata/c/s19.png
  Image0/data/savedata/c/s20.png
  Image0/data/savedata/c/s21.png
  Image0/data/savedata/c/s22.png
  Image0/data/savedata/c/s23.png
  Image0/data/savedata/c/s24.png
  Image0/data/savedata/c/s25.png
  Image0/data/savedata/c/s26.png
  Image0/data/savedata/c/s27.png
  Image0/data/savedata/c/s28.png
  Image0/data/savedata/c/s29.png
  Image0/data/savedata/c/s30.png
  Image0/data/savedata/c/s_new.png
  Image0/data/savedata/j/c01.png
  Image0/data/savedata/j/c02.png
  Image0/data/savedata/j/c03.png
  Image0/data/savedata/j/c04.png
  Image0/data/savedata/j/c05.png
  Image0/data/savedata/j/c06.png
  Image0/data/savedata/j/c07.png
  Image0/data/savedata/j/c08.png
  Image0/data/savedata/j/c09.png
  Image0/data/savedata/j/c10.png
  Image0/data/savedata/j/c11.png
  Image0/data/savedata/j/c12.png
  Image0/data/savedata/j/c13.png
  Image0/data/savedata/j/c14.png
  Image0/data/savedata/j/c15.png
  Image0/data/savedata/j/c16.png
  Image0/data/savedata/j/c17.png
  Image0/data/savedata/j/c18.png
  Image0/data/savedata/j/c19.png
  Image0/data/savedata/j/c20.png
  Image0/data/savedata/j/c21.png
  Image0/data/savedata/j/c22.png
  Image0/data/savedata/j/c23.png
  Image0/data/savedata/j/c24.png
  Image0/data/savedata/j/c25.png
  Image0/data/savedata/j/c26.png
  Image0/data/savedata/j/c27.png
  Image0/data/savedata/j/c28.png
  Image0/data/savedata/j/c29.png
  Image0/data/savedata/j/c30.png
  Image0/data/savedata/j/c_new.png
  Image0/data/savedata/j/icon0.png
  Image0/data/savedata/j/pic1.png
  Image0/data/savedata/j/s01.png
  Image0/data/savedata/j/s02.png
  Image0/data/savedata/j/s03.png
  Image0/data/savedata/j/s04.png
  Image0/data/savedata/j/s05.png
  Image0/data/savedata/j/s06.png
  Image0/data/savedata/j/s07.png
  Image0/data/savedata/j/s08.png
  Image0/data/savedata/j/s09.png
  Image0/data/savedata/j/s10.png
  Image0/data/savedata/j/s11.png
  Image0/data/savedata/j/s12.png
  Image0/data/savedata/j/s13.png
  Image0/data/savedata/j/s14.png
  Image0/data/savedata/j/s15.png
  Image0/data/savedata/j/s16.png
  Image0/data/savedata/j/s17.png
  Image0/data/savedata/j/s18.png
  Image0/data/savedata/j/s19.png
  Image0/data/savedata/j/s20.png
  Image0/data/savedata/j/s21.png
  Image0/data/savedata/j/s22.png
  Image0/data/savedata/j/s23.png
  Image0/data/savedata/j/s24.png
  Image0/data/savedata/j/s25.png
  Image0/data/savedata/j/s26.png
  Image0/data/savedata/j/s27.png
  Image0/data/savedata/j/s28.png
  Image0/data/savedata/j/s29.png
  Image0/data/savedata/j/s30.png
  Image0/data/savedata/j/s_new.png
  Image0/data/scenario/mail.bin
  Image0/data/scenario/player_pos.bin
  Image0/data/scenario/scenario2.bin-nodlg
  Image0/data/scenario/scenario2.bin_c
M Image0/data/scenario/scenario2.bin_e
  Image0/data/scenario/scenario2.bin_j
  Image0/data/scenario/scenario2.bin_k
  Image0/data/scenario/scenario_enum.bin
  Image0/data/scenario/scenario_state.bin
  Image0/data/scenario/stage_id.dat
  Image0/data/shader/mars_shader_ps4.par
  Image0/data/shader/sh_devil_ps4.par
  Image0/data/shader/sh_ptc_all_ps4.par
  Image0/data/shader/sh_ptc_ps4.par
  Image0/data/soundcpk/auth_s00_000.hca
M Image0/data/soundcpk/se.cpk
  Image0/data/soundcpk/system_install.hca
  Image0/data/soundcpk_e/se.cpk
M Image0/data/soundpar/sound.par
  Image0/data/soundpar/sound_e.par
  Image0/data/stage/ps4/flag_data/stage_flag.dat
  Image0/data/stage/ps4/flag_data/street_name_c.dat
  Image0/data/stage/ps4/flag_data/street_name_j.dat
  Image0/data/stage/ps4/flag_data/street_name_k.dat
  Image0/data/stage/ps4/mg_baccarat/arcmn/mg_baccarat_arcmn_all.par
  Image0/data/stage/ps4/mg_baccarat/prep/all/mg_baccarat_all_texcmn.par
  Image0/data/stage/ps4/mg_bj/arcmn/mg_bj_arcmn_all.par
  Image0/data/stage/ps4/mg_bj/prep/all/mg_bj_all_texcmn.par
  Image0/data/stage/ps4/mg_d_batting/arcmn/mg_d_batting_arcmn_all.par
  Image0/data/stage/ps4/mg_d_batting/prep/all/mg_d_batting_all_texcmn.par
  Image0/data/stage/ps4/mg_poker/arcmn/mg_poker_arcmn_all.par
  Image0/data/stage/ps4/mg_poker/prep/all/mg_poker_all_texcmn.par
  Image0/data/stage/ps4/mg_roulette/arcmn/mg_roulette_arcmn_all.par
  Image0/data/stage/ps4/mg_roulette/prep/all/mg_roulette_all_texcmn.par
  Image0/data/stage/ps4/mg_ufo_01/arcmn/mg_ufo_01_arcmn_all.par
  Image0/data/stage/ps4/mg_ufo_01/prep/all/mg_ufo_01_all_texcmn.par
  Image0/data/stage/ps4/mg_ufo_02/arcmn/mg_ufo_02_arcmn_all.par
  Image0/data/stage/ps4/mg_ufo_02/prep/all/mg_ufo_02_all_texcmn.par
  Image0/data/stage/ps4/profile.par
  Image0/data/stage/ps4/st_arena_a/arcmn/st_arena_a_arcmn_all.par
  Image0/data/stage/ps4/st_arena_a/arcmn/st_arena_a_arcmn_day.par
  Image0/data/stage/ps4/st_arena_a/arcmn/st_arena_a_arcmn_eve.par
  Image0/data/stage/ps4/st_arena_a/arcmn/st_arena_a_arcmn_ngt.par
  Image0/data/stage/ps4/st_arena_a/arcmn/st_arena_a_arcmn_spe.par
  Image0/data/stage/ps4/st_arena_a/prep/all/st_arena_a_all_texcmn.par
  Image0/data/stage/ps4/st_arena_a/prep/day/st_arena_a_day_texcmn.par
  Image0/data/stage/ps4/st_arena_a/prep/eve/st_arena_a_eve_texcmn.par
  Image0/data/stage/ps4/st_arena_a/prep/ngt/st_arena_a_ngt_texcmn.par
  Image0/data/stage/ps4/st_arena_a/prep/spe/st_arena_a_spe_texcmn.par
  Image0/data/stage/ps4/st_arena_b/arcmn/st_arena_b_arcmn_all.par
  Image0/data/stage/ps4/st_arena_b/prep/all/st_arena_b_all_texcmn.par
  Image0/data/stage/ps4/st_barracks/arcmn/st_barracks_arcmn_all.par
  Image0/data/stage/ps4/st_barracks/arcmn/st_barracks_arcmn_day.par
  Image0/data/stage/ps4/st_barracks/arcmn/st_barracks_arcmn_eve.par
  Image0/data/stage/ps4/st_barracks/arcmn/st_barracks_arcmn_ngt.par
  Image0/data/stage/ps4/st_barracks/prep/all/st_barracks_all_texcmn.par
  Image0/data/stage/ps4/st_barracks/prep/day/st_barracks_day_texcmn.par
  Image0/data/stage/ps4/st_barracks/prep/eve/st_barracks_eve_texcmn.par
  Image0/data/stage/ps4/st_barracks/prep/ngt/st_barracks_ngt_texcmn.par
  Image0/data/stage/ps4/st_black/arcmn/all/e_par_par007dxt3_um_d.dds
  Image0/data/stage/ps4/st_black/arcmn/all/e_par_par011dxt3_um_d.dds
  Image0/data/stage/ps4/st_black/arcmn/all/e_par_par018dxt5_um_d.dds
  Image0/data/stage/ps4/st_black/arcmn/all/e_par_par021dxt5_um_n.dds
  Image0/data/stage/ps4/st_black/arcmn/all/e_shk_shk028dxt3_um_d.dds
  Image0/data/stage/ps4/st_black/arcmn/all/e_smk_smk033dxt5_um_d.dds
  Image0/data/stage/ps4/st_black/arcmn/all/e_smk_smk034dxt5_um_d.dds
  Image0/data/stage/ps4/st_black/arcmn/all/e_smk_smk043dxt5_um_d.dds
  Image0/data/stage/ps4/st_black/arcmn/all/e_smk_smk044dxt5_um_d.dds
  Image0/data/stage/ps4/st_black/arcmn/all/test_0002.sct
  Image0/data/stage/ps4/st_black/arcmn/all/yyf0029.pib
  Image0/data/stage/ps4/st_black/arcmn/all/yyf0030.pib
  Image0/data/stage/ps4/st_black/arcmn/all/yyf0031.pib
  Image0/data/stage/ps4/st_black/arcmn/st_black_arcmn_all.par
  Image0/data/stage/ps4/st_boiler_a/arcmn/st_boiler_a_arcmn_all.par
  Image0/data/stage/ps4/st_boiler_a/prep/all/st_boiler_a_all_texcmn.par
  Image0/data/stage/ps4/st_cachot_a/arcmn/st_cachot_a_arcmn_all.par
  Image0/data/stage/ps4/st_cachot_a/prep/all/st_cachot_a_all_texcmn.par
  Image0/data/stage/ps4/st_camp_a/arcmn/st_camp_a_arcmn_all.par
  Image0/data/stage/ps4/st_camp_a/prep/all/st_camp_a_all_texcmn.par
  Image0/data/stage/ps4/st_car_talk/arcmn/st_car_talk_arcmn_all.par
  Image0/data/stage/ps4/st_car_talk/prep/all/st_car_talk_all_texcmn.par
  Image0/data/stage/ps4/st_casino/arcmn/st_casino_arcmn_all.par
  Image0/data/stage/ps4/st_casino/prep/all/st_casino_all_texcmn.par
  Image0/data/stage/ps4/st_cassandra_a/arcmn/st_cassandra_a_arcmn_all.par
  Image0/data/stage/ps4/st_cassandra_a/prep/all/st_cassandra_a_all_texcmn.par
  Image0/data/stage/ps4/st_cassandra_b/arcmn/st_cassandra_b_arcmn_all.par
  Image0/data/stage/ps4/st_cassandra_b/prep/all/st_cassandra_b_all_texcmn.par
  Image0/data/stage/ps4/st_cathedral/arcmn/st_cathedral_arcmn_all.par
  Image0/data/stage/ps4/st_cathedral/arcmn/st_cathedral_arcmn_day.par
  Image0/data/stage/ps4/st_cathedral/arcmn/st_cathedral_arcmn_eve.par
  Image0/data/stage/ps4/st_cathedral/arcmn/st_cathedral_arcmn_ngt.par
  Image0/data/stage/ps4/st_cathedral/prep/all/st_cathedral_all_texcmn.par
  Image0/data/stage/ps4/st_cathedral/prep/day/st_cathedral_day_texcmn.par
  Image0/data/stage/ps4/st_cathedral/prep/eve/st_cathedral_eve_texcmn.par
  Image0/data/stage/ps4/st_cathedral/prep/ngt/st_cathedral_ngt_texcmn.par
  Image0/data/stage/ps4/st_clinic/arcmn/st_clinic_arcmn_all.par
  Image0/data/stage/ps4/st_clinic/arcmn/st_clinic_arcmn_day.par
  Image0/data/stage/ps4/st_clinic/arcmn/st_clinic_arcmn_eve.par
  Image0/data/stage/ps4/st_clinic/arcmn/st_clinic_arcmn_ngt.par
  Image0/data/stage/ps4/st_clinic/prep/all/st_clinic_all_texcmn.par
  Image0/data/stage/ps4/st_clinic/prep/day/st_clinic_day_texcmn.par
  Image0/data/stage/ps4/st_clinic/prep/eve/st_clinic_eve_texcmn.par
  Image0/data/stage/ps4/st_clinic/prep/ngt/st_clinic_ngt_texcmn.par
  Image0/data/stage/ps4/st_club/arcmn/st_club_arcmn_all.par
  Image0/data/stage/ps4/st_club/prep/all/st_club_all_texcmn.par
  Image0/data/stage/ps4/st_debris_a/arcmn/st_debris_a_arcmn_all.par
  Image0/data/stage/ps4/st_debris_a/prep/all/st_debris_a_all_texcmn.par
  Image0/data/stage/ps4/st_eden/ar000/st_eden_ar000_day.par
  Image0/data/stage/ps4/st_eden/ar000/st_eden_ar000_eve.par
  Image0/data/stage/ps4/st_eden/ar000/st_eden_ar000_ngt.par
  Image0/data/stage/ps4/st_eden/ar001/st_eden_ar001_day.par
  Image0/data/stage/ps4/st_eden/ar001/st_eden_ar001_eve.par
  Image0/data/stage/ps4/st_eden/ar001/st_eden_ar001_ngt.par
  Image0/data/stage/ps4/st_eden/ar002/st_eden_ar002_day.par
  Image0/data/stage/ps4/st_eden/ar002/st_eden_ar002_eve.par
  Image0/data/stage/ps4/st_eden/ar002/st_eden_ar002_ngt.par
  Image0/data/stage/ps4/st_eden/ar003/st_eden_ar003_day.par
  Image0/data/stage/ps4/st_eden/ar003/st_eden_ar003_eve.par
  Image0/data/stage/ps4/st_eden/ar003/st_eden_ar003_ngt.par
  Image0/data/stage/ps4/st_eden/ar004/st_eden_ar004_day.par
  Image0/data/stage/ps4/st_eden/ar004/st_eden_ar004_eve.par
  Image0/data/stage/ps4/st_eden/ar004/st_eden_ar004_ngt.par
  Image0/data/stage/ps4/st_eden/ar005/st_eden_ar005_day.par
  Image0/data/stage/ps4/st_eden/ar005/st_eden_ar005_eve.par
  Image0/data/stage/ps4/st_eden/ar005/st_eden_ar005_ngt.par
  Image0/data/stage/ps4/st_eden/ar006/st_eden_ar006_day.par
  Image0/data/stage/ps4/st_eden/ar006/st_eden_ar006_eve.par
  Image0/data/stage/ps4/st_eden/ar006/st_eden_ar006_ngt.par
  Image0/data/stage/ps4/st_eden/ar007/st_eden_ar007_day.par
  Image0/data/stage/ps4/st_eden/ar007/st_eden_ar007_eve.par
  Image0/data/stage/ps4/st_eden/ar007/st_eden_ar007_ngt.par
  Image0/data/stage/ps4/st_eden/ar008/st_eden_ar008_day.par
  Image0/data/stage/ps4/st_eden/ar008/st_eden_ar008_eve.par
  Image0/data/stage/ps4/st_eden/ar008/st_eden_ar008_ngt.par
  Image0/data/stage/ps4/st_eden/ar009/st_eden_ar009_day.par
  Image0/data/stage/ps4/st_eden/ar009/st_eden_ar009_eve.par
  Image0/data/stage/ps4/st_eden/ar009/st_eden_ar009_ngt.par
  Image0/data/stage/ps4/st_eden/ar010/st_eden_ar010_day.par
  Image0/data/stage/ps4/st_eden/ar010/st_eden_ar010_eve.par
  Image0/data/stage/ps4/st_eden/ar010/st_eden_ar010_ngt.par
  Image0/data/stage/ps4/st_eden/ar011/st_eden_ar011_day.par
  Image0/data/stage/ps4/st_eden/ar011/st_eden_ar011_eve.par
  Image0/data/stage/ps4/st_eden/ar011/st_eden_ar011_ngt.par
  Image0/data/stage/ps4/st_eden/ar012/st_eden_ar012_day.par
  Image0/data/stage/ps4/st_eden/ar012/st_eden_ar012_eve.par
  Image0/data/stage/ps4/st_eden/ar012/st_eden_ar012_ngt.par
  Image0/data/stage/ps4/st_eden/ar013/st_eden_ar013_day.par
  Image0/data/stage/ps4/st_eden/ar013/st_eden_ar013_eve.par
  Image0/data/stage/ps4/st_eden/ar013/st_eden_ar013_ngt.par
  Image0/data/stage/ps4/st_eden/ar014/st_eden_ar014_day.par
  Image0/data/stage/ps4/st_eden/ar014/st_eden_ar014_eve.par
  Image0/data/stage/ps4/st_eden/ar014/st_eden_ar014_ngt.par
  Image0/data/stage/ps4/st_eden/ar015/st_eden_ar015_day.par
  Image0/data/stage/ps4/st_eden/ar015/st_eden_ar015_eve.par
  Image0/data/stage/ps4/st_eden/ar015/st_eden_ar015_ngt.par
  Image0/data/stage/ps4/st_eden/ar016/st_eden_ar016_day.par
  Image0/data/stage/ps4/st_eden/ar016/st_eden_ar016_eve.par
  Image0/data/stage/ps4/st_eden/ar016/st_eden_ar016_ngt.par
  Image0/data/stage/ps4/st_eden/ar017/st_eden_ar017_day.par
  Image0/data/stage/ps4/st_eden/ar017/st_eden_ar017_eve.par
  Image0/data/stage/ps4/st_eden/ar017/st_eden_ar017_ngt.par
  Image0/data/stage/ps4/st_eden/ar018/st_eden_ar018_day.par
  Image0/data/stage/ps4/st_eden/ar018/st_eden_ar018_eve.par
  Image0/data/stage/ps4/st_eden/ar018/st_eden_ar018_ngt.par
  Image0/data/stage/ps4/st_eden/ar019/st_eden_ar019_day.par
  Image0/data/stage/ps4/st_eden/ar019/st_eden_ar019_eve.par
  Image0/data/stage/ps4/st_eden/ar019/st_eden_ar019_ngt.par
  Image0/data/stage/ps4/st_eden/ar020/st_eden_ar020_day.par
  Image0/data/stage/ps4/st_eden/ar020/st_eden_ar020_eve.par
  Image0/data/stage/ps4/st_eden/ar020/st_eden_ar020_ngt.par
  Image0/data/stage/ps4/st_eden/ar021/st_eden_ar021_day.par
  Image0/data/stage/ps4/st_eden/ar021/st_eden_ar021_eve.par
  Image0/data/stage/ps4/st_eden/ar021/st_eden_ar021_ngt.par
  Image0/data/stage/ps4/st_eden/ar022/st_eden_ar022_day.par
  Image0/data/stage/ps4/st_eden/ar022/st_eden_ar022_eve.par
  Image0/data/stage/ps4/st_eden/ar022/st_eden_ar022_ngt.par
  Image0/data/stage/ps4/st_eden/ar023/st_eden_ar023_day.par
  Image0/data/stage/ps4/st_eden/ar023/st_eden_ar023_eve.par
  Image0/data/stage/ps4/st_eden/ar023/st_eden_ar023_ngt.par
  Image0/data/stage/ps4/st_eden/ar024/st_eden_ar024_day.par
  Image0/data/stage/ps4/st_eden/ar024/st_eden_ar024_eve.par
  Image0/data/stage/ps4/st_eden/ar024/st_eden_ar024_ngt.par
  Image0/data/stage/ps4/st_eden/ar025/st_eden_ar025_day.par
  Image0/data/stage/ps4/st_eden/ar025/st_eden_ar025_eve.par
  Image0/data/stage/ps4/st_eden/ar025/st_eden_ar025_ngt.par
  Image0/data/stage/ps4/st_eden/ar026/st_eden_ar026_day.par
  Image0/data/stage/ps4/st_eden/ar026/st_eden_ar026_eve.par
  Image0/data/stage/ps4/st_eden/ar026/st_eden_ar026_ngt.par
  Image0/data/stage/ps4/st_eden/ar027/st_eden_ar027_day.par
  Image0/data/stage/ps4/st_eden/ar027/st_eden_ar027_eve.par
  Image0/data/stage/ps4/st_eden/ar027/st_eden_ar027_ngt.par
  Image0/data/stage/ps4/st_eden/ar028/st_eden_ar028_day.par
  Image0/data/stage/ps4/st_eden/ar028/st_eden_ar028_eve.par
  Image0/data/stage/ps4/st_eden/ar028/st_eden_ar028_ngt.par
  Image0/data/stage/ps4/st_eden/ar029/st_eden_ar029_day.par
  Image0/data/stage/ps4/st_eden/ar029/st_eden_ar029_eve.par
  Image0/data/stage/ps4/st_eden/ar029/st_eden_ar029_ngt.par
  Image0/data/stage/ps4/st_eden/ar030/st_eden_ar030_day.par
  Image0/data/stage/ps4/st_eden/ar030/st_eden_ar030_eve.par
  Image0/data/stage/ps4/st_eden/ar030/st_eden_ar030_ngt.par
  Image0/data/stage/ps4/st_eden/ar031/st_eden_ar031_day.par
  Image0/data/stage/ps4/st_eden/ar031/st_eden_ar031_eve.par
  Image0/data/stage/ps4/st_eden/ar031/st_eden_ar031_ngt.par
  Image0/data/stage/ps4/st_eden/ar032/st_eden_ar032_day.par
  Image0/data/stage/ps4/st_eden/ar032/st_eden_ar032_eve.par
  Image0/data/stage/ps4/st_eden/ar032/st_eden_ar032_ngt.par
  Image0/data/stage/ps4/st_eden/ar033/st_eden_ar033_day.par
  Image0/data/stage/ps4/st_eden/ar033/st_eden_ar033_eve.par
  Image0/data/stage/ps4/st_eden/ar033/st_eden_ar033_ngt.par
  Image0/data/stage/ps4/st_eden/ar034/st_eden_ar034_day.par
  Image0/data/stage/ps4/st_eden/ar034/st_eden_ar034_eve.par
  Image0/data/stage/ps4/st_eden/ar034/st_eden_ar034_ngt.par
  Image0/data/stage/ps4/st_eden/ar035/st_eden_ar035_day.par
  Image0/data/stage/ps4/st_eden/ar035/st_eden_ar035_eve.par
  Image0/data/stage/ps4/st_eden/ar035/st_eden_ar035_ngt.par
  Image0/data/stage/ps4/st_eden/ar036/st_eden_ar036_day.par
  Image0/data/stage/ps4/st_eden/ar036/st_eden_ar036_eve.par
  Image0/data/stage/ps4/st_eden/ar036/st_eden_ar036_ngt.par
  Image0/data/stage/ps4/st_eden/ar037/st_eden_ar037_day.par
  Image0/data/stage/ps4/st_eden/ar037/st_eden_ar037_eve.par
  Image0/data/stage/ps4/st_eden/ar037/st_eden_ar037_ngt.par
  Image0/data/stage/ps4/st_eden/ar038/st_eden_ar038_day.par
  Image0/data/stage/ps4/st_eden/ar038/st_eden_ar038_eve.par
  Image0/data/stage/ps4/st_eden/ar038/st_eden_ar038_ngt.par
  Image0/data/stage/ps4/st_eden/ar039/st_eden_ar039_day.par
  Image0/data/stage/ps4/st_eden/ar039/st_eden_ar039_eve.par
  Image0/data/stage/ps4/st_eden/ar039/st_eden_ar039_ngt.par
  Image0/data/stage/ps4/st_eden/ar040/st_eden_ar040_day.par
  Image0/data/stage/ps4/st_eden/ar040/st_eden_ar040_eve.par
  Image0/data/stage/ps4/st_eden/ar040/st_eden_ar040_ngt.par
  Image0/data/stage/ps4/st_eden/ar041/st_eden_ar041_day.par
  Image0/data/stage/ps4/st_eden/ar041/st_eden_ar041_eve.par
  Image0/data/stage/ps4/st_eden/ar041/st_eden_ar041_ngt.par
  Image0/data/stage/ps4/st_eden/ar042/st_eden_ar042_day.par
  Image0/data/stage/ps4/st_eden/ar042/st_eden_ar042_eve.par
  Image0/data/stage/ps4/st_eden/ar042/st_eden_ar042_ngt.par
  Image0/data/stage/ps4/st_eden/ar043/st_eden_ar043_day.par
  Image0/data/stage/ps4/st_eden/ar043/st_eden_ar043_eve.par
  Image0/data/stage/ps4/st_eden/ar043/st_eden_ar043_ngt.par
  Image0/data/stage/ps4/st_eden/ar044/st_eden_ar044_day.par
  Image0/data/stage/ps4/st_eden/ar044/st_eden_ar044_eve.par
  Image0/data/stage/ps4/st_eden/ar044/st_eden_ar044_ngt.par
  Image0/data/stage/ps4/st_eden/ar045/st_eden_ar045_day.par
  Image0/data/stage/ps4/st_eden/ar045/st_eden_ar045_eve.par
  Image0/data/stage/ps4/st_eden/ar045/st_eden_ar045_ngt.par
  Image0/data/stage/ps4/st_eden/ar046/st_eden_ar046_day.par
  Image0/data/stage/ps4/st_eden/ar046/st_eden_ar046_eve.par
  Image0/data/stage/ps4/st_eden/ar046/st_eden_ar046_ngt.par
  Image0/data/stage/ps4/st_eden/ar047/st_eden_ar047_day.par
  Image0/data/stage/ps4/st_eden/ar047/st_eden_ar047_eve.par
  Image0/data/stage/ps4/st_eden/ar047/st_eden_ar047_ngt.par
  Image0/data/stage/ps4/st_eden/ar048/st_eden_ar048_day.par
  Image0/data/stage/ps4/st_eden/ar048/st_eden_ar048_eve.par
  Image0/data/stage/ps4/st_eden/ar048/st_eden_ar048_ngt.par
  Image0/data/stage/ps4/st_eden/ar049/st_eden_ar049_day.par
  Image0/data/stage/ps4/st_eden/ar049/st_eden_ar049_eve.par
  Image0/data/stage/ps4/st_eden/ar049/st_eden_ar049_ngt.par
  Image0/data/stage/ps4/st_eden/ar050/st_eden_ar050_day.par
  Image0/data/stage/ps4/st_eden/ar050/st_eden_ar050_eve.par
  Image0/data/stage/ps4/st_eden/ar050/st_eden_ar050_ngt.par
  Image0/data/stage/ps4/st_eden/ar051/st_eden_ar051_day.par
  Image0/data/stage/ps4/st_eden/ar051/st_eden_ar051_eve.par
  Image0/data/stage/ps4/st_eden/ar051/st_eden_ar051_ngt.par
  Image0/data/stage/ps4/st_eden/ar052/st_eden_ar052_day.par
  Image0/data/stage/ps4/st_eden/ar052/st_eden_ar052_eve.par
  Image0/data/stage/ps4/st_eden/ar052/st_eden_ar052_ngt.par
  Image0/data/stage/ps4/st_eden/ar053/st_eden_ar053_day.par
  Image0/data/stage/ps4/st_eden/ar053/st_eden_ar053_eve.par
  Image0/data/stage/ps4/st_eden/ar053/st_eden_ar053_ngt.par
  Image0/data/stage/ps4/st_eden/ar054/st_eden_ar054_day.par
  Image0/data/stage/ps4/st_eden/ar054/st_eden_ar054_eve.par
  Image0/data/stage/ps4/st_eden/ar054/st_eden_ar054_ngt.par
  Image0/data/stage/ps4/st_eden/ar055/st_eden_ar055_day.par
  Image0/data/stage/ps4/st_eden/ar055/st_eden_ar055_eve.par
  Image0/data/stage/ps4/st_eden/ar055/st_eden_ar055_ngt.par
  Image0/data/stage/ps4/st_eden/ar056/st_eden_ar056_day.par
  Image0/data/stage/ps4/st_eden/ar056/st_eden_ar056_eve.par
  Image0/data/stage/ps4/st_eden/ar056/st_eden_ar056_ngt.par
  Image0/data/stage/ps4/st_eden/ar057/st_eden_ar057_day.par
  Image0/data/stage/ps4/st_eden/ar057/st_eden_ar057_eve.par
  Image0/data/stage/ps4/st_eden/ar057/st_eden_ar057_ngt.par
  Image0/data/stage/ps4/st_eden/ar058/st_eden_ar058_day.par
  Image0/data/stage/ps4/st_eden/ar058/st_eden_ar058_eve.par
  Image0/data/stage/ps4/st_eden/ar058/st_eden_ar058_ngt.par
  Image0/data/stage/ps4/st_eden/ar059/st_eden_ar059_day.par
  Image0/data/stage/ps4/st_eden/ar059/st_eden_ar059_eve.par
  Image0/data/stage/ps4/st_eden/ar059/st_eden_ar059_ngt.par
  Image0/data/stage/ps4/st_eden/ar060/st_eden_ar060_day.par
  Image0/data/stage/ps4/st_eden/ar060/st_eden_ar060_eve.par
  Image0/data/stage/ps4/st_eden/ar060/st_eden_ar060_ngt.par
  Image0/data/stage/ps4/st_eden/ar070/st_eden_ar070_day.par
  Image0/data/stage/ps4/st_eden/ar070/st_eden_ar070_eve.par
  Image0/data/stage/ps4/st_eden/ar070/st_eden_ar070_ngt.par
  Image0/data/stage/ps4/st_eden/ar100/st_eden_ar100_day.par
  Image0/data/stage/ps4/st_eden/ar100/st_eden_ar100_eve.par
  Image0/data/stage/ps4/st_eden/ar100/st_eden_ar100_ngt.par
  Image0/data/stage/ps4/st_eden/ar130/st_eden_ar130_day.par
  Image0/data/stage/ps4/st_eden/ar130/st_eden_ar130_eve.par
  Image0/data/stage/ps4/st_eden/ar130/st_eden_ar130_ngt.par
  Image0/data/stage/ps4/st_eden/ar160/st_eden_ar160_day.par
  Image0/data/stage/ps4/st_eden/ar160/st_eden_ar160_eve.par
  Image0/data/stage/ps4/st_eden/ar160/st_eden_ar160_ngt.par
  Image0/data/stage/ps4/st_eden/ar180/st_eden_ar180_day.par
  Image0/data/stage/ps4/st_eden/ar180/st_eden_ar180_eve.par
  Image0/data/stage/ps4/st_eden/ar180/st_eden_ar180_ngt.par
  Image0/data/stage/ps4/st_eden/arcmn/st_eden_arcmn_day.par
  Image0/data/stage/ps4/st_eden/arcmn/st_eden_arcmn_eve.par
  Image0/data/stage/ps4/st_eden/arcmn/st_eden_arcmn_ngt.par
  Image0/data/stage/ps4/st_eden/prep/day/st_eden_day_texcmn.par
  Image0/data/stage/ps4/st_eden/prep/eve/st_eden_eve_texcmn.par
  Image0/data/stage/ps4/st_eden/prep/ngt/st_eden_ngt_texcmn.par
  Image0/data/stage/ps4/st_factory_a/arcmn/st_factory_a_arcmn_all.par
  Image0/data/stage/ps4/st_factory_a/arcmn/st_factory_a_arcmn_day.par
  Image0/data/stage/ps4/st_factory_a/arcmn/st_factory_a_arcmn_ngt.par
  Image0/data/stage/ps4/st_factory_a/arcmn/st_factory_a_arcmn_spe.par
  Image0/data/stage/ps4/st_factory_a/prep/all/st_factory_a_all_texcmn.par
  Image0/data/stage/ps4/st_factory_a/prep/day/st_factory_a_day_texcmn.par
  Image0/data/stage/ps4/st_factory_a/prep/ngt/st_factory_a_ngt_texcmn.par
  Image0/data/stage/ps4/st_factory_a/prep/spe/st_factory_a_spe_texcmn.par
  Image0/data/stage/ps4/st_factory_b/arcmn/st_factory_b_arcmn_all.par
  Image0/data/stage/ps4/st_factory_b/prep/all/st_factory_b_all_texcmn.par
  Image0/data/stage/ps4/st_factory_c/arcmn/st_factory_c_arcmn_all.par
  Image0/data/stage/ps4/st_factory_c/prep/all/st_factory_c_all_texcmn.par
  Image0/data/stage/ps4/st_hideout/arcmn/st_hideout_arcmn_all.par
  Image0/data/stage/ps4/st_hideout/prep/all/st_hideout_all_texcmn.par
  Image0/data/stage/ps4/st_install/arcmn/st_install_arcmn_all.par
  Image0/data/stage/ps4/st_install/prep/all/st_install_all_texcmn.par
  Image0/data/stage/ps4/st_junk/arcmn/st_junk_arcmn_all.par
  Image0/data/stage/ps4/st_junk/prep/all/st_junk_all_texcmn.par
  Image0/data/stage/ps4/st_rooftop_a/arcmn/st_rooftop_a_arcmn_all.par
  Image0/data/stage/ps4/st_rooftop_a/prep/all/st_rooftop_a_all_texcmn.par
  Image0/data/stage/ps4/st_ruins_a/arcmn/st_ruins_a_arcmn_all.par
  Image0/data/stage/ps4/st_ruins_a/prep/all/st_ruins_a_all_texcmn.par
  Image0/data/stage/ps4/st_ruins_b/arcmn/st_ruins_b_arcmn_all.par
  Image0/data/stage/ps4/st_ruins_b/prep/all/st_ruins_b_all_texcmn.par
  Image0/data/stage/ps4/st_ruins_c/arcmn/st_ruins_c_arcmn_all.par
  Image0/data/stage/ps4/st_ruins_c/prep/all/st_ruins_c_all_texcmn.par
  Image0/data/stage/ps4/st_ruins_d/arcmn/st_ruins_d_arcmn_all.par
  Image0/data/stage/ps4/st_ruins_d/prep/all/st_ruins_d_all_texcmn.par
  Image0/data/stage/ps4/st_ruins_e/arcmn/st_ruins_e_arcmn_all.par
  Image0/data/stage/ps4/st_ruins_e/prep/all/st_ruins_e_all_texcmn.par
  Image0/data/stage/ps4/st_ruins_f/arcmn/st_ruins_f_arcmn_all.par
  Image0/data/stage/ps4/st_ruins_f/prep/all/st_ruins_f_all_texcmn.par
  Image0/data/stage/ps4/st_scenery_a/arcmn/st_scenery_a_arcmn_all.par
  Image0/data/stage/ps4/st_scenery_a/arcmn/st_scenery_a_arcmn_day.par
  Image0/data/stage/ps4/st_scenery_a/arcmn/st_scenery_a_arcmn_ngt.par
  Image0/data/stage/ps4/st_scenery_a/prep/all/st_scenery_a_all_texcmn.par
  Image0/data/stage/ps4/st_scenery_a/prep/day/st_scenery_a_day_texcmn.par
  Image0/data/stage/ps4/st_scenery_a/prep/ngt/st_scenery_a_ngt_texcmn.par
  Image0/data/stage/ps4/st_scenery_b/arcmn/st_scenery_b_arcmn_all.par
  Image0/data/stage/ps4/st_scenery_b/prep/all/st_scenery_b_all_texcmn.par
  Image0/data/stage/ps4/st_scenery_c/arcmn/st_scenery_c_arcmn_all.par
  Image0/data/stage/ps4/st_scenery_c/prep/all/st_scenery_c_all_texcmn.par
  Image0/data/stage/ps4/st_scenery_d/arcmn/st_scenery_d_arcmn_all.par
  Image0/data/stage/ps4/st_scenery_d/prep/all/st_scenery_d_all_texcmn.par
  Image0/data/stage/ps4/st_scenery_e/arcmn/st_scenery_e_arcmn_all.par
  Image0/data/stage/ps4/st_scenery_e/prep/all/st_scenery_e_all_texcmn.par
  Image0/data/stage/ps4/st_scenery_f/arcmn/st_scenery_f_arcmn_all.par
  Image0/data/stage/ps4/st_scenery_f/prep/all/st_scenery_f_all_texcmn.par
  Image0/data/stage/ps4/st_scenery_g/arcmn/st_scenery_g_arcmn_all.par
  Image0/data/stage/ps4/st_scenery_g/prep/all/st_scenery_g_all_texcmn.par
  Image0/data/stage/ps4/st_seed/arcmn/st_seed_arcmn_all.par
  Image0/data/stage/ps4/st_seed/prep/all/st_seed_all_texcmn.par
  Image0/data/stage/ps4/st_shrine/arcmn/st_shrine_arcmn_all.par
  Image0/data/stage/ps4/st_shrine/arcmn/st_shrine_arcmn_day.par
  Image0/data/stage/ps4/st_shrine/arcmn/st_shrine_arcmn_spe.par
  Image0/data/stage/ps4/st_shrine/prep/all/st_shrine_all_texcmn.par
  Image0/data/stage/ps4/st_shrine/prep/day/st_shrine_day_texcmn.par
  Image0/data/stage/ps4/st_shrine/prep/spe/st_shrine_spe_texcmn.par
  Image0/data/stage/ps4/st_southern/arcmn/st_southern_arcmn_all.par
  Image0/data/stage/ps4/st_southern/prep/all/st_southern_all_texcmn.par
  Image0/data/stage/ps4/st_sphere_a/arcmn/st_sphere_a_arcmn_all.par
  Image0/data/stage/ps4/st_sphere_a/arcmn/st_sphere_a_arcmn_day.par
  Image0/data/stage/ps4/st_sphere_a/arcmn/st_sphere_a_arcmn_eve.par
  Image0/data/stage/ps4/st_sphere_a/arcmn/st_sphere_a_arcmn_ngt.par
  Image0/data/stage/ps4/st_sphere_a/prep/all/st_sphere_a_all_texcmn.par
  Image0/data/stage/ps4/st_sphere_a/prep/day/st_sphere_a_day_texcmn.par
  Image0/data/stage/ps4/st_sphere_a/prep/eve/st_sphere_a_eve_texcmn.par
  Image0/data/stage/ps4/st_sphere_a/prep/ngt/st_sphere_a_ngt_texcmn.par
  Image0/data/stage/ps4/st_summit_a/arcmn/st_summit_a_arcmn_all.par
  Image0/data/stage/ps4/st_summit_a/arcmn/st_summit_a_arcmn_day.par
  Image0/data/stage/ps4/st_summit_a/arcmn/st_summit_a_arcmn_eve.par
  Image0/data/stage/ps4/st_summit_a/prep/all/st_summit_a_all_texcmn.par
  Image0/data/stage/ps4/st_summit_a/prep/day/st_summit_a_day_texcmn.par
  Image0/data/stage/ps4/st_summit_a/prep/eve/st_summit_a_eve_texcmn.par
  Image0/data/stage/ps4/st_summit_b/arcmn/st_summit_b_arcmn_all.par
  Image0/data/stage/ps4/st_summit_b/prep/all/st_summit_b_all_texcmn.par
  Image0/data/stage/ps4/st_tavern_a/arcmn/st_tavern_a_arcmn_all.par
  Image0/data/stage/ps4/st_tavern_a/prep/all/st_tavern_a_all_texcmn.par
  Image0/data/stage/ps4/st_tavern_b/arcmn/st_tavern_b_arcmn_all.par
  Image0/data/stage/ps4/st_tavern_b/prep/all/st_tavern_b_all_texcmn.par
  Image0/data/stage/ps4/st_tavern_c/arcmn/st_tavern_c_arcmn_all.par
  Image0/data/stage/ps4/st_tavern_c/prep/all/st_tavern_c_all_texcmn.par
  Image0/data/stage/ps4/st_village_a/arcmn/st_village_a_arcmn_all.par
  Image0/data/stage/ps4/st_village_a/prep/all/st_village_a_all_texcmn.par
  Image0/data/stage/ps4/st_wasteland_a/arcmn/st_wasteland_a_arcmn_all.par
  Image0/data/stage/ps4/st_wasteland_a/prep/all/st_wasteland_a_all_texcmn.par
  Image0/data/stage/ps4/st_wasteland_b/arcmn/st_wasteland_b_arcmn_all.par
  Image0/data/stage/ps4/st_wasteland_b/prep/all/st_wasteland_b_all_texcmn.par
  Image0/data/stage/ps4/st_wasteland_e/arcmn/st_wasteland_e_arcmn_all.par
  Image0/data/stage/ps4/st_wasteland_e/prep/all/st_wasteland_e_all_texcmn.par
  Image0/data/stage/ps4/st_wasteland_f/arcmn/st_wasteland_f_arcmn_all.par
  Image0/data/stage/ps4/st_wasteland_f/prep/all/st_wasteland_f_all_texcmn.par
  Image0/data/stage/ps4/st_wasteland_i/arcmn/st_wasteland_i_arcmn_all.par
  Image0/data/stage/ps4/st_wasteland_i/prep/all/st_wasteland_i_all_texcmn.par
  Image0/data/stage/ps4/st_white/arcmn/st_white_arcmn_all.par
  Image0/data/stage/ps4/st_white/prep/all/st_white_all_texcmn.par
  Image0/data/stage/ps4/st_wildland/ar000/st_wildland_ar000_all.par
  Image0/data/stage/ps4/st_wildland/ar001/st_wildland_ar001_all.par
  Image0/data/stage/ps4/st_wildland/ar002/st_wildland_ar002_all.par
  Image0/data/stage/ps4/st_wildland/ar003/st_wildland_ar003_all.par
  Image0/data/stage/ps4/st_wildland/ar004/st_wildland_ar004_all.par
  Image0/data/stage/ps4/st_wildland/ar005/st_wildland_ar005_all.par
  Image0/data/stage/ps4/st_wildland/ar006/st_wildland_ar006_all.par
  Image0/data/stage/ps4/st_wildland/ar007/st_wildland_ar007_all.par
  Image0/data/stage/ps4/st_wildland/ar008/st_wildland_ar008_all.par
  Image0/data/stage/ps4/st_wildland/ar009/st_wildland_ar009_all.par
  Image0/data/stage/ps4/st_wildland/ar010/st_wildland_ar010_all.par
  Image0/data/stage/ps4/st_wildland/ar011/st_wildland_ar011_all.par
  Image0/data/stage/ps4/st_wildland/ar012/st_wildland_ar012_all.par
  Image0/data/stage/ps4/st_wildland/ar013/st_wildland_ar013_all.par
  Image0/data/stage/ps4/st_wildland/ar014/st_wildland_ar014_all.par
  Image0/data/stage/ps4/st_wildland/ar015/st_wildland_ar015_all.par
  Image0/data/stage/ps4/st_wildland/ar016/st_wildland_ar016_all.par
  Image0/data/stage/ps4/st_wildland/ar017/st_wildland_ar017_all.par
  Image0/data/stage/ps4/st_wildland/ar018/st_wildland_ar018_all.par
  Image0/data/stage/ps4/st_wildland/ar019/st_wildland_ar019_all.par
  Image0/data/stage/ps4/st_wildland/ar020/st_wildland_ar020_all.par
  Image0/data/stage/ps4/st_wildland/ar021/st_wildland_ar021_all.par
  Image0/data/stage/ps4/st_wildland/ar022/st_wildland_ar022_all.par
  Image0/data/stage/ps4/st_wildland/ar023/st_wildland_ar023_all.par
  Image0/data/stage/ps4/st_wildland/ar024/st_wildland_ar024_all.par
  Image0/data/stage/ps4/st_wildland/ar025/st_wildland_ar025_all.par
  Image0/data/stage/ps4/st_wildland/ar026/st_wildland_ar026_all.par
  Image0/data/stage/ps4/st_wildland/ar027/st_wildland_ar027_all.par
  Image0/data/stage/ps4/st_wildland/ar028/st_wildland_ar028_all.par
  Image0/data/stage/ps4/st_wildland/ar029/st_wildland_ar029_all.par
  Image0/data/stage/ps4/st_wildland/ar030/st_wildland_ar030_all.par
  Image0/data/stage/ps4/st_wildland/ar031/st_wildland_ar031_all.par
  Image0/data/stage/ps4/st_wildland/ar032/st_wildland_ar032_all.par
  Image0/data/stage/ps4/st_wildland/ar033/st_wildland_ar033_all.par
  Image0/data/stage/ps4/st_wildland/arcmn/st_wildland_arcmn_all.par
  Image0/data/stage/ps4/st_wildland/prep/all/st_wildland_all_texcmn.par
M Image0/data/staypar/stay_e.par
  Image0/data/stream/amb_casino.hca
  Image0/data/stream/amb_cassandra.hca
  Image0/data/stream/amb_cathedral.hca
  Image0/data/stream/amb_club.hca
  Image0/data/stream/amb_eden_c07.hca
  Image0/data/stream/amb_eden_c08_0200.hca
  Image0/data/stream/amb_eden_market_live_day.hca
  Image0/data/stream/amb_eden_siren.hca
  Image0/data/stream/amb_gamecenter.hca
  Image0/data/stream/amb_oni_village.hca
  Image0/data/stream/amb_prison.hca
  Image0/data/stream/amb_shop.hca
  Image0/data/stream/amb_shrine.hca
  Image0/data/stream/amb_silent_hanyou01.hca
  Image0/data/stream/amb_silent_hanyou02.hca
  Image0/data/stream/amb_silent_hanyou03.hca
  Image0/data/stream/amb_silent_hanyou04.hca
  Image0/data/stream/amb_sphere_city.hca
  Image0/data/stream/amb_tougi.hca
  Image0/data/stream/amb_tougi_uketsuke.hca
  Image0/data/stream/amb_training_hokuto.hca
  Image0/data/stream/amb_wildland.hca
  Image0/data/stream/ambbase_eden_offstreet_day.hca
  Image0/data/stream/ambbase_silent_hanyou.hca
  Image0/data/stream/auth_.hca
  Image0/data/stream/auth_a00_0200_after.hca
  Image0/data/stream/auth_a00_0300_ken.hca
  Image0/data/stream/auth_a00_0400_ken.hca
  Image0/data/stream/auth_a00_0500_ken.hca
  Image0/data/stream/auth_a01_0200_ken.hca
  Image0/data/stream/auth_a01_0300_jagre.hca
  Image0/data/stream/auth_a01_0400_ken.hca
  Image0/data/stream/auth_a01_0500_encount.hca
  Image0/data/stream/auth_a02_0200_devilrebirth.hca
  Image0/data/stream/auth_a02_0300_devilrebirth.hca
  Image0/data/stream/auth_a02_0400_ken.hca
  Image0/data/stream/auth_a03_0200_targa.hca
  Image0/data/stream/auth_a03_0300_kyohou.hca
  Image0/data/stream/auth_a04_0100_uighur.hca
  Image0/data/stream/auth_a04_0200_ken.hca
  Image0/data/stream/auth_a05_0300_aili.hca
  Image0/data/stream/auth_a06_0100_udai.hca
  Image0/data/stream/auth_a06_0200_ken.hca
  Image0/data/stream/auth_a07_0200_thouzer.hca
  Image0/data/stream/auth_a08_0100_eden.hca
  Image0/data/stream/auth_a08_0200_find.hca
  Image0/data/stream/auth_a08_0300_ken.hca
  Image0/data/stream/auth_a08_0400_lei.hca
  Image0/data/stream/auth_a08_0500_lei.hca
  Image0/data/stream/auth_a09_0100_spherecity.hca
  Image0/data/stream/auth_a09_0200_raoh.hca
  Image0/data/stream/auth_a09_0300_raoh.hca
  Image0/data/stream/auth_a10_0100_battle.hca
  Image0/data/stream/auth_a10_0200_kyohou.hca
  Image0/data/stream/auth_a11_0100_battle.hca
  Image0/data/stream/auth_a11_0200_targa.hca
  Image0/data/stream/auth_a11_0300_targe.hca
  Image0/data/stream/auth_a11_0400_battle.hca
  Image0/data/stream/auth_a99_0900_staffroll.hca
  Image0/data/stream/auth_c07_0200_hact.hca
  Image0/data/stream/auth_hact_a11400.hca
  Image0/data/stream/auth_hact_a11401.hca
  Image0/data/stream/auth_hact_a52000.hca
  Image0/data/stream/auth_hact_c07.hca
  Image0/data/stream/auth_hact_m70300.hca
  Image0/data/stream/auth_hact_m70400.hca
  Image0/data/stream/bbg_arena_elimination.hca
  Image0/data/stream/bbg_colosseum_1st.hca
  Image0/data/stream/bbg_colosseum_final.hca
  Image0/data/stream/bbg_dlc_aitori.hca
  Image0/data/stream/bbg_dlc_toughboy.hca
  Image0/data/stream/bbg_enc_scenario.hca
  Image0/data/stream/bbg_encbtl1_univ.hca
  Image0/data/stream/bbg_long_last.hca
  Image0/data/stream/bbg_long_onitsuki.hca
  Image0/data/stream/bbg_long_univ.hca
  Image0/data/stream/bbg_training_toki.hca
  Image0/data/stream/bbg_vs_amon.hca
  Image0/data/stream/bbg_vs_amon_r6.hca
  Image0/data/stream/bbg_vs_boss_univ.hca
  Image0/data/stream/bbg_vs_devil_rebirth.hca
  Image0/data/stream/bbg_vs_jagi.hca
  Image0/data/stream/bbg_vs_komaki.hca
  Image0/data/stream/bbg_vs_kyouoh.hca
  Image0/data/stream/bbg_vs_raoh.hca
  Image0/data/stream/bbg_vs_thouzer.hca
  Image0/data/stream/bgm_clinic_punk.hca
  Image0/data/stream/kaiwabgm_apathy_01.hca
  Image0/data/stream/kaiwabgm_apathy_02.hca
  Image0/data/stream/kaiwabgm_apathy_03.hca
  Image0/data/stream/kaiwabgm_battle_01.hca
  Image0/data/stream/kaiwabgm_fuon_01.hca
  Image0/data/stream/kaiwabgm_fuon_02.hca
  Image0/data/stream/kaiwabgm_fuon_03.hca
  Image0/data/stream/kaiwabgm_fuon_04.hca
  Image0/data/stream/kaiwabgm_heartwarm_01.hca
  Image0/data/stream/kaiwabgm_heartwarm_02.hca
  Image0/data/stream/kaiwabgm_kc_bgm_08.hca
  Image0/data/stream/kaiwabgm_kinpaku01.hca
  Image0/data/stream/kaiwabgm_kinpaku02.hca
  Image0/data/stream/kaiwabgm_kinpaku_01.hca
  Image0/data/stream/kaiwabgm_kinpaku_02.hca
  Image0/data/stream/kaiwabgm_sad_01.hca
  Image0/data/stream/kaiwabgm_sad_02.hca
  Image0/data/stream/kaiwabgm_sub_apathy_01.hca
  Image0/data/stream/kaiwabgm_sub_apathy_02.hca
  Image0/data/stream/kaiwabgm_sub_apathy_03.hca
  Image0/data/stream/kaiwabgm_sub_comical_01.hca
  Image0/data/stream/kaiwabgm_sub_comical_02.hca
  Image0/data/stream/kaiwabgm_sub_comical_03.hca
  Image0/data/stream/kaiwabgm_sub_fuon_01.hca
  Image0/data/stream/kaiwabgm_sub_fuon_02.hca
  Image0/data/stream/kaiwabgm_sub_happy_01.hca
  Image0/data/stream/kaiwabgm_sub_hope_01.hca
  Image0/data/stream/kaiwabgm_sub_kinpaku_01.hca
  Image0/data/stream/kaiwabgm_sub_kinpaku_02.hca
  Image0/data/stream/kaiwabgm_sub_sexy_01.hca
  Image0/data/stream/minig_add_kinpaku.hca
  Image0/data/stream/minig_bgm_dbat.hca
  Image0/data/stream/minig_bgm_kuro_menu.hca
  Image0/data/stream/minig_bgm_kuro_operation.hca
  Image0/data/stream/minig_bgm_prize01.hca
  Image0/data/stream/minig_bgm_prize02.hca
  Image0/data/stream/minig_bgm_prize03.hca
  Image0/data/stream/minig_bgm_rally.hca
  Image0/data/stream/minig_bgm_rally_amon.hca
  Image0/data/stream/minig_bgm_rally_carselect.hca
  Image0/data/stream/minig_casino_kinpaku.hca
  Image0/data/stream/minig_kc_bgm_01.hca
  Image0/data/stream/minig_kc_bgm_02.hca
  Image0/data/stream/minig_kc_bgm_03.hca
  Image0/data/stream/minig_kc_bgm_04.hca
  Image0/data/stream/minig_kc_bgm_05.hca
  Image0/data/stream/minig_kc_bgm_06.hca
  Image0/data/stream/minig_kc_bgm_07.hca
  Image0/data/stream/minig_kc_bgm_08.hca
  Image0/data/stream/minig_kc_bgm_09.hca
  Image0/data/stream/minig_kc_bgm_10.hca
  Image0/data/stream/minig_rin_bgm_emergency.hca
  Image0/data/stream/minig_weapon_search_menu.hca
  Image0/data/stream/seqse_chapter.hca
  Image0/data/stream/seqse_part.hca
  Image0/data/stream/system_menu_bgm.hca
  Image0/data/stream/system_sync_dummy.hca
  Image0/data/stream/system_title_bgm.hca
  Image0/data/stream/system_title_toughboy.hca
  Image0/data/stream/usen_amulet_01.hca
  Image0/data/stream/usen_club_01.hca
  Image0/data/stream/usen_club_02.hca
  Image0/data/stream/usen_club_03.hca
  Image0/data/stream/usen_club_04.hca
  Image0/data/stream/usen_club_05.hca
  Image0/data/stream/usen_club_06.hca
  Image0/data/stream/usen_jazz01_02.hca
  Image0/data/stream/usen_jazz01_03.hca
  Image0/data/stream/usen_jazz02_05.hca
  Image0/data/stream/usen_jazz02_06.hca
  Image0/data/stream/usen_jazz02_09.hca
  Image0/data/stream/usen_jazz02_10.hca
  Image0/data/stream/usen_rock_01a.hca
  Image0/data/stream/usen_rock_01b.hca
  Image0/data/stream/usen_rock_02a.hca
  Image0/data/stream/usen_rock_02b.hca
  Image0/data/stream/usen_rock_03a.hca
  Image0/data/stream/usen_rock_03b.hca
  Image0/data/stream/usen_rock_04a.hca
  Image0/data/stream/usen_rock_04b.hca
  Image0/data/stream/usen_rock_05a.hca
  Image0/data/stream/usen_rock_05b.hca
  Image0/data/stream/usen_rock_06a.hca
  Image0/data/stream/usen_rock_06b.hca
  Image0/data/stream_e/auth_a00_0100_before.hca
  Image0/data/stream_e/auth_a00_0200_after.hca
  Image0/data/stream_e/auth_a00_0300_ken.hca
  Image0/data/stream_e/auth_a00_0400_ken.hca
  Image0/data/stream_e/auth_a00_0500_ken.hca
  Image0/data/stream_e/auth_a00_0600_ken.hca
  Image0/data/stream_e/auth_a01_0100_distant.hca
  Image0/data/stream_e/auth_a01_0200_ken.hca
  Image0/data/stream_e/auth_a01_0300_jagre.hca
  Image0/data/stream_e/auth_a01_0400_ken.hca
  Image0/data/stream_e/auth_a01_0500_encount.hca
  Image0/data/stream_e/auth_a02_0100_entry.hca
  Image0/data/stream_e/auth_a02_0200_devilrebirth.hca
  Image0/data/stream_e/auth_a02_0300_devilrebirth.hca
  Image0/data/stream_e/auth_a02_0400_ken.hca
  Image0/data/stream_e/auth_a03_0100_kyohou.hca
  Image0/data/stream_e/auth_a03_0200_targa.hca
  Image0/data/stream_e/auth_a03_0300_kyohou.hca
  Image0/data/stream_e/auth_a04_0100_uighur.hca
  Image0/data/stream_e/auth_a04_0200_ken.hca
  Image0/data/stream_e/auth_a05_0100_nightclub.hca
  Image0/data/stream_e/auth_a05_0200_ken.hca
  Image0/data/stream_e/auth_a05_0300_aili.hca
  Image0/data/stream_e/auth_a06_0100_udai.hca
  Image0/data/stream_e/auth_a06_0200_ken.hca
  Image0/data/stream_e/auth_a06_0300_ken.hca
  Image0/data/stream_e/auth_a07_0100_thouzer.hca
  Image0/data/stream_e/auth_a07_0200_thouzer.hca
  Image0/data/stream_e/auth_a08_0100_eden.hca
  Image0/data/stream_e/auth_a08_0200_find.hca
  Image0/data/stream_e/auth_a08_0300_ken.hca
  Image0/data/stream_e/auth_a08_0400_lei.hca
  Image0/data/stream_e/auth_a08_0500_lei.hca
  Image0/data/stream_e/auth_a09_0100_spherecity.hca
  Image0/data/stream_e/auth_a09_0200_raoh.hca
  Image0/data/stream_e/auth_a09_0300_raoh.hca
  Image0/data/stream_e/auth_a10_0100_battle.hca
  Image0/data/stream_e/auth_a10_0200_kyohou.hca
  Image0/data/stream_e/auth_a11_0100_battle.hca
  Image0/data/stream_e/auth_a11_0200_targa.hca
  Image0/data/stream_e/auth_a11_0300_targe.hca
  Image0/data/stream_e/auth_a11_0400_battle.hca
  Image0/data/stream_e/auth_a11_0500_nuclear.hca
  Image0/data/stream_e/auth_a12_0100_pray.hca
  Image0/data/stream_e/auth_hact_m70300.hca
  Image0/data/stream_e/auth_hact_m70400.hca
  Image0/data/wdr_par_e/common.par
M Image0/data/wdr_par_e/wdr.par
  Image0/eboot.bin
! Image0/sce_module/libSceFace.prx
! Image0/sce_module/libSceFios2.prx
! Image0/sce_module/libSceHand.prx
! Image0/sce_module/libSceS3DConversion.prx
! Image0/sce_module/libSceSmart.prx
! Image0/sce_module/libc.prx
A Sc0/changeinfo/changeinfo.xml
! Sc0/icon0.dds
! Sc0/icon0.png
M Sc0/param.sfo
M Sc0/pic0.dds
! Sc0/pic0.png
M Sc0/pic1.dds
! Sc0/pic1.png
! Sc0/pronunciation.sig
! Sc0/pronunciation.xml
M Sc0/shareoverlayimage.png
! Sc0/shareparam.json
! Sc0/trophy/trophy00.trp
