A Image0/CUSA28987-patch.gp4
  Image0/binary/area/BOCHI.sad
  Image0/binary/area/CBCAR.sad
  Image0/binary/area/CBCAR1.sad
  Image0/binary/area/CBCAR2.sad
  Image0/binary/area/CBCAR3.sad
  Image0/binary/area/CBCAR4.sad
  Image0/binary/area/HITAN.sad
  Image0/binary/area/JYUKA.sad
  Image0/binary/area/KOTTE.sad
  Image0/binary/area/KOTTO.sad
  Image0/binary/area/KOYAS.sad
  Image0/binary/area/MAGAT.sad
  Image0/binary/area/MYIGL.sad
  Image0/binary/area/MYIGM.sad
  Image0/binary/area/MYIGS2.sad
  Image0/binary/area/MYIGS3.sad
  Image0/binary/area/OIRAN.sad
  Image0/binary/area/OSORE.sad
  Image0/binary/area/RENNO.sad
  Image0/binary/area/RYOKA.sad
  Image0/binary/area/RYOKE.sad
  Image0/binary/area/SUIJO.sad
  Image0/binary/area/SUIJO2.sad
  Image0/binary/area/TNNEL.sad
  Image0/binary/boot/character_common.dat
  Image0/binary/boot/character_model_info.xml
  Image0/binary/boot/item_common.dat
  Image0/binary/boot/local_light.xml
  Image0/binary/character/G_BOB_A/G_BOB_A.anmpk
  Image0/binary/character/G_BOB_A/G_BOB_A.anmscr
  Image0/binary/character/G_BOB_A/G_BOB_A.campk
  Image0/binary/character/G_BOB_A/G_BOB_A.gapk
  Image0/binary/character/G_BOB_A/G_BOB_A.gmpk
  Image0/binary/character/G_BOS_A/G_BOS_A.anmpk
  Image0/binary/character/G_BOS_A/G_BOS_A.anmscr
  Image0/binary/character/G_BOS_A/G_BOS_A.campk
  Image0/binary/character/G_BOS_A/G_BOS_A.gapk
  Image0/binary/character/G_BOS_A/G_BOS_A.gmpk
  Image0/binary/character/G_BOS_B/G_BOS_B.gmpk
  Image0/binary/character/G_BOX_A/G_BOX_A.anmpk
  Image0/binary/character/G_BOX_A/G_BOX_A.anmscr
  Image0/binary/character/G_BOX_A/G_BOX_A.campk
  Image0/binary/character/G_BOX_A/G_BOX_A.gapk
  Image0/binary/character/G_BOX_A/G_BOX_A.gmpk
  Image0/binary/character/G_BOX_A/G_BOX_A_mask.mudd
  Image0/binary/character/G_DLA_A/G_DLA_A.anmpk
  Image0/binary/character/G_DLA_A/G_DLA_A.anmscr
  Image0/binary/character/G_DLA_A/G_DLA_A.campk
  Image0/binary/character/G_DLA_A/G_DLA_A.gapk
  Image0/binary/character/G_DLA_A/G_DLA_A.gmpk
  Image0/binary/character/G_DLB_A/G_DLB_A.gmpk
  Image0/binary/character/G_GST_A/G_GST_A.gmpk
  Image0/binary/character/G_HAK_A/G_HAK_A.anmpk
  Image0/binary/character/G_HAK_A/G_HAK_A.anmscr
  Image0/binary/character/G_HAK_A/G_HAK_A.gapk
M Image0/binary/character/G_HAK_A/G_HAK_A.gmpk
  Image0/binary/character/G_HAK_A/G_HAK_A_fireball.mudd
  Image0/binary/character/G_HND_A/G_HND_A.anmpk
  Image0/binary/character/G_HND_A/G_HND_A.anmscr
  Image0/binary/character/G_HND_A/G_HND_A.gapk
  Image0/binary/character/G_HND_A/G_HND_A.gmpk
  Image0/binary/character/G_HND_B/G_HND_B.gmpk
  Image0/binary/character/G_ISA_A/G_ISA_A.anmpk
  Image0/binary/character/G_ISA_A/G_ISA_A.anmscr
  Image0/binary/character/G_ISA_A/G_ISA_A.campk
  Image0/binary/character/G_ISA_A/G_ISA_A.gapk
  Image0/binary/character/G_ISA_A/G_ISA_A.gmpk
  Image0/binary/character/G_ISA_B/G_ISA_B.anmpk
  Image0/binary/character/G_ISA_B/G_ISA_B.anmscr
  Image0/binary/character/G_ISA_B/G_ISA_B.gapk
  Image0/binary/character/G_ISA_B/G_ISA_B.gmpk
  Image0/binary/character/G_ISH_A/G_ISH_A.anmpk
  Image0/binary/character/G_ISH_A/G_ISH_A.anmscr
  Image0/binary/character/G_ISH_A/G_ISH_A.campk
  Image0/binary/character/G_ISH_A/G_ISH_A.gapk
  Image0/binary/character/G_ISH_A/G_ISH_A.gmpk
  Image0/binary/character/G_ISH_B/G_ISH_B.anmpk
  Image0/binary/character/G_ISH_B/G_ISH_B.gapk
  Image0/binary/character/G_ISH_B/G_ISH_B.gmpk
  Image0/binary/character/G_JIG_A/G_JIG_A.anmpk
  Image0/binary/character/G_JIG_A/G_JIG_A.anmscr
  Image0/binary/character/G_JIG_A/G_JIG_A.campk
  Image0/binary/character/G_JIG_A/G_JIG_A.gapk
  Image0/binary/character/G_JIG_A/G_JIG_A.gmpk
  Image0/binary/character/G_JIG_A/G_JIG_A_knife.mudd
  Image0/binary/character/G_JIK_A/G_JIK_A.anmpk
  Image0/binary/character/G_JIK_A/G_JIK_A.anmscr
  Image0/binary/character/G_JIK_A/G_JIK_A.campk
  Image0/binary/character/G_JIK_A/G_JIK_A.gapk
  Image0/binary/character/G_JIK_A/G_JIK_A.gmpk
  Image0/binary/character/G_JIK_A/G_JIK_A_knife.mudd
  Image0/binary/character/G_JKO_A/G_JKO_A.anmpk
  Image0/binary/character/G_JKO_A/G_JKO_A.anmscr
  Image0/binary/character/G_JKO_A/G_JKO_A.campk
  Image0/binary/character/G_JKO_A/G_JKO_A.gapk
  Image0/binary/character/G_JKO_A/G_JKO_A.gmpk
  Image0/binary/character/G_KAG_A/G_KAG_A.anmpk
  Image0/binary/character/G_KAG_A/G_KAG_A.anmscr
  Image0/binary/character/G_KAG_A/G_KAG_A.campk
  Image0/binary/character/G_KAG_A/G_KAG_A.gapk
  Image0/binary/character/G_KAG_A/G_KAG_A.gmpk
  Image0/binary/character/G_KAG_A/G_KAG_A_fragment.mudd
  Image0/binary/character/G_KAG_A/G_KAG_A_hair.mudd
  Image0/binary/character/G_KAG_B/G_KAG_B.anmscr
  Image0/binary/character/G_KAG_B/G_KAG_B.gmpk
  Image0/binary/character/G_KAG_C/G_KAG_C.gmpk
  Image0/binary/character/G_KAG_D/G_KAG_D.gmpk
  Image0/binary/character/G_KAM_A/G_KAM_A.gmpk
  Image0/binary/character/G_KAS_A/G_KAS_A.anmpk
  Image0/binary/character/G_KAS_A/G_KAS_A.anmscr
  Image0/binary/character/G_KAS_A/G_KAS_A.campk
  Image0/binary/character/G_KAS_A/G_KAS_A.gapk
  Image0/binary/character/G_KAS_A/G_KAS_A.gmpk
  Image0/binary/character/G_KBG_A/G_KBG_A.anmpk
  Image0/binary/character/G_KBG_A/G_KBG_A.anmscr
  Image0/binary/character/G_KBG_A/G_KBG_A.campk
  Image0/binary/character/G_KBG_A/G_KBG_A.gapk
  Image0/binary/character/G_KBG_A/G_KBG_A.gmpk
  Image0/binary/character/G_KBK_A/G_KBK_A.anmpk
  Image0/binary/character/G_KBK_A/G_KBK_A.anmscr
  Image0/binary/character/G_KBK_A/G_KBK_A.campk
  Image0/binary/character/G_KBK_A/G_KBK_A.gapk
  Image0/binary/character/G_KBK_A/G_KBK_A.gmpk
  Image0/binary/character/G_KDA_A/G_KDA_A.anmpk
  Image0/binary/character/G_KDA_A/G_KDA_A.anmscr
  Image0/binary/character/G_KDA_A/G_KDA_A.campk
  Image0/binary/character/G_KDA_A/G_KDA_A.gapk
  Image0/binary/character/G_KDA_A/G_KDA_A.gmpk
  Image0/binary/character/G_KDB_A/G_KDB_A.anmpk
  Image0/binary/character/G_KDB_A/G_KDB_A.anmscr
  Image0/binary/character/G_KDB_A/G_KDB_A.campk
  Image0/binary/character/G_KDB_A/G_KDB_A.gapk
  Image0/binary/character/G_KDB_A/G_KDB_A.gmpk
  Image0/binary/character/G_KDC_A/G_KDC_A.anmpk
  Image0/binary/character/G_KDC_A/G_KDC_A.anmscr
  Image0/binary/character/G_KDC_A/G_KDC_A.campk
  Image0/binary/character/G_KDC_A/G_KDC_A.gapk
  Image0/binary/character/G_KDC_A/G_KDC_A.gmpk
  Image0/binary/character/G_KIL_A/G_KIL_A.anmpk
  Image0/binary/character/G_KIL_A/G_KIL_A.anmscr
  Image0/binary/character/G_KIL_A/G_KIL_A.campk
  Image0/binary/character/G_KIL_A/G_KIL_A.gapk
  Image0/binary/character/G_KIL_A/G_KIL_A.gmpk
  Image0/binary/character/G_KIL_A/G_KIL_A_knife.mudd
  Image0/binary/character/G_KIL_B/G_KIL_B.gmpk
  Image0/binary/character/G_KYO_A/G_KYO_A.anmpk
  Image0/binary/character/G_KYO_A/G_KYO_A.anmscr
  Image0/binary/character/G_KYO_A/G_KYO_A.campk
  Image0/binary/character/G_KYO_A/G_KYO_A.gapk
  Image0/binary/character/G_KYO_A/G_KYO_A.gmpk
  Image0/binary/character/G_MIN_A/G_MIN_A.anmpk
  Image0/binary/character/G_MIN_A/G_MIN_A.anmscr
  Image0/binary/character/G_MIN_A/G_MIN_A.campk
  Image0/binary/character/G_MIN_A/G_MIN_A.gapk
  Image0/binary/character/G_MIN_A/G_MIN_A.gmpk
  Image0/binary/character/G_MIS_A/G_MIS_A.anmscr
  Image0/binary/character/G_MIS_A/G_MIS_A.gmpk
  Image0/binary/character/G_MSB_A/G_MSB_A.anmpk
  Image0/binary/character/G_MSB_A/G_MSB_A.anmscr
  Image0/binary/character/G_MSB_A/G_MSB_A.campk
  Image0/binary/character/G_MSB_A/G_MSB_A.gapk
  Image0/binary/character/G_MSB_A/G_MSB_A.gmpk
  Image0/binary/character/G_MSB_A/G_MSB_A_spirit.mudd
  Image0/binary/character/G_MSW_A/G_MSW_A.anmpk
  Image0/binary/character/G_MSW_A/G_MSW_A.anmscr
  Image0/binary/character/G_MSW_A/G_MSW_A.campk
  Image0/binary/character/G_MSW_A/G_MSW_A.gapk
  Image0/binary/character/G_MSW_A/G_MSW_A.gmpk
  Image0/binary/character/G_MSW_A/G_MSW_A_fragment.mudd
  Image0/binary/character/G_MSW_A/G_MSW_A_spirit.mudd
  Image0/binary/character/G_MSW_B/G_MSW_B.gmpk
  Image0/binary/character/G_NRB_A/G_NRB_A.gmpk
  Image0/binary/character/G_NRC_A/G_NRC_A.gmpk
  Image0/binary/character/G_NRE_A/G_NRE_A.anmpk
  Image0/binary/character/G_NRE_A/G_NRE_A.anmscr
  Image0/binary/character/G_NRE_A/G_NRE_A.campk
  Image0/binary/character/G_NRE_A/G_NRE_A.gapk
  Image0/binary/character/G_NRE_A/G_NRE_A.gmpk
  Image0/binary/character/G_PSA_A/G_PSA_A.anmpk
  Image0/binary/character/G_PSA_A/G_PSA_A.anmscr
  Image0/binary/character/G_PSA_A/G_PSA_A.campk
  Image0/binary/character/G_PSA_A/G_PSA_A.gapk
  Image0/binary/character/G_PSA_A/G_PSA_A.gmpk
  Image0/binary/character/G_PSA_B/G_PSA_B.gmpk
  Image0/binary/character/G_PSB_A/G_PSB_A.anmscr
  Image0/binary/character/G_PSB_A/G_PSB_A.gmpk
  Image0/binary/character/G_PSC_A/G_PSC_A.anmscr
  Image0/binary/character/G_PSC_A/G_PSC_A.gmpk
  Image0/binary/character/G_SIR_A/G_SIR_A.anmpk
  Image0/binary/character/G_SIR_A/G_SIR_A.anmscr
  Image0/binary/character/G_SIR_A/G_SIR_A.campk
  Image0/binary/character/G_SIR_A/G_SIR_A.gapk
  Image0/binary/character/G_SIR_A/G_SIR_A.gmpk
  Image0/binary/character/G_SIR_B/G_SIR_B.gmpk
  Image0/binary/character/G_SIR_C/G_SIR_C.gmpk
  Image0/binary/character/G_SIR_D/G_SIR_D.gmpk
  Image0/binary/character/G_TAL_A/G_TAL_A.anmpk
  Image0/binary/character/G_TAL_A/G_TAL_A.anmscr
  Image0/binary/character/G_TAL_A/G_TAL_A.campk
  Image0/binary/character/G_TAL_A/G_TAL_A.gapk
  Image0/binary/character/G_TAL_A/G_TAL_A.gmpk
  Image0/binary/character/G_TBG_A/G_TBG_A.anmpk
  Image0/binary/character/G_TBG_A/G_TBG_A.anmscr
  Image0/binary/character/G_TBG_A/G_TBG_A.campk
  Image0/binary/character/G_TBG_A/G_TBG_A.gapk
M Image0/binary/character/G_TBG_A/G_TBG_A.gmpk
  Image0/binary/character/G_TBK_A/G_TBK_A.anmpk
  Image0/binary/character/G_TBK_A/G_TBK_A.anmscr
  Image0/binary/character/G_TBK_A/G_TBK_A.campk
  Image0/binary/character/G_TBK_A/G_TBK_A.gapk
  Image0/binary/character/G_TBK_A/G_TBK_A.gmpk
  Image0/binary/character/G_TRC_A/G_TRC_A.anmscr
  Image0/binary/character/G_TRC_A/G_TRC_A.gmpk
  Image0/binary/character/G_TRD_A/G_TRD_A.anmscr
  Image0/binary/character/G_TRD_A/G_TRD_A.gmpk
  Image0/binary/character/G_TRF_A/G_TRF_A.anmscr
  Image0/binary/character/G_TRF_A/G_TRF_A.gmpk
  Image0/binary/character/G_TRI_A/G_TRI_A.anmpk
  Image0/binary/character/G_TRI_A/G_TRI_A.anmscr
  Image0/binary/character/G_TRI_A/G_TRI_A.campk
  Image0/binary/character/G_TRI_A/G_TRI_A.gapk
  Image0/binary/character/G_TRI_A/G_TRI_A.gmpk
  Image0/binary/character/G_TRK_A/G_TRK_A.anmscr
  Image0/binary/character/G_TRK_A/G_TRK_A.gmpk
  Image0/binary/character/G_ZAN_A/G_ZAN_A.anmpk
  Image0/binary/character/G_ZAN_A/G_ZAN_A.gapk
  Image0/binary/character/G_ZAN_A/G_ZAN_A.gmpk
  Image0/binary/character/H_AKA_A/H_AKA_A.anmpk
  Image0/binary/character/H_AKA_A/H_AKA_A.anmscr
  Image0/binary/character/H_AKA_A/H_AKA_A.gapk
M Image0/binary/character/H_AKA_A/H_AKA_A.gmpk
  Image0/binary/character/H_AKA_B/H_AKA_B.gmpk
  Image0/binary/character/H_AKA_C/H_AKA_C.gmpk
  Image0/binary/character/H_ASK_A/H_ASK_A.gmpk
  Image0/binary/character/H_ASO_A/H_ASO_A.anmpk
  Image0/binary/character/H_ASO_A/H_ASO_A.gapk
  Image0/binary/character/H_ASO_A/H_ASO_A.gmpk
  Image0/binary/character/H_ASO_B/H_ASO_B.gmpk
  Image0/binary/character/H_AYA_A/H_AYA_A.anmpk
  Image0/binary/character/H_AYA_A/H_AYA_A.anmscr
  Image0/binary/character/H_AYA_A/H_AYA_A.gapk
M Image0/binary/character/H_AYA_A/H_AYA_A.gmpk
M Image0/binary/character/H_AYA_B/H_AYA_B.gmpk
  Image0/binary/character/H_BOS_A/H_BOS_A.gmpk
  Image0/binary/character/H_BOS_B/H_BOS_B.gmpk
  Image0/binary/character/H_BOS_D/H_BOS_D.gmpk
  Image0/binary/character/H_BOS_E/H_BOS_E.gmpk
  Image0/binary/character/H_BOS_F/H_BOS_F.gmpk
  Image0/binary/character/H_DEH_A/H_DEH_A.gmpk
  Image0/binary/character/H_DEH_B/H_DEH_B.gmpk
  Image0/binary/character/H_DEH_C/H_DEH_C.gmpk
  Image0/binary/character/H_FRE_A/H_FRE_A.gmpk
  Image0/binary/character/H_FRE_B/H_FRE_B.gmpk
  Image0/binary/character/H_GRL_A/H_GRL_A.gmpk
  Image0/binary/character/H_HIS_A/H_HIS_A.anmpk
  Image0/binary/character/H_HIS_A/H_HIS_A.gapk
M Image0/binary/character/H_HIS_A/H_HIS_A.gmpk
  Image0/binary/character/H_HIS_C/H_HIS_C.gmpk
  Image0/binary/character/H_HIS_D/H_HIS_D.gmpk
M Image0/binary/character/H_HIS_E/H_HIS_E.gmpk
  Image0/binary/character/H_HND_A/H_HND_A.gmpk
  Image0/binary/character/H_JKA_A/H_JKA_A.gmpk
  Image0/binary/character/H_JKB_A/H_JKB_A.gmpk
  Image0/binary/character/H_JKC_A/H_JKC_A.gmpk
  Image0/binary/character/H_KAS_A/H_KAS_A.gmpk
  Image0/binary/character/H_KAS_B/H_KAS_B.gmpk
  Image0/binary/character/H_KBG_A/H_KBG_A.gmpk
  Image0/binary/character/H_KYO_A/H_KYO_A.gapk
  Image0/binary/character/H_KYO_A/H_KYO_A.gmpk
  Image0/binary/character/H_KYO_C/H_KYO_C.gmpk
  Image0/binary/character/H_KYO_D/H_KYO_D.gmpk
  Image0/binary/character/H_MAF_A/H_MAF_A.gmpk
  Image0/binary/character/H_MAK_A/H_MAK_A.anmpk
  Image0/binary/character/H_MAK_A/H_MAK_A.gapk
  Image0/binary/character/H_MAK_A/H_MAK_A.gmpk
  Image0/binary/character/H_MAK_C/H_MAK_C.gmpk
  Image0/binary/character/H_MAK_D/H_MAK_D.gmpk
  Image0/binary/character/H_MAK_E/H_MAK_E.gmpk
  Image0/binary/character/H_MIK_A/H_MIK_A.gapk
M Image0/binary/character/H_MIK_A/H_MIK_A.gmpk
  Image0/binary/character/H_MIK_C/H_MIK_C.gmpk
M Image0/binary/character/H_MIK_D/H_MIK_D.gmpk
M Image0/binary/character/H_MIK_E/H_MIK_E.gmpk
  Image0/binary/character/H_MIN_A/H_MIN_A.anmpk
  Image0/binary/character/H_MIN_A/H_MIN_A.gapk
  Image0/binary/character/H_MIN_A/H_MIN_A.gmpk
  Image0/binary/character/H_MIS_A/H_MIS_A.anmpk
  Image0/binary/character/H_MIS_A/H_MIS_A.gapk
  Image0/binary/character/H_MIS_A/H_MIS_A.gmpk
  Image0/binary/character/H_MIU_A/H_MIU_A.anmpk
  Image0/binary/character/H_MIU_A/H_MIU_A.anmscr
  Image0/binary/character/H_MIU_A/H_MIU_A.cltpk
  Image0/binary/character/H_MIU_A/H_MIU_A.gapk
M Image0/binary/character/H_MIU_A/H_MIU_A.gmpk
  Image0/binary/character/H_MIU_A_BUDDY/H_MIU_A_BUDDY.gapk
  Image0/binary/character/H_MIU_A_COSSEL/H_MIU_A_COSSEL.anmpk
  Image0/binary/character/H_MIU_A_COSSEL/H_MIU_A_COSSEL.gapk
  Image0/binary/character/H_MIU_B/H_MIU_B.gmpk
  Image0/binary/character/H_MIU_E/H_MIU_E.gmpk
  Image0/binary/character/H_MIU_G/H_MIU_G.gmpk
  Image0/binary/character/H_MIU_H/H_MIU_H.gmpk
  Image0/binary/character/H_MIU_I/H_MIU_I.gmpk
M Image0/binary/character/H_MIU_J/H_MIU_J.gmpk
  Image0/binary/character/H_MIU_K/H_MIU_K.gmpk
  Image0/binary/character/H_MIU_L/H_MIU_L.gmpk
  Image0/binary/character/H_MIU_Q/H_MIU_Q.gmpk
  Image0/binary/character/H_MIU_R/H_MIU_R.gmpk
M Image0/binary/character/H_MIU_S/H_MIU_S.gmpk
  Image0/binary/character/H_MIU_T/H_MIU_T.gmpk
  Image0/binary/character/H_MRA_A/H_MRA_A.gmpk
  Image0/binary/character/H_MRA_B/H_MRA_B.gmpk
  Image0/binary/character/H_NRE_A/H_NRE_A.gmpk
  Image0/binary/character/H_NRE_B/H_NRE_B.gmpk
  Image0/binary/character/H_NRE_C/H_NRE_C.gmpk
  Image0/binary/character/H_REN_A/H_REN_A.anmpk
  Image0/binary/character/H_REN_A/H_REN_A.anmscr
  Image0/binary/character/H_REN_A/H_REN_A.campk
  Image0/binary/character/H_REN_A/H_REN_A.gapk
  Image0/binary/character/H_REN_A/H_REN_A.gmpk
  Image0/binary/character/H_REN_A_COSSEL/H_REN_A_COSSEL.anmpk
  Image0/binary/character/H_REN_A_COSSEL/H_REN_A_COSSEL.gapk
  Image0/binary/character/H_REN_B/H_REN_B.gmpk
  Image0/binary/character/H_REN_C/H_REN_C.gmpk
  Image0/binary/character/H_REN_E/H_REN_E.gmpk
  Image0/binary/character/H_TBG_A/H_TBG_A.gmpk
  Image0/binary/character/H_TRI_A/H_TRI_A.gmpk
  Image0/binary/character/H_YRI_A/H_YRI_A.anmpk
  Image0/binary/character/H_YRI_A/H_YRI_A.anmscr
  Image0/binary/character/H_YRI_A/H_YRI_A.campk
  Image0/binary/character/H_YRI_A/H_YRI_A.cltpk
M Image0/binary/character/H_YRI_A/H_YRI_A.gapk
M Image0/binary/character/H_YRI_A/H_YRI_A.gmpk
  Image0/binary/character/H_YRI_A_BUDDY/H_YRI_A_BUDDY.gapk
  Image0/binary/character/H_YRI_A_COSSEL/H_YRI_A_COSSEL.anmpk
  Image0/binary/character/H_YRI_A_COSSEL/H_YRI_A_COSSEL.gapk
  Image0/binary/character/H_YRI_B/H_YRI_B.gmpk
  Image0/binary/character/H_YRI_G/H_YRI_G.gmpk
  Image0/binary/character/H_YRI_H/H_YRI_H.gmpk
  Image0/binary/character/H_YRI_I/H_YRI_I.gmpk
  Image0/binary/character/H_YRI_J/H_YRI_J.gmpk
  Image0/binary/character/H_YRI_K/H_YRI_K.gmpk
  Image0/binary/character/H_YRI_L/H_YRI_L.anmpk
  Image0/binary/character/H_YRI_L/H_YRI_L.anmscr
  Image0/binary/character/H_YRI_L/H_YRI_L.gapk
  Image0/binary/character/H_YRI_L/H_YRI_L.gmpk
  Image0/binary/character/H_YRI_M/H_YRI_M.gmpk
  Image0/binary/character/H_YRI_N/H_YRI_N.gmpk
  Image0/binary/character/H_YRI_O/H_YRI_O.gmpk
  Image0/binary/character/H_YRI_T/H_YRI_T.gmpk
  Image0/binary/character/H_YRI_U/H_YRI_U.gmpk
M Image0/binary/character/H_YRI_V/H_YRI_V.gmpk
  Image0/binary/character/H_YRI_W/H_YRI_W.gmpk
  Image0/binary/character/H_YUN_A/H_YUN_A.gapk
  Image0/binary/character/H_YUN_A/H_YUN_A.gmpk
  Image0/binary/character/H_YUN_B/H_YUN_B.gmpk
  Image0/binary/character/I_ACS_A/I_ACS_A.gmpk
  Image0/binary/character/I_ACS_B/I_ACS_B.gmpk
  Image0/binary/character/I_ACS_C/I_ACS_C.gmpk
  Image0/binary/character/I_ACS_D/I_ACS_D.gmpk
  Image0/binary/character/I_ACS_E/I_ACS_E.gmpk
  Image0/binary/character/I_ACS_F/I_ACS_F.gmpk
  Image0/binary/character/I_ACS_G/I_ACS_G.gmpk
  Image0/binary/character/I_ACS_H/I_ACS_H.gmpk
  Image0/binary/character/I_ACS_I/I_ACS_I.gmpk
  Image0/binary/character/I_ACS_J/I_ACS_J.gmpk
  Image0/binary/character/I_ACS_K/I_ACS_K.gmpk
  Image0/binary/character/I_ACS_L/I_ACS_L.gmpk
  Image0/binary/character/I_ACS_R/I_ACS_R.gmpk
  Image0/binary/character/I_ACS_S/I_ACS_S.gmpk
  Image0/binary/character/I_ALB_A/I_ALB_A.gmpk
  Image0/binary/character/I_BAG_A/I_BAG_A.gmpk
  Image0/binary/character/I_BIG_A/I_BIG_A.gmpk
  Image0/binary/character/I_BOK_A/I_BOK_A.gmpk
  Image0/binary/character/I_BOX_A/I_BOX_A.gmpk
  Image0/binary/character/I_BOX_B/I_BOX_B.anmpk
  Image0/binary/character/I_BOX_B/I_BOX_B.gapk
  Image0/binary/character/I_BOX_B/I_BOX_B.gmpk
  Image0/binary/character/I_CAB_A/I_CAB_A.gmpk
  Image0/binary/character/I_CAC_A/I_CAC_A.gmpk
  Image0/binary/character/I_CAM_A/I_CAM_A.gmpk
  Image0/binary/character/I_CAV_A/I_CAV_A.gmpk
  Image0/binary/character/I_DLA_A/I_DLA_A.gmpk
  Image0/binary/character/I_FHO_A/I_FHO_A.gmpk
  Image0/binary/character/I_FIL_A/I_FIL_A.gmpk
  Image0/binary/character/I_FUT_A/I_FUT_A.gmpk
  Image0/binary/character/I_GLS_A/I_GLS_A.gmpk
  Image0/binary/character/I_GLS_B/I_GLS_B.gmpk
  Image0/binary/character/I_GLS_C/I_GLS_C.gmpk
  Image0/binary/character/I_GLS_D/I_GLS_D.gmpk
  Image0/binary/character/I_GLS_F/I_GLS_F.gmpk
  Image0/binary/character/I_GLS_G/I_GLS_G.gmpk
  Image0/binary/character/I_GOS_A/I_GOS_A.gmpk
  Image0/binary/character/I_HAK_A/I_HAK_A.anmpk
  Image0/binary/character/I_HAK_A/I_HAK_A.gapk
  Image0/binary/character/I_HAK_A/I_HAK_A.gmpk
  Image0/binary/character/I_HAR_A/I_HAR_A.gmpk
  Image0/binary/character/I_HAT_A/I_HAT_A.gmpk
  Image0/binary/character/I_HIS_A/I_HIS_A.gmpk
  Image0/binary/character/I_HOZ_A/I_HOZ_A.gmpk
  Image0/binary/character/I_KAG_A/I_KAG_A.gmpk
  Image0/binary/character/I_KAS_A/I_KAS_A.gmpk
  Image0/binary/character/I_KBA_A/I_KBA_A.gmpk
  Image0/binary/character/I_KMO_A/I_KMO_A.gmpk
  Image0/binary/character/I_KNF_A/I_KNF_A.gmpk
  Image0/binary/character/I_LIT_A/I_LIT_A.gmpk
  Image0/binary/character/I_MIR_A/I_MIR_A.gmpk
  Image0/binary/character/I_MSK_A/I_MSK_A.gmpk
  Image0/binary/character/I_MYG_A/I_MYG_A.gmpk
  Image0/binary/character/I_NME_A/I_NME_A.gmpk
  Image0/binary/character/I_NOT_A/I_NOT_A.gmpk
  Image0/binary/character/I_OME_A/I_OME_A.gmpk
  Image0/binary/character/I_PAN_A/I_PAN_A.gmpk
  Image0/binary/character/I_REI_A/I_REI_A.gmpk
  Image0/binary/character/I_ROP_A/I_ROP_A.anmpk
  Image0/binary/character/I_ROP_A/I_ROP_A.gapk
  Image0/binary/character/I_ROP_A/I_ROP_A.gmpk
  Image0/binary/character/I_SYO_A/I_SYO_A.gmpk
  Image0/binary/character/I_TOC_A/I_TOC_A.gmpk
  Image0/binary/character/R_ALB_A/R_ALB_A.gmpk
  Image0/binary/character/R_AMB_A/R_AMB_A.gmpk
  Image0/binary/character/R_AYA_A/R_AYA_A.gmpk
  Image0/binary/character/R_BXA_A/R_BXA_A.gmpk
  Image0/binary/character/R_BXB_A/R_BXB_A.gmpk
  Image0/binary/character/R_BXB_B/R_BXB_B.gmpk
  Image0/binary/character/R_CAB_A/R_CAB_A.gmpk
  Image0/binary/character/R_CAC_A/R_CAC_A.gmpk
  Image0/binary/character/R_CAM_A/R_CAM_A.gmpk
  Image0/binary/character/R_CAR_A/R_CAR_A.gmpk
  Image0/binary/character/R_CAR_B/R_CAR_B.gmpk
  Image0/binary/character/R_CAV_A/R_CAV_A.gmpk
  Image0/binary/character/R_CAV_B/R_CAV_B.gmpk
  Image0/binary/character/R_CUP_A/R_CUP_A.gmpk
  Image0/binary/character/R_DLA_A/R_DLA_A.gmpk
  Image0/binary/character/R_DLB_A/R_DLB_A.gmpk
  Image0/binary/character/R_FLW_A/R_FLW_A.gmpk
  Image0/binary/character/R_FUD_A/R_FUD_A.gmpk
  Image0/binary/character/R_GLA_A/R_GLA_A.gmpk
  Image0/binary/character/R_GLS_A/R_GLS_A.gmpk
  Image0/binary/character/R_HAK_A/R_HAK_A.gmpk
  Image0/binary/character/R_HAK_B/R_HAK_B.gmpk
  Image0/binary/character/R_HAN_A/R_HAN_A.gmpk
  Image0/binary/character/R_HAR_A/R_HAR_A.gmpk
  Image0/binary/character/R_HAR_B/R_HAR_B.gmpk
  Image0/binary/character/R_HAR_D/R_HAR_D.gmpk
  Image0/binary/character/R_HAR_E/R_HAR_E.gmpk
  Image0/binary/character/R_HAR_F/R_HAR_F.gmpk
  Image0/binary/character/R_HAR_G/R_HAR_G.gmpk
  Image0/binary/character/R_HAR_H/R_HAR_H.gmpk
  Image0/binary/character/R_HAR_I/R_HAR_I.gmpk
  Image0/binary/character/R_HIS_A/R_HIS_A.gmpk
  Image0/binary/character/R_HON_A/R_HON_A.gmpk
  Image0/binary/character/R_IEM_A/R_IEM_A.gmpk
  Image0/binary/character/R_ITO_A/R_ITO_A.gmpk
  Image0/binary/character/R_KAS_A/R_KAS_A.gmpk
  Image0/binary/character/R_KNF_A/R_KNF_A.gmpk
  Image0/binary/character/R_LIT_A/R_LIT_A.gmpk
  Image0/binary/character/R_MIZ_A/R_MIZ_A.gmpk
  Image0/binary/character/R_MIZ_B/R_MIZ_B.gmpk
  Image0/binary/character/R_MIZ_C/R_MIZ_C.gmpk
  Image0/binary/character/R_MON_A/R_MON_A.gmpk
  Image0/binary/character/R_OGR_A/R_OGR_A.gmpk
  Image0/binary/character/R_OKE_A/R_OKE_A.gmpk
  Image0/binary/character/R_OMA_A/R_OMA_A.gmpk
  Image0/binary/character/R_OME_A/R_OME_A.gmpk
  Image0/binary/character/R_PHO_A/R_PHO_A.gmpk
  Image0/binary/character/R_PHO_B/R_PHO_B.gmpk
  Image0/binary/character/R_REI_A/R_REI_A.gmpk
  Image0/binary/character/R_ROP_A/R_ROP_A.gmpk
  Image0/binary/character/R_ROP_B/R_ROP_B.gmpk
  Image0/binary/character/R_SAK_A/R_SAK_A.gmpk
  Image0/binary/character/R_SHP_A/R_SHP_A.gmpk
  Image0/binary/character/R_SIR_A/R_SIR_A.gmpk
  Image0/binary/character/R_SUN_A/R_SUN_A.gmpk
  Image0/binary/character/R_TEL_A/R_TEL_A.gmpk
  Image0/binary/character/R_TEL_B/R_TEL_B.gmpk
  Image0/binary/character/R_TOC_A/R_TOC_A.gmpk
  Image0/binary/character/R_TRC_A/R_TRC_A.gmpk
  Image0/binary/effect/301_G_BOS_A/301_G_BOS_A.gepk
  Image0/binary/effect/302_G_BOB_A/302_G_BOB_A.gepk
  Image0/binary/effect/303_G_KAG_A/303_G_KAG_A.gepk
  Image0/binary/effect/304_G_ISA_A/304_G_ISA_A.gepk
  Image0/binary/effect/305_G_ISH_A/305_G_ISH_A.gepk
  Image0/binary/effect/306_G_NRE_A/306_G_NRE_A.gepk
  Image0/binary/effect/307_G_NRB_A/307_G_NRB_A.gepk
  Image0/binary/effect/308_G_NRC_A/308_G_NRC_A.gepk
  Image0/binary/effect/309_G_PSA_A/309_G_PSA_A.gepk
  Image0/binary/effect/310_G_PSB_A/310_G_PSB_A.gepk
  Image0/binary/effect/311_G_PSC_A/311_G_PSC_A.gepk
  Image0/binary/effect/312_G_KBK_A/312_G_KBK_A.gepk
  Image0/binary/effect/313_G_TBK_A/313_G_TBK_A.gepk
  Image0/binary/effect/314_G_JIK_A/314_G_JIK_A.gepk
  Image0/binary/effect/315_G_KBG_A/315_G_KBG_A.gepk
  Image0/binary/effect/316_G_TBG_A/316_G_TBG_A.gepk
  Image0/binary/effect/317_G_JIG_A/317_G_JIG_A.gepk
  Image0/binary/effect/318_G_KYO_A/318_G_KYO_A.gepk
  Image0/binary/effect/319_G_JKO_A/319_G_JKO_A.gepk
  Image0/binary/effect/320_G_MIN_A/320_G_MIN_A.gepk
  Image0/binary/effect/321_G_MIS_A/321_G_MIS_A.gepk
  Image0/binary/effect/322_G_MSW_A/322_G_MSW_A.gepk
  Image0/binary/effect/323_G_MSB_A/323_G_MSB_A.gepk
  Image0/binary/effect/324_G_SIR_A/324_G_SIR_A.gepk
  Image0/binary/effect/325_G_HAK_A/325_G_HAK_A.gepk
  Image0/binary/effect/326_G_BOX_A/326_G_BOX_A.gepk
  Image0/binary/effect/329_G_TRC_A/329_G_TRC_A.gepk
  Image0/binary/effect/330_G_TRD_A/330_G_TRD_A.gepk
  Image0/binary/effect/331_G_TRF_A/331_G_TRF_A.gepk
  Image0/binary/effect/332_G_TRK_A/332_G_TRK_A.gepk
  Image0/binary/effect/333_G_KDA_A/333_G_KDA_A.gepk
  Image0/binary/effect/334_G_KDB_A/334_G_KDB_A.gepk
  Image0/binary/effect/335_G_KIL_A/335_G_KIL_A.gepk
  Image0/binary/effect/337_G_TRI_A/337_G_TRI_A.gepk
  Image0/binary/effect/340_G_KDC_A/340_G_KDC_A.gepk
  Image0/binary/effect/341_G_DLA_A/341_G_DLA_A.gepk
  Image0/binary/effect/342_G_DLB_A/342_G_DLB_A.gepk
  Image0/binary/effect/343_G_KAS_A/343_G_KAS_A.gepk
  Image0/binary/effect/344_G_TAL_A/344_G_TAL_A.gepk
  Image0/binary/effect/345_G_ISH_B/345_G_ISH_B.gepk
  Image0/binary/effect/360_G_ZAN_A/360_G_ZAN_A.gepk
  Image0/binary/effect/401_RENNO_00/401_RENNO_00.gepk
  Image0/binary/effect/402_KOTTO_00/402_KOTTO_00.gepk
  Image0/binary/effect/402_KOTTO_01/402_KOTTO_01.gepk
  Image0/binary/effect/402_KOTTO_02/402_KOTTO_02.gepk
  Image0/binary/effect/402_KOTTO_03/402_KOTTO_03.gepk
  Image0/binary/effect/402_KOTTO_04/402_KOTTO_04.gepk
  Image0/binary/effect/402_KOTTO_05/402_KOTTO_05.gepk
  Image0/binary/effect/402_KOTTO_06/402_KOTTO_06.gepk
  Image0/binary/effect/403_KOTTE_00/403_KOTTE_00.gepk
  Image0/binary/effect/403_KOTTE_01/403_KOTTE_01.gepk
  Image0/binary/effect/403_KOTTE_02/403_KOTTE_02.gepk
  Image0/binary/effect/403_KOTTE_03/403_KOTTE_03.gepk
  Image0/binary/effect/403_KOTTE_04/403_KOTTE_04.gepk
  Image0/binary/effect/403_KOTTE_05/403_KOTTE_05.gepk
  Image0/binary/effect/403_KOTTE_06/403_KOTTE_06.gepk
  Image0/binary/effect/404_RYOKA_00/404_RYOKA_00.gepk
  Image0/binary/effect/404_RYOKA_01/404_RYOKA_01.gepk
  Image0/binary/effect/404_RYOKA_02/404_RYOKA_02.gepk
  Image0/binary/effect/404_RYOKA_03/404_RYOKA_03.gepk
  Image0/binary/effect/404_RYOKA_04/404_RYOKA_04.gepk
  Image0/binary/effect/404_RYOKA_05/404_RYOKA_05.gepk
  Image0/binary/effect/404_RYOKA_06/404_RYOKA_06.gepk
  Image0/binary/effect/404_RYOKA_07/404_RYOKA_07.gepk
  Image0/binary/effect/404_RYOKA_08/404_RYOKA_08.gepk
  Image0/binary/effect/404_RYOKA_20/404_RYOKA_20.gepk
  Image0/binary/effect/405_RYOKE_00/405_RYOKE_00.gepk
  Image0/binary/effect/405_RYOKE_01/405_RYOKE_01.gepk
  Image0/binary/effect/405_RYOKE_03/405_RYOKE_03.gepk
  Image0/binary/effect/405_RYOKE_04/405_RYOKE_04.gepk
  Image0/binary/effect/405_RYOKE_05/405_RYOKE_05.gepk
  Image0/binary/effect/405_RYOKE_06/405_RYOKE_06.gepk
  Image0/binary/effect/405_RYOKE_07/405_RYOKE_07.gepk
  Image0/binary/effect/405_RYOKE_08/405_RYOKE_08.gepk
  Image0/binary/effect/405_RYOKE_20/405_RYOKE_20.gepk
  Image0/binary/effect/406_OIRAN_00/406_OIRAN_00.gepk
  Image0/binary/effect/406_OIRAN_01/406_OIRAN_01.gepk
  Image0/binary/effect/406_OIRAN_02/406_OIRAN_02.gepk
  Image0/binary/effect/407_TNNEL_00/407_TNNEL_00.gepk
  Image0/binary/effect/407_TNNEL_01/407_TNNEL_01.gepk
  Image0/binary/effect/407_TNNEL_02/407_TNNEL_02.gepk
  Image0/binary/effect/408_JYUKA_00/408_JYUKA_00.gepk
  Image0/binary/effect/408_JYUKA_01/408_JYUKA_01.gepk
  Image0/binary/effect/409_NINGY_00/409_NINGY_00.gepk
  Image0/binary/effect/409_NINGY_01/409_NINGY_01.gepk
  Image0/binary/effect/409_NINGY_02/409_NINGY_02.gepk
  Image0/binary/effect/409_NINGY_03/409_NINGY_03.gepk
  Image0/binary/effect/409_NINGY_04/409_NINGY_04.gepk
  Image0/binary/effect/409_NINGY_05/409_NINGY_05.gepk
  Image0/binary/effect/410_HITAN_00/410_HITAN_00.gepk
  Image0/binary/effect/411_CBCAR_00/411_CBCAR_00.gepk
  Image0/binary/effect/411_CBCAR_01/411_CBCAR_01.gepk
  Image0/binary/effect/411_CBCAR_02/411_CBCAR_02.gepk
  Image0/binary/effect/411_CBCAR_03/411_CBCAR_03.gepk
  Image0/binary/effect/411_CBCAR_04/411_CBCAR_04.gepk
  Image0/binary/effect/411_CBCAR_05/411_CBCAR_05.gepk
  Image0/binary/effect/412_MYIGM_00/412_MYIGM_00.gepk
  Image0/binary/effect/412_MYIGM_01/412_MYIGM_01.gepk
  Image0/binary/effect/412_MYIGM_02/412_MYIGM_02.gepk
  Image0/binary/effect/412_MYIGM_03/412_MYIGM_03.gepk
  Image0/binary/effect/412_MYIGM_04/412_MYIGM_04.gepk
  Image0/binary/effect/413_MYIGS_00/413_MYIGS_00.gepk
  Image0/binary/effect/414_YAMAM_00/414_YAMAM_00.gepk
  Image0/binary/effect/414_YAMAM_01/414_YAMAM_01.gepk
  Image0/binary/effect/415_KOYAS_00/415_KOYAS_00.gepk
  Image0/binary/effect/415_KOYAS_01/415_KOYAS_01.gepk
  Image0/binary/effect/415_KOYAS_02/415_KOYAS_02.gepk
  Image0/binary/effect/415_KOYAS_03/415_KOYAS_03.gepk
  Image0/binary/effect/415_KOYAS_04/415_KOYAS_04.gepk
  Image0/binary/effect/415_KOYAS_05/415_KOYAS_05.gepk
  Image0/binary/effect/415_KOYAS_06/415_KOYAS_06.gepk
  Image0/binary/effect/415_KOYAS_07/415_KOYAS_07.gepk
  Image0/binary/effect/415_KOYAS_08/415_KOYAS_08.gepk
  Image0/binary/effect/415_KOYAS_09/415_KOYAS_09.gepk
  Image0/binary/effect/415_KOYAS_10/415_KOYAS_10.gepk
  Image0/binary/effect/415_KOYAS_20/415_KOYAS_20.gepk
  Image0/binary/effect/416_BOCHI_00/416_BOCHI_00.gepk
  Image0/binary/effect/417_OSORE_00/417_OSORE_00.gepk
  Image0/binary/effect/417_OSORE_01/417_OSORE_01.gepk
  Image0/binary/effect/417_OSORE_02/417_OSORE_02.gepk
  Image0/binary/effect/418_MYIGL_00/418_MYIGL_00.gepk
  Image0/binary/effect/418_MYIGL_01/418_MYIGL_01.gepk
  Image0/binary/effect/418_MYIGL_02/418_MYIGL_02.gepk
  Image0/binary/effect/418_MYIGL_03/418_MYIGL_03.gepk
  Image0/binary/effect/418_MYIGL_04/418_MYIGL_04.gepk
  Image0/binary/effect/418_MYIGL_05/418_MYIGL_05.gepk
  Image0/binary/effect/418_MYIGL_06/418_MYIGL_06.gepk
  Image0/binary/effect/419_SUIJO_00/419_SUIJO_00.gepk
  Image0/binary/effect/419_SUIJO_01/419_SUIJO_01.gepk
  Image0/binary/effect/419_SUIJO_02/419_SUIJO_02.gepk
  Image0/binary/effect/419_SUIJO_10/419_SUIJO_10.gepk
  Image0/binary/effect/420_MAGAT_00/420_MAGAT_00.gepk
  Image0/binary/effect/421_MUGEA_00/421_MUGEA_00.gepk
  Image0/binary/effect/422_MUGEB_00/422_MUGEB_00.gepk
  Image0/binary/effect/500_WATER_00/500_WATER_00.gepk
  Image0/binary/effect/501_CLIFF_00/501_CLIFF_00.gepk
  Image0/binary/effect/502_TEMPL_00/502_TEMPL_00.gepk
  Image0/binary/effect/503_VILAG_00/503_VILAG_00.gepk
  Image0/binary/effect/a004_g_kag_a/a004_g_kag_a.gepk
  Image0/binary/effect/cmn/cmn.gepk
  Image0/binary/effect/effect_stage_data.bin
M Image0/binary/font/JP/default.g1n
M Image0/binary/font/SC/Focus_Font_SC_42.g1n
M Image0/binary/font/TC/Focus_Font_TC_42.g1n
M Image0/binary/layout/btn_texture/btn_tex.kslt
  Image0/binary/layout/common_texture/SLECommonTextures.kslt
A Image0/binary/layout/en/BOCHI_00.kscl
A Image0/binary/layout/en/BOCHI_F1_001.kscl
A Image0/binary/layout/en/BOCHI_F1_002.kscl
A Image0/binary/layout/en/BOCHI_F1_003.kscl
A Image0/binary/layout/en/BOCHI_F1_004.kscl
A Image0/binary/layout/en/BOCHI_F1_005.kscl
A Image0/binary/layout/en/BOCHI_F1_006.kscl
A Image0/binary/layout/en/BOCHI_F1_007.kscl
A Image0/binary/layout/en/BOCHI_F1_008.kscl
A Image0/binary/layout/en/BOCHI_F1_009.kscl
A Image0/binary/layout/en/BOCHI_F1_010.kscl
A Image0/binary/layout/en/BOCHI_F1_011.kscl
A Image0/binary/layout/en/BOCHI_F1_012.kscl
A Image0/binary/layout/en/BOCHI_F1_013.kscl
A Image0/binary/layout/en/BOCHI_F1_014.kscl
A Image0/binary/layout/en/BOCHI_F1_015.kscl
A Image0/binary/layout/en/BOCHI_F1_016.kscl
A Image0/binary/layout/en/BOCHI_F1_017.kscl
A Image0/binary/layout/en/BOCHI_F1_018.kscl
A Image0/binary/layout/en/BOCHI_F1_019.kscl
A Image0/binary/layout/en/BOCHI_F1_020.kscl
A Image0/binary/layout/en/BOCHI_F1_021.kscl
A Image0/binary/layout/en/BOCHI_F1_022.kscl
A Image0/binary/layout/en/CBCAR00_F1_001.kscl
A Image0/binary/layout/en/CBCAR00_F1_002.kscl
A Image0/binary/layout/en/CBCAR00_F1_003.kscl
A Image0/binary/layout/en/CBCAR00_F1_004.kscl
A Image0/binary/layout/en/CBCAR00_F1_005.kscl
A Image0/binary/layout/en/CBCAR00_F1_006.kscl
A Image0/binary/layout/en/CBCAR01_F1_001.kscl
A Image0/binary/layout/en/CBCAR01_F1_002.kscl
A Image0/binary/layout/en/CBCAR01_F1_003.kscl
A Image0/binary/layout/en/CBCAR01_F1_004.kscl
A Image0/binary/layout/en/CBCAR02_F1_001.kscl
A Image0/binary/layout/en/CBCAR02_F1_002.kscl
A Image0/binary/layout/en/CBCAR02_F1_003.kscl
A Image0/binary/layout/en/CBCAR02_F1_004.kscl
A Image0/binary/layout/en/CBCAR02_F1_005.kscl
A Image0/binary/layout/en/CBCAR02_F1_006.kscl
A Image0/binary/layout/en/CBCAR_00.kscl
A Image0/binary/layout/en/CBCAR_01.kscl
A Image0/binary/layout/en/CBCAR_02.kscl
A Image0/binary/layout/en/CBCAR_main.kscl
A Image0/binary/layout/en/F01.kscl
A Image0/binary/layout/en/F02.kscl
A Image0/binary/layout/en/F03.kscl
A Image0/binary/layout/en/F04.kscl
A Image0/binary/layout/en/F05.kscl
A Image0/binary/layout/en/F06.kscl
A Image0/binary/layout/en/F07.kscl
A Image0/binary/layout/en/F08.kscl
A Image0/binary/layout/en/F09.kscl
A Image0/binary/layout/en/F10.kscl
A Image0/binary/layout/en/F100.kscl
A Image0/binary/layout/en/F101.kscl
A Image0/binary/layout/en/F11.kscl
A Image0/binary/layout/en/F12.kscl
A Image0/binary/layout/en/F13.kscl
A Image0/binary/layout/en/F14.kscl
A Image0/binary/layout/en/F15.kscl
A Image0/binary/layout/en/F16.kscl
A Image0/binary/layout/en/F17.kscl
A Image0/binary/layout/en/F18.kscl
A Image0/binary/layout/en/F19.kscl
A Image0/binary/layout/en/F20.kscl
A Image0/binary/layout/en/F21.kscl
A Image0/binary/layout/en/F22.kscl
A Image0/binary/layout/en/F23.kscl
A Image0/binary/layout/en/F24.kscl
A Image0/binary/layout/en/F25.kscl
A Image0/binary/layout/en/F26.kscl
A Image0/binary/layout/en/F27.kscl
A Image0/binary/layout/en/F28.kscl
A Image0/binary/layout/en/F29.kscl
A Image0/binary/layout/en/F30.kscl
A Image0/binary/layout/en/F31.kscl
A Image0/binary/layout/en/F32.kscl
A Image0/binary/layout/en/F33.kscl
A Image0/binary/layout/en/F34.kscl
A Image0/binary/layout/en/F35.kscl
A Image0/binary/layout/en/F36.kscl
A Image0/binary/layout/en/F37.kscl
A Image0/binary/layout/en/F38.kscl
A Image0/binary/layout/en/F39.kscl
A Image0/binary/layout/en/F40.kscl
A Image0/binary/layout/en/F41.kscl
A Image0/binary/layout/en/F42.kscl
A Image0/binary/layout/en/F43.kscl
A Image0/binary/layout/en/F44.kscl
A Image0/binary/layout/en/F45.kscl
A Image0/binary/layout/en/F46.kscl
A Image0/binary/layout/en/F47.kscl
A Image0/binary/layout/en/F48.kscl
A Image0/binary/layout/en/F49.kscl
A Image0/binary/layout/en/F50.kscl
A Image0/binary/layout/en/F51.kscl
A Image0/binary/layout/en/F52.kscl
A Image0/binary/layout/en/F53.kscl
A Image0/binary/layout/en/F54.kscl
A Image0/binary/layout/en/F55.kscl
A Image0/binary/layout/en/F56.kscl
A Image0/binary/layout/en/F57.kscl
A Image0/binary/layout/en/F58.kscl
A Image0/binary/layout/en/F59.kscl
A Image0/binary/layout/en/F60.kscl
A Image0/binary/layout/en/F61.kscl
A Image0/binary/layout/en/F62.kscl
A Image0/binary/layout/en/F63.kscl
A Image0/binary/layout/en/F64.kscl
A Image0/binary/layout/en/F65.kscl
A Image0/binary/layout/en/F66.kscl
A Image0/binary/layout/en/F67.kscl
A Image0/binary/layout/en/F68.kscl
A Image0/binary/layout/en/F69.kscl
A Image0/binary/layout/en/F70.kscl
A Image0/binary/layout/en/F71.kscl
A Image0/binary/layout/en/F72.kscl
A Image0/binary/layout/en/F73.kscl
A Image0/binary/layout/en/F74.kscl
A Image0/binary/layout/en/F75.kscl
A Image0/binary/layout/en/F76.kscl
A Image0/binary/layout/en/F77.kscl
A Image0/binary/layout/en/F77_F78.kscl
A Image0/binary/layout/en/F78.kscl
A Image0/binary/layout/en/F79.kscl
A Image0/binary/layout/en/F80.kscl
A Image0/binary/layout/en/F81.kscl
A Image0/binary/layout/en/F82.kscl
A Image0/binary/layout/en/F83.kscl
A Image0/binary/layout/en/F84.kscl
A Image0/binary/layout/en/F85.kscl
A Image0/binary/layout/en/F86.kscl
A Image0/binary/layout/en/F87.kscl
A Image0/binary/layout/en/F88.kscl
A Image0/binary/layout/en/F88A.kscl
A Image0/binary/layout/en/F88B.kscl
A Image0/binary/layout/en/F89.kscl
A Image0/binary/layout/en/F90.kscl
A Image0/binary/layout/en/F91.kscl
A Image0/binary/layout/en/F92.kscl
A Image0/binary/layout/en/F93.kscl
A Image0/binary/layout/en/F94.kscl
A Image0/binary/layout/en/F95.kscl
A Image0/binary/layout/en/F96.kscl
A Image0/binary/layout/en/F97.kscl
A Image0/binary/layout/en/F98.kscl
A Image0/binary/layout/en/F99.kscl
A Image0/binary/layout/en/GLIST_BOY_K.kscl
A Image0/binary/layout/en/GLIST_CRASH_MAN.kscl
A Image0/binary/layout/en/GLIST_DOLL.kscl
A Image0/binary/layout/en/GLIST_DOLL2.kscl
A Image0/binary/layout/en/GLIST_GIRL_G.kscl
A Image0/binary/layout/en/GLIST_GIRL_K.kscl
A Image0/binary/layout/en/GLIST_HAKAMORI.kscl
A Image0/binary/layout/en/GLIST_HAKOME_G.kscl
A Image0/binary/layout/en/GLIST_HAKOME_K.kscl
A Image0/binary/layout/en/GLIST_ISAME.kscl
A Image0/binary/layout/en/GLIST_JISHOU_G.kscl
A Image0/binary/layout/en/GLIST_JISHOU_K.kscl
A Image0/binary/layout/en/GLIST_KAGOME.kscl
A Image0/binary/layout/en/GLIST_KAGOME2.kscl
A Image0/binary/layout/en/GLIST_KASA_WOMAN.kscl
A Image0/binary/layout/en/GLIST_KILLER.kscl
A Image0/binary/layout/en/GLIST_KORO_MIKO.kscl
A Image0/binary/layout/en/GLIST_KORO_MIKO2.kscl
A Image0/binary/layout/en/GLIST_KORO_MIKO3.kscl
A Image0/binary/layout/en/GLIST_KUBITSURI_G.kscl
A Image0/binary/layout/en/GLIST_KUBITSURI_K.kscl
A Image0/binary/layout/en/GLIST_MUSUBIME.kscl
A Image0/binary/layout/en/GLIST_NURE_MIKO.kscl
A Image0/binary/layout/en/GLIST_OUSE.kscl
A Image0/binary/layout/en/GLIST_OUSE2.kscl
A Image0/binary/layout/en/GLIST_SHIRAGIKU.kscl
A Image0/binary/layout/en/GLIST_TADASUME.kscl
A Image0/binary/layout/en/GLIST_TALL_WOMAN.kscl
A Image0/binary/layout/en/GLIST_TOBIORI_G.kscl
A Image0/binary/layout/en/GLIST_TOBIORI_K.kscl
A Image0/binary/layout/en/GLIST_TORIKO.kscl
A Image0/binary/layout/en/GLIST_TORIKO2.kscl
A Image0/binary/layout/en/GLIST_TORIKO3.kscl
A Image0/binary/layout/en/GLIST_TORIKO4.kscl
A Image0/binary/layout/en/GLIST_TORIKO5.kscl
A Image0/binary/layout/en/GLIST_YOMIBITO.kscl
A Image0/binary/layout/en/GLIST_YUUKON_G.kscl
A Image0/binary/layout/en/GLIST_YUUKON_K.kscl
A Image0/binary/layout/en/HITAN_00.kscl
A Image0/binary/layout/en/HITAN_F1_001.kscl
A Image0/binary/layout/en/HITAN_F1_002.kscl
A Image0/binary/layout/en/HITAN_F1_003.kscl
A Image0/binary/layout/en/HITAN_F1_004.kscl
A Image0/binary/layout/en/HITAN_F1_005.kscl
A Image0/binary/layout/en/HITAN_F1_006.kscl
A Image0/binary/layout/en/HITAN_F1_007.kscl
A Image0/binary/layout/en/HITAN_F1_008.kscl
A Image0/binary/layout/en/HITAN_F1_009.kscl
A Image0/binary/layout/en/HITAN_F1_010.kscl
A Image0/binary/layout/en/HITAN_F1_011.kscl
A Image0/binary/layout/en/HITAN_F1_012.kscl
A Image0/binary/layout/en/HITAN_F1_013.kscl
A Image0/binary/layout/en/ITEM_ALBUM.kscl
A Image0/binary/layout/en/ITEM_CAMERA1.kscl
A Image0/binary/layout/en/ITEM_CAMERA2.kscl
A Image0/binary/layout/en/ITEM_CASSETTE_1.kscl
A Image0/binary/layout/en/ITEM_CASSETTE_2.kscl
A Image0/binary/layout/en/ITEM_CASSETTE_3.kscl
A Image0/binary/layout/en/ITEM_DIARY_BLACK.kscl
A Image0/binary/layout/en/ITEM_DIARY_NORMAL.kscl
A Image0/binary/layout/en/ITEM_DIARY_OUSE.kscl
A Image0/binary/layout/en/ITEM_DIARY_SHIRAGIKU.kscl
A Image0/binary/layout/en/ITEM_DIARY_WHITE.kscl
A Image0/binary/layout/en/ITEM_DIARY_YUURI.kscl
A Image0/binary/layout/en/ITEM_DOLL_NEW_1.kscl
A Image0/binary/layout/en/ITEM_DOLL_OLD_1.kscl
A Image0/binary/layout/en/ITEM_ENBELOPE_L.kscl
A Image0/binary/layout/en/ITEM_ENBELOPE_S.kscl
A Image0/binary/layout/en/ITEM_FILE_1.kscl
A Image0/binary/layout/en/ITEM_FILM_07.kscl
A Image0/binary/layout/en/ITEM_FILM_14.kscl
A Image0/binary/layout/en/ITEM_FILM_61.kscl
A Image0/binary/layout/en/ITEM_FILM_90.kscl
A Image0/binary/layout/en/ITEM_FILM_Z.kscl
A Image0/binary/layout/en/ITEM_FLASHLIGHT.kscl
A Image0/binary/layout/en/ITEM_GOSHIN_F.kscl
A Image0/binary/layout/en/ITEM_HANDBOOK.kscl
A Image0/binary/layout/en/ITEM_HEIR.kscl
A Image0/binary/layout/en/ITEM_HISOKA_SCENT.kscl
A Image0/binary/layout/en/ITEM_KAGAMI.kscl
A Image0/binary/layout/en/ITEM_KEY_HITOANA_1.kscl
A Image0/binary/layout/en/ITEM_KEY_HITOANA_2.kscl
A Image0/binary/layout/en/ITEM_KEY_KOUYA_1.kscl
A Image0/binary/layout/en/ITEM_KEY_KOUYA_2.kscl
A Image0/binary/layout/en/ITEM_KEY_KOUYA_3A.kscl
A Image0/binary/layout/en/ITEM_KEY_KOUYA_3B.kscl
A Image0/binary/layout/en/ITEM_KEY_KOUYA_4.kscl
A Image0/binary/layout/en/ITEM_KEY_MILLER.kscl
A Image0/binary/layout/en/ITEM_KEY_NEW_1.kscl
A Image0/binary/layout/en/ITEM_KEY_NEW_2.kscl
A Image0/binary/layout/en/ITEM_KEY_NEW_3.kscl
A Image0/binary/layout/en/ITEM_KEY_SMALL_1.kscl
A Image0/binary/layout/en/ITEM_LAMP.kscl
A Image0/binary/layout/en/ITEM_LENS.kscl
A Image0/binary/layout/en/ITEM_MANYOU.kscl
A Image0/binary/layout/en/ITEM_MEMO_HISOKA.kscl
A Image0/binary/layout/en/ITEM_MEMO_REN.kscl
A Image0/binary/layout/en/ITEM_MEMO_RUI.kscl
A Image0/binary/layout/en/ITEM_MEMO_VIDEO.kscl
A Image0/binary/layout/en/ITEM_NOTEBOOK_OLD.kscl
A Image0/binary/layout/en/ITEM_OLDBOOK_1.kscl
A Image0/binary/layout/en/ITEM_OLDBOOK_2.kscl
A Image0/binary/layout/en/ITEM_OLDBOOK_3.kscl
A Image0/binary/layout/en/ITEM_ONIBIDOLL.kscl
A Image0/binary/layout/en/ITEM_PAMPHLET.kscl
A Image0/binary/layout/en/ITEM_PAPER_WET.kscl
A Image0/binary/layout/en/ITEM_PHOTO_DEADGIRL.kscl
A Image0/binary/layout/en/ITEM_PHOTO_FUTARI.kscl
A Image0/binary/layout/en/ITEM_PHOTO_HARUKA.kscl
A Image0/binary/layout/en/ITEM_PHOTO_HINT_13A_1.kscl
A Image0/binary/layout/en/ITEM_PHOTO_HINT_14A_1.kscl
A Image0/binary/layout/en/ITEM_PHOTO_HINT_15A_1.kscl
A Image0/binary/layout/en/ITEM_PHOTO_HINT_17B_1.kscl
A Image0/binary/layout/en/ITEM_PHOTO_HINT_17B_2.kscl
A Image0/binary/layout/en/ITEM_PHOTO_HINT_17B_3.kscl
A Image0/binary/layout/en/ITEM_PHOTO_HINT_17B_4.kscl
A Image0/binary/layout/en/ITEM_PHOTO_HINT_17B_5.kscl
A Image0/binary/layout/en/ITEM_PHOTO_HINT_17B_6.kscl
A Image0/binary/layout/en/ITEM_PHOTO_HINT_17D_1.kscl
A Image0/binary/layout/en/ITEM_PHOTO_HINT_2A_1.kscl
A Image0/binary/layout/en/ITEM_PHOTO_HINT_2A_2.kscl
A Image0/binary/layout/en/ITEM_PHOTO_HINT_4A_1.kscl
A Image0/binary/layout/en/ITEM_PHOTO_HINT_5A_1.kscl
A Image0/binary/layout/en/ITEM_PHOTO_HINT_6A_1.kscl
A Image0/binary/layout/en/ITEM_PHOTO_HINT_6A_2.kscl
A Image0/binary/layout/en/ITEM_PHOTO_HINT_7A_1.kscl
A Image0/binary/layout/en/ITEM_PHOTO_HINT_7A_2.kscl
A Image0/binary/layout/en/ITEM_PHOTO_HINT_7A_3.kscl
A Image0/binary/layout/en/ITEM_PHOTO_HINT_7A_4.kscl
A Image0/binary/layout/en/ITEM_PHOTO_HINT_8A_1.kscl
A Image0/binary/layout/en/ITEM_PHOTO_HINT_9A_1.kscl
A Image0/binary/layout/en/ITEM_PHOTO_HINT_9A_2.kscl
A Image0/binary/layout/en/ITEM_PHOTO_HINT_9A_3.kscl
A Image0/binary/layout/en/ITEM_PHOTO_HINT_9A_4.kscl
A Image0/binary/layout/en/ITEM_PHOTO_HINT_9A_5.kscl
A Image0/binary/layout/en/ITEM_PHOTO_MIKU1.kscl
A Image0/binary/layout/en/ITEM_PHOTO_MIKU2.kscl
A Image0/binary/layout/en/ITEM_PHOTO_MIU.kscl
A Image0/binary/layout/en/ITEM_PHOTO_OUSE.kscl
A Image0/binary/layout/en/ITEM_PHOTO_OUSE_1.kscl
A Image0/binary/layout/en/ITEM_PHOTO_OUSE_2.kscl
A Image0/binary/layout/en/ITEM_PHOTO_SAKAKI.kscl
A Image0/binary/layout/en/ITEM_PHOTO_TOMURAI.kscl
A Image0/binary/layout/en/ITEM_PHOTO_TSUMUGI.kscl
A Image0/binary/layout/en/ITEM_PHOTO_YURI.kscl
A Image0/binary/layout/en/ITEM_POWERUP.kscl
A Image0/binary/layout/en/ITEM_REISEKI.kscl
A Image0/binary/layout/en/ITEM_SUMI.kscl
A Image0/binary/layout/en/ITEM_VIDEO_1.kscl
A Image0/binary/layout/en/JYUKA_00.kscl
A Image0/binary/layout/en/JYUKA_F1_001.kscl
A Image0/binary/layout/en/JYUKA_F1_002.kscl
A Image0/binary/layout/en/JYUKA_F1_003.kscl
A Image0/binary/layout/en/JYUKA_F1_004.kscl
A Image0/binary/layout/en/JYUKA_F1_005.kscl
A Image0/binary/layout/en/JYUKA_F1_006.kscl
A Image0/binary/layout/en/JYUKA_F1_007.kscl
A Image0/binary/layout/en/JYUKA_F1_008.kscl
A Image0/binary/layout/en/JYUKA_F1_009.kscl
A Image0/binary/layout/en/JYUKA_F1_010.kscl
A Image0/binary/layout/en/JYUKA_F1_011.kscl
A Image0/binary/layout/en/JYUKA_F1_012.kscl
A Image0/binary/layout/en/JYUKA_F1_013.kscl
A Image0/binary/layout/en/JYUKA_F1_014.kscl
A Image0/binary/layout/en/JYUKA_F1_015.kscl
A Image0/binary/layout/en/JYUKA_F1_016.kscl
A Image0/binary/layout/en/JYUKA_F1_017.kscl
A Image0/binary/layout/en/JYUKA_F1_018.kscl
A Image0/binary/layout/en/JYUKA_F1_019.kscl
A Image0/binary/layout/en/JYUKA_F1_020.kscl
A Image0/binary/layout/en/JYUKA_F1_021.kscl
A Image0/binary/layout/en/JYUKA_F1_022.kscl
A Image0/binary/layout/en/JYUKA_F1_023.kscl
A Image0/binary/layout/en/JYUKA_F1_024.kscl
A Image0/binary/layout/en/JYUKA_F1_025.kscl
A Image0/binary/layout/en/JYUKA_F1_026.kscl
A Image0/binary/layout/en/JYUKA_F1_027.kscl
A Image0/binary/layout/en/JYUKA_F1_028.kscl
A Image0/binary/layout/en/JYUKA_F1_029.kscl
A Image0/binary/layout/en/JYUKA_F1_030.kscl
A Image0/binary/layout/en/JYUKA_F1_031.kscl
A Image0/binary/layout/en/JYUKA_F1_032.kscl
A Image0/binary/layout/en/JYUKA_F1_033.kscl
A Image0/binary/layout/en/JYUKA_F1_034.kscl
A Image0/binary/layout/en/JYUKA_F1_035.kscl
A Image0/binary/layout/en/JYUKA_F1_036.kscl
A Image0/binary/layout/en/JYUKA_F1_037.kscl
A Image0/binary/layout/en/JYUKA_F1_038.kscl
A Image0/binary/layout/en/JYUKA_F1_039.kscl
A Image0/binary/layout/en/JYUKA_F1_040.kscl
A Image0/binary/layout/en/JYUKA_F1_041.kscl
A Image0/binary/layout/en/JYUKA_F1_042.kscl
A Image0/binary/layout/en/JYUKA_F1_043.kscl
A Image0/binary/layout/en/JYUKA_F1_044.kscl
A Image0/binary/layout/en/JYUKA_F1_045.kscl
A Image0/binary/layout/en/JYUKA_F1_046.kscl
A Image0/binary/layout/en/JYUKA_F1_047.kscl
A Image0/binary/layout/en/JYUKA_F1_048.kscl
A Image0/binary/layout/en/JYUKA_F1_049.kscl
A Image0/binary/layout/en/JYUKA_F1_050.kscl
A Image0/binary/layout/en/JYUKA_F1_051.kscl
A Image0/binary/layout/en/JYUKA_F1_052.kscl
A Image0/binary/layout/en/JYUKA_F1_053.kscl
A Image0/binary/layout/en/JYUKA_F1_054.kscl
A Image0/binary/layout/en/JYUKA_F1_055.kscl
A Image0/binary/layout/en/JYUKA_F2_056.kscl
A Image0/binary/layout/en/JYUKA_F2_057.kscl
A Image0/binary/layout/en/JYUKA_F2_058.kscl
A Image0/binary/layout/en/JYUKA_F2_059.kscl
A Image0/binary/layout/en/JYUKA_F2_060.kscl
A Image0/binary/layout/en/JYUKA_F2_061.kscl
A Image0/binary/layout/en/JYUKA_F2_062.kscl
A Image0/binary/layout/en/JYUKA_F2_063.kscl
A Image0/binary/layout/en/JYUKA_F2_064.kscl
A Image0/binary/layout/en/JYUKA_F2_065.kscl
A Image0/binary/layout/en/JYUKA_F2_066.kscl
A Image0/binary/layout/en/JYUKA_F2_067.kscl
A Image0/binary/layout/en/JYUKA_F2_068.kscl
A Image0/binary/layout/en/JYUKA_F2_069.kscl
A Image0/binary/layout/en/JYUKA_F2_070.kscl
A Image0/binary/layout/en/JYUKA_F2_071.kscl
A Image0/binary/layout/en/JYUKA_F2_072.kscl
A Image0/binary/layout/en/JYUKA_F2_073.kscl
A Image0/binary/layout/en/JYUKA_F2_074.kscl
A Image0/binary/layout/en/JYUKA_F2_075.kscl
A Image0/binary/layout/en/JYUKA_F2_076.kscl
A Image0/binary/layout/en/JYUKA_F2_077.kscl
A Image0/binary/layout/en/JYUKA_F2_078.kscl
A Image0/binary/layout/en/JYUKA_F2_079.kscl
A Image0/binary/layout/en/JYUKA_F2_080.kscl
A Image0/binary/layout/en/JYUKA_F2_081.kscl
A Image0/binary/layout/en/JYUKA_F3_059.kscl
A Image0/binary/layout/en/JYUKA_F3_075.kscl
A Image0/binary/layout/en/JYUKA_F3_083.kscl
A Image0/binary/layout/en/JYUKA_F3_084.kscl
A Image0/binary/layout/en/JYUKA_F3_085.kscl
A Image0/binary/layout/en/JYUKA_F3_086.kscl
A Image0/binary/layout/en/JYUKA_F3_087.kscl
A Image0/binary/layout/en/JYUKA_F3_088.kscl
A Image0/binary/layout/en/JYUKA_F3_089.kscl
A Image0/binary/layout/en/JYUKA_F3_090.kscl
A Image0/binary/layout/en/JYUKA_F3_091.kscl
A Image0/binary/layout/en/JYUKA_F3_092.kscl
A Image0/binary/layout/en/JYUKA_F3_093.kscl
A Image0/binary/layout/en/JYUKA_F4_094.kscl
A Image0/binary/layout/en/JYUKA_F4_095.kscl
A Image0/binary/layout/en/JYUKA_F4_096.kscl
A Image0/binary/layout/en/JYUKA_F4_097.kscl
A Image0/binary/layout/en/JYUKA_F4_098.kscl
A Image0/binary/layout/en/JYUKA_F4_099.kscl
A Image0/binary/layout/en/JYUKA_F4_100.kscl
A Image0/binary/layout/en/JYUKA_F4_101.kscl
A Image0/binary/layout/en/JYUKA_F4_102.kscl
A Image0/binary/layout/en/JYUKA_F5_098.kscl
A Image0/binary/layout/en/JYUKA_F5_102.kscl
A Image0/binary/layout/en/JYUKA_F5_103.kscl
A Image0/binary/layout/en/JYUKA_F5_104.kscl
A Image0/binary/layout/en/JYUKA_F5_105.kscl
A Image0/binary/layout/en/JYUKA_F5_106.kscl
A Image0/binary/layout/en/KOTTO_00.kscl
A Image0/binary/layout/en/KOTTO_01.kscl
A Image0/binary/layout/en/KOTTO_F1_001.kscl
A Image0/binary/layout/en/KOTTO_F1_002.kscl
A Image0/binary/layout/en/KOTTO_F1_004.kscl
A Image0/binary/layout/en/KOTTO_F1_005.kscl
A Image0/binary/layout/en/KOTTO_F1_006.kscl
A Image0/binary/layout/en/KOTTO_F1_008.kscl
A Image0/binary/layout/en/KOTTO_F1_009.kscl
A Image0/binary/layout/en/KOTTO_F2_009.kscl
A Image0/binary/layout/en/KOTTO_F2_010.kscl
A Image0/binary/layout/en/KOTTO_F2_011.kscl
A Image0/binary/layout/en/KOTTO_F2_012.kscl
A Image0/binary/layout/en/KOTTO_F2_013.kscl
A Image0/binary/layout/en/KOTTO_F2_014.kscl
A Image0/binary/layout/en/KOYAS_1F_00.kscl
A Image0/binary/layout/en/KOYAS_B1_00.kscl
A Image0/binary/layout/en/KOYAS_F1_001.kscl
A Image0/binary/layout/en/KOYAS_F1_002.kscl
A Image0/binary/layout/en/KOYAS_F1_003.kscl
A Image0/binary/layout/en/KOYAS_F1_004.kscl
A Image0/binary/layout/en/KOYAS_F1_005.kscl
A Image0/binary/layout/en/KOYAS_F1_006.kscl
A Image0/binary/layout/en/KOYAS_F1_007.kscl
A Image0/binary/layout/en/KOYAS_F1_008.kscl
A Image0/binary/layout/en/KOYAS_F1_009.kscl
A Image0/binary/layout/en/KOYAS_F1_075.kscl
A Image0/binary/layout/en/KOYAS_F2_009.kscl
A Image0/binary/layout/en/KOYAS_F2_010.kscl
A Image0/binary/layout/en/KOYAS_F2_011.kscl
A Image0/binary/layout/en/KOYAS_F2_012.kscl
A Image0/binary/layout/en/KOYAS_F2_013.kscl
A Image0/binary/layout/en/KOYAS_F2_014.kscl
A Image0/binary/layout/en/KOYAS_F2_015.kscl
A Image0/binary/layout/en/KOYAS_F2_016.kscl
A Image0/binary/layout/en/KOYAS_F2_017.kscl
A Image0/binary/layout/en/KOYAS_F2_018.kscl
A Image0/binary/layout/en/KOYAS_F2_019.kscl
A Image0/binary/layout/en/KOYAS_F2_020.kscl
A Image0/binary/layout/en/KOYAS_F2_021.kscl
A Image0/binary/layout/en/KOYAS_F2_022.kscl
A Image0/binary/layout/en/KOYAS_F2_023.kscl
A Image0/binary/layout/en/KOYAS_F2_024.kscl
A Image0/binary/layout/en/KOYAS_F2_025.kscl
A Image0/binary/layout/en/KOYAS_F2_026.kscl
A Image0/binary/layout/en/KOYAS_F2_027.kscl
A Image0/binary/layout/en/KOYAS_F2_028.kscl
A Image0/binary/layout/en/KOYAS_F2_029.kscl
A Image0/binary/layout/en/KOYAS_F2_030.kscl
A Image0/binary/layout/en/KOYAS_F2_031.kscl
A Image0/binary/layout/en/KOYAS_F2_032.kscl
A Image0/binary/layout/en/KOYAS_F2_033.kscl
A Image0/binary/layout/en/KOYAS_F2_034.kscl
A Image0/binary/layout/en/KOYAS_F2_035.kscl
A Image0/binary/layout/en/KOYAS_F2_036.kscl
A Image0/binary/layout/en/KOYAS_F2_037.kscl
A Image0/binary/layout/en/KOYAS_F2_038.kscl
A Image0/binary/layout/en/KOYAS_F3_013.kscl
A Image0/binary/layout/en/KOYAS_F3_015.kscl
A Image0/binary/layout/en/KOYAS_F3_023.kscl
A Image0/binary/layout/en/KOYAS_F3_033.kscl
A Image0/binary/layout/en/KOYAS_F3_036.kscl
A Image0/binary/layout/en/KOYAS_F3_039.kscl
A Image0/binary/layout/en/KOYAS_F3_040.kscl
A Image0/binary/layout/en/KOYAS_F3_041.kscl
A Image0/binary/layout/en/KOYAS_F3_042.kscl
A Image0/binary/layout/en/KOYAS_F3_043.kscl
A Image0/binary/layout/en/KOYAS_F3_044.kscl
A Image0/binary/layout/en/KOYAS_F3_045.kscl
A Image0/binary/layout/en/KOYAS_F3_046.kscl
A Image0/binary/layout/en/KOYAS_F3_047.kscl
A Image0/binary/layout/en/KOYAS_F3_048.kscl
A Image0/binary/layout/en/KOYAS_F3_049.kscl
A Image0/binary/layout/en/KOYAS_F3_050.kscl
A Image0/binary/layout/en/KOYAS_F3_051.kscl
A Image0/binary/layout/en/KOYAS_F3_052.kscl
A Image0/binary/layout/en/KOYAS_F3_053.kscl
A Image0/binary/layout/en/KOYAS_F3_054.kscl
A Image0/binary/layout/en/KOYAS_F3_055.kscl
A Image0/binary/layout/en/KOYAS_F3_056.kscl
A Image0/binary/layout/en/KOYAS_F3_057.kscl
A Image0/binary/layout/en/KOYAS_F3_058.kscl
A Image0/binary/layout/en/KOYAS_F3_059.kscl
A Image0/binary/layout/en/KOYAS_F3_060.kscl
A Image0/binary/layout/en/KOYAS_F3_061.kscl
A Image0/binary/layout/en/KOYAS_F3_062.kscl
A Image0/binary/layout/en/KOYAS_F3_063.kscl
A Image0/binary/layout/en/KOYAS_F3_064.kscl
A Image0/binary/layout/en/KOYAS_F3_065.kscl
A Image0/binary/layout/en/KOYAS_F3_066.kscl
A Image0/binary/layout/en/KOYAS_F3_067.kscl
A Image0/binary/layout/en/KOYAS_F3_068.kscl
A Image0/binary/layout/en/KOYAS_F3_069.kscl
A Image0/binary/layout/en/KOYAS_F3_070.kscl
A Image0/binary/layout/en/KOYAS_F3_071.kscl
A Image0/binary/layout/en/KOYAS_F3_072.kscl
A Image0/binary/layout/en/KOYAS_F3_073.kscl
A Image0/binary/layout/en/KOYAS_F3_074.kscl
A Image0/binary/layout/en/MAP_detailed_layout_01.kscl
A Image0/binary/layout/en/MAP_detailed_layout_02.kscl
A Image0/binary/layout/en/MAP_dummy_layout.kscl
A Image0/binary/layout/en/MOV_EV1705_ICON.kscl
A Image0/binary/layout/en/MOV_EV1708_ICON.kscl
A Image0/binary/layout/en/MOV_EV1709_ICON.kscl
A Image0/binary/layout/en/MOV_EV1711_ICON.kscl
A Image0/binary/layout/en/MOV_EV1713_ICON.kscl
A Image0/binary/layout/en/MOV_EV1714_ICON.kscl
A Image0/binary/layout/en/MOV_EV9011_ICON.kscl
A Image0/binary/layout/en/MOV_EV9012_ICON.kscl
A Image0/binary/layout/en/MOV_EV9013_ICON.kscl
A Image0/binary/layout/en/MOV_EV9014_ICON.kscl
A Image0/binary/layout/en/MOV_EV9015_ICON.kscl
A Image0/binary/layout/en/MOV_EV9016_ICON.kscl
A Image0/binary/layout/en/MOV_EV9017_ICON.kscl
A Image0/binary/layout/en/MOV_EV9021_ICON.kscl
A Image0/binary/layout/en/MOV_EV9022_ICON.kscl
A Image0/binary/layout/en/MOV_EV9023_ICON.kscl
A Image0/binary/layout/en/MOV_EV9024_ICON.kscl
A Image0/binary/layout/en/MOV_EV9041_ICON.kscl
A Image0/binary/layout/en/MOV_EV9042_ICON.kscl
A Image0/binary/layout/en/MOV_EV9051_ICON.kscl
A Image0/binary/layout/en/MOV_EV9052_ICON.kscl
A Image0/binary/layout/en/MOV_EV9053_ICON.kscl
A Image0/binary/layout/en/MOV_EV9054_ICON.kscl
A Image0/binary/layout/en/MOV_EV9061_ICON.kscl
A Image0/binary/layout/en/MOV_EV9071_ICON.kscl
A Image0/binary/layout/en/MOV_EV9091_ICON.kscl
A Image0/binary/layout/en/MOV_EV9101_ICON.kscl
A Image0/binary/layout/en/MOV_EV9111_ICON.kscl
A Image0/binary/layout/en/MOV_EV9121_ICON.kscl
A Image0/binary/layout/en/MOV_EV9131_ICON.kscl
A Image0/binary/layout/en/MOV_EV9141_ICON.kscl
A Image0/binary/layout/en/MOV_EV9151_ICON.kscl
A Image0/binary/layout/en/MOV_EV9161_ICON.kscl
A Image0/binary/layout/en/MOV_EV9171_ICON.kscl
A Image0/binary/layout/en/MOV_EV9181_ICON.kscl
A Image0/binary/layout/en/MOV_EV9211_ICON.kscl
A Image0/binary/layout/en/MOV_EV9221_ICON.kscl
A Image0/binary/layout/en/MOV_EV9231_ICON.kscl
A Image0/binary/layout/en/MOV_EV9241_ICON.kscl
A Image0/binary/layout/en/MOV_EV9251_ICON.kscl
A Image0/binary/layout/en/MOV_EV9261_ICON.kscl
A Image0/binary/layout/en/MOV_EV9271_ICON.kscl
A Image0/binary/layout/en/MOV_EV9272_ICON.kscl
A Image0/binary/layout/en/MOV_EV9281_ICON.kscl
A Image0/binary/layout/en/MOV_EV9301_ICON.kscl
A Image0/binary/layout/en/MOV_EV9311_ICON.kscl
A Image0/binary/layout/en/MOV_EV9321_ICON.kscl
A Image0/binary/layout/en/MOV_EV9322_ICON.kscl
A Image0/binary/layout/en/MOV_EV9323_ICON.kscl
A Image0/binary/layout/en/MOV_EV9331_ICON.kscl
A Image0/binary/layout/en/MOV_EV9332_ICON.kscl
A Image0/binary/layout/en/MOV_EV9341_ICON.kscl
A Image0/binary/layout/en/MOV_EV9342_ICON.kscl
A Image0/binary/layout/en/MOV_EV9351_ICON.kscl
A Image0/binary/layout/en/MOV_EV9361_ICON.kscl
A Image0/binary/layout/en/MOV_EV9371_ICON.kscl
A Image0/binary/layout/en/MOV_EV9381_ICON.kscl
A Image0/binary/layout/en/MOV_EV9431_ICON.kscl
A Image0/binary/layout/en/MOV_EV9451_ICON.kscl
A Image0/binary/layout/en/MYIGL_01.kscl
A Image0/binary/layout/en/MYIGL_02.kscl
A Image0/binary/layout/en/MYIGL_F1_001.kscl
A Image0/binary/layout/en/MYIGL_F1_002.kscl
A Image0/binary/layout/en/MYIGL_F1_003.kscl
A Image0/binary/layout/en/MYIGL_F1_004.kscl
A Image0/binary/layout/en/MYIGL_F1_005.kscl
A Image0/binary/layout/en/MYIGL_F1_006.kscl
A Image0/binary/layout/en/MYIGL_F1_007.kscl
A Image0/binary/layout/en/MYIGL_F1_008.kscl
A Image0/binary/layout/en/MYIGL_F1_009.kscl
A Image0/binary/layout/en/MYIGL_F1_010.kscl
A Image0/binary/layout/en/MYIGL_F1_011.kscl
A Image0/binary/layout/en/MYIGL_F1_012.kscl
A Image0/binary/layout/en/MYIGL_F1_013.kscl
A Image0/binary/layout/en/MYIGL_F1_014.kscl
A Image0/binary/layout/en/MYIGL_F1_015.kscl
A Image0/binary/layout/en/MYIGL_F2_006.kscl
A Image0/binary/layout/en/MYIGL_F2_009.kscl
A Image0/binary/layout/en/MYIGL_F2_016.kscl
A Image0/binary/layout/en/MYIGL_F2_017.kscl
A Image0/binary/layout/en/MYIGL_F2_018.kscl
A Image0/binary/layout/en/MYIGM_01.kscl
A Image0/binary/layout/en/MYIGM_02.kscl
A Image0/binary/layout/en/MYIGM_F1_001.kscl
A Image0/binary/layout/en/MYIGM_F1_002.kscl
A Image0/binary/layout/en/MYIGM_F1_003.kscl
A Image0/binary/layout/en/MYIGM_F1_004.kscl
A Image0/binary/layout/en/MYIGM_F1_005.kscl
A Image0/binary/layout/en/MYIGM_F1_006.kscl
A Image0/binary/layout/en/MYIGM_F1_007.kscl
A Image0/binary/layout/en/MYIGM_F1_008.kscl
A Image0/binary/layout/en/MYIGM_F1_009.kscl
A Image0/binary/layout/en/MYIGM_F1_010.kscl
A Image0/binary/layout/en/MYIGM_F1_011.kscl
A Image0/binary/layout/en/MYIGM_F1_012.kscl
A Image0/binary/layout/en/MYIGM_F1_013.kscl
A Image0/binary/layout/en/MYIGM_F1_014.kscl
A Image0/binary/layout/en/MYIGM_F2_004.kscl
A Image0/binary/layout/en/MYIGM_F2_009.kscl
A Image0/binary/layout/en/MYIGM_F2_015.kscl
A Image0/binary/layout/en/MYIGM_F2_016.kscl
A Image0/binary/layout/en/MYIGM_F2_017.kscl
A Image0/binary/layout/en/MYIGM_F2_018.kscl
A Image0/binary/layout/en/MYIGM_F2_019.kscl
A Image0/binary/layout/en/MYIGM_F2_020.kscl
A Image0/binary/layout/en/MYIGM_F2_021.kscl
A Image0/binary/layout/en/MYIGM_F2_022.kscl
A Image0/binary/layout/en/MYIGS_01.kscl
A Image0/binary/layout/en/MYIGS_02.kscl
A Image0/binary/layout/en/NINGY_01.kscl
A Image0/binary/layout/en/NINGY_02.kscl
A Image0/binary/layout/en/OIRAN_00.kscl
A Image0/binary/layout/en/OIRAN_F1_001.kscl
A Image0/binary/layout/en/OIRAN_F1_002.kscl
A Image0/binary/layout/en/OIRAN_F1_003.kscl
A Image0/binary/layout/en/OIRAN_F1_004.kscl
A Image0/binary/layout/en/OIRAN_F1_005.kscl
A Image0/binary/layout/en/OIRAN_F1_006.kscl
A Image0/binary/layout/en/OIRAN_F1_007.kscl
A Image0/binary/layout/en/OIRAN_F1_008.kscl
A Image0/binary/layout/en/OIRAN_F1_009.kscl
A Image0/binary/layout/en/OIRAN_F1_010.kscl
A Image0/binary/layout/en/OIRAN_F1_011.kscl
A Image0/binary/layout/en/OIRAN_F1_012.kscl
A Image0/binary/layout/en/OIRAN_F1_013.kscl
A Image0/binary/layout/en/OIRAN_F1_014.kscl
A Image0/binary/layout/en/OIRAN_F1_015.kscl
A Image0/binary/layout/en/OIRAN_F1_016.kscl
A Image0/binary/layout/en/OIRAN_F1_017.kscl
A Image0/binary/layout/en/OIRAN_F1_018.kscl
A Image0/binary/layout/en/OIRAN_F1_019.kscl
A Image0/binary/layout/en/OSORE_00.kscl
A Image0/binary/layout/en/OSORE_F1_001.kscl
A Image0/binary/layout/en/OSORE_F1_002.kscl
A Image0/binary/layout/en/OSORE_F1_003.kscl
A Image0/binary/layout/en/OSORE_F1_004.kscl
A Image0/binary/layout/en/OSORE_F1_005.kscl
A Image0/binary/layout/en/OSORE_F1_006.kscl
A Image0/binary/layout/en/OSORE_F1_007.kscl
A Image0/binary/layout/en/OSORE_F1_008.kscl
A Image0/binary/layout/en/OSORE_F1_009.kscl
A Image0/binary/layout/en/OSORE_F1_010.kscl
A Image0/binary/layout/en/OSORE_F1_011.kscl
A Image0/binary/layout/en/OSORE_F1_012.kscl
A Image0/binary/layout/en/OSORE_F1_013.kscl
A Image0/binary/layout/en/OSORE_F1_014.kscl
A Image0/binary/layout/en/OSORE_F1_015.kscl
A Image0/binary/layout/en/OSORE_F1_016.kscl
A Image0/binary/layout/en/RENNO_00.kscl
A Image0/binary/layout/en/RENNO_F1_001.kscl
A Image0/binary/layout/en/RYOKA_1F_00.kscl
A Image0/binary/layout/en/RYOKA_2F_00.kscl
A Image0/binary/layout/en/RYOKA_3F_00.kscl
A Image0/binary/layout/en/RYOKA_F1_001.kscl
A Image0/binary/layout/en/RYOKA_F1_002.kscl
A Image0/binary/layout/en/RYOKA_F1_003.kscl
A Image0/binary/layout/en/RYOKA_F1_004.kscl
A Image0/binary/layout/en/RYOKA_F1_005.kscl
A Image0/binary/layout/en/RYOKA_F1_006.kscl
A Image0/binary/layout/en/RYOKA_F1_007.kscl
A Image0/binary/layout/en/RYOKA_F1_008.kscl
A Image0/binary/layout/en/RYOKA_F1_009.kscl
A Image0/binary/layout/en/RYOKA_F1_010.kscl
A Image0/binary/layout/en/RYOKA_F1_011.kscl
A Image0/binary/layout/en/RYOKA_F1_012.kscl
A Image0/binary/layout/en/RYOKA_F1_013.kscl
A Image0/binary/layout/en/RYOKA_F1_014.kscl
A Image0/binary/layout/en/RYOKA_F1_015.kscl
A Image0/binary/layout/en/RYOKA_F1_016.kscl
A Image0/binary/layout/en/RYOKA_F1_017.kscl
A Image0/binary/layout/en/RYOKA_F1_018.kscl
A Image0/binary/layout/en/RYOKA_F2_012.kscl
A Image0/binary/layout/en/RYOKA_F2_019.kscl
A Image0/binary/layout/en/RYOKA_F2_020.kscl
A Image0/binary/layout/en/RYOKA_F2_021.kscl
A Image0/binary/layout/en/RYOKA_F2_022.kscl
A Image0/binary/layout/en/RYOKA_F2_023.kscl
A Image0/binary/layout/en/RYOKA_F2_024.kscl
A Image0/binary/layout/en/RYOKA_F2_025.kscl
A Image0/binary/layout/en/RYOKA_F3_025.kscl
A Image0/binary/layout/en/RYOKA_F3_026.kscl
A Image0/binary/layout/en/RYOKA_F3_027.kscl
A Image0/binary/layout/en/RYOKA_F3_028.kscl
A Image0/binary/layout/en/RYOKA_F3_029.kscl
A Image0/binary/layout/en/RYOKA_F3_030.kscl
A Image0/binary/layout/en/RYOKA_F3_031.kscl
A Image0/binary/layout/en/SUIJO_F1_001.kscl
A Image0/binary/layout/en/SUIJO_F1_002.kscl
A Image0/binary/layout/en/SUIJO_F1_003.kscl
A Image0/binary/layout/en/SUIJO_F1_004.kscl
A Image0/binary/layout/en/SUIJO_F1_005.kscl
A Image0/binary/layout/en/SUIJO_F1_006.kscl
A Image0/binary/layout/en/SUIJO_F1_007.kscl
A Image0/binary/layout/en/SUIJO_F1_008.kscl
A Image0/binary/layout/en/SUIJO_F1_009.kscl
A Image0/binary/layout/en/SUIJO_F1_010.kscl
A Image0/binary/layout/en/SUIJO_F1_011.kscl
A Image0/binary/layout/en/SUIJO_F1_012.kscl
A Image0/binary/layout/en/SUIJO_F1_013.kscl
A Image0/binary/layout/en/SUIJO_F1_014.kscl
A Image0/binary/layout/en/SUIJO_F1_015.kscl
A Image0/binary/layout/en/SUIJO_F1_016.kscl
A Image0/binary/layout/en/SUIJO_F1_017.kscl
A Image0/binary/layout/en/SUIJO_F1_018.kscl
A Image0/binary/layout/en/SUIJO_F1_019.kscl
A Image0/binary/layout/en/SUIJO_F1_020.kscl
A Image0/binary/layout/en/SUIJO_F1_021.kscl
A Image0/binary/layout/en/SUIJO_F1_022.kscl
A Image0/binary/layout/en/SUIJO_F1_023.kscl
A Image0/binary/layout/en/SUIJO_F1_024.kscl
A Image0/binary/layout/en/SUIJYO_00.kscl
A Image0/binary/layout/en/TNNEL_00.kscl
A Image0/binary/layout/en/TNNEL_F1_001.kscl
A Image0/binary/layout/en/TNNEL_F1_002.kscl
A Image0/binary/layout/en/TNNEL_F1_003.kscl
A Image0/binary/layout/en/TNNEL_F1_004.kscl
A Image0/binary/layout/en/TNNEL_F1_005.kscl
A Image0/binary/layout/en/TNNEL_F1_006.kscl
A Image0/binary/layout/en/TNNEL_F1_007.kscl
A Image0/binary/layout/en/TNNEL_F1_008.kscl
A Image0/binary/layout/en/TNNEL_F1_009.kscl
A Image0/binary/layout/en/TNNEL_F1_010.kscl
A Image0/binary/layout/en/YAMAM_00.kscl
A Image0/binary/layout/en/Z01.kscl
A Image0/binary/layout/en/Z02.kscl
A Image0/binary/layout/en/Z03.kscl
A Image0/binary/layout/en/Z04.kscl
A Image0/binary/layout/en/Z05.kscl
A Image0/binary/layout/en/Z06.kscl
A Image0/binary/layout/en/Z07.kscl
A Image0/binary/layout/en/Z08.kscl
A Image0/binary/layout/en/Z09.kscl
A Image0/binary/layout/en/Z10.kscl
A Image0/binary/layout/en/Z11.kscl
A Image0/binary/layout/en/Z12.kscl
A Image0/binary/layout/en/Z13.kscl
A Image0/binary/layout/en/Z14.kscl
A Image0/binary/layout/en/Z15.kscl
A Image0/binary/layout/en/Z16.kscl
A Image0/binary/layout/en/Z17.kscl
A Image0/binary/layout/en/Z18.kscl
A Image0/binary/layout/en/Z19.kscl
A Image0/binary/layout/en/Z20.kscl
A Image0/binary/layout/en/Z21.kscl
A Image0/binary/layout/en/Z22.kscl
A Image0/binary/layout/en/Z23.kscl
A Image0/binary/layout/en/Z24.kscl
A Image0/binary/layout/en/Z25.kscl
A Image0/binary/layout/en/Z26.kscl
A Image0/binary/layout/en/Z27.kscl
A Image0/binary/layout/en/Z28.kscl
A Image0/binary/layout/en/Z29.kscl
A Image0/binary/layout/en/Z30.kscl
A Image0/binary/layout/en/Z31.kscl
A Image0/binary/layout/en/Z32.kscl
A Image0/binary/layout/en/Z33.kscl
A Image0/binary/layout/en/Z34.kscl
A Image0/binary/layout/en/Z35.kscl
A Image0/binary/layout/en/Z36.kscl
A Image0/binary/layout/en/Z37.kscl
A Image0/binary/layout/en/Z38.kscl
A Image0/binary/layout/en/Z39.kscl
A Image0/binary/layout/en/Z40.kscl
A Image0/binary/layout/en/Z41.kscl
A Image0/binary/layout/en/Z42.kscl
A Image0/binary/layout/en/Z43.kscl
A Image0/binary/layout/en/Z44.kscl
A Image0/binary/layout/en/Z45.kscl
A Image0/binary/layout/en/Z46.kscl
A Image0/binary/layout/en/Z47.kscl
A Image0/binary/layout/en/Z47misstake.kscl
A Image0/binary/layout/en/Z48.kscl
A Image0/binary/layout/en/Z49.kscl
A Image0/binary/layout/en/Z49_Z50.kscl
A Image0/binary/layout/en/Z50.kscl
A Image0/binary/layout/en/Z51.kscl
A Image0/binary/layout/en/Z52.kscl
A Image0/binary/layout/en/Z52_mistake.kscl
A Image0/binary/layout/en/Z53.kscl
A Image0/binary/layout/en/Z54.kscl
A Image0/binary/layout/en/Z54_Z55.kscl
A Image0/binary/layout/en/Z55.kscl
A Image0/binary/layout/en/Z56.kscl
A Image0/binary/layout/en/Z57.kscl
A Image0/binary/layout/en/Z58.kscl
A Image0/binary/layout/en/Z59.kscl
A Image0/binary/layout/en/Z60.kscl
A Image0/binary/layout/en/Z61.kscl
A Image0/binary/layout/en/Z62.kscl
A Image0/binary/layout/en/Z62A.kscl
A Image0/binary/layout/en/Z63.kscl
A Image0/binary/layout/en/Z64.kscl
A Image0/binary/layout/en/Z65.kscl
A Image0/binary/layout/en/Z66.kscl
A Image0/binary/layout/en/Z67.kscl
A Image0/binary/layout/en/Z68.kscl
A Image0/binary/layout/en/camera_layout.kscl
A Image0/binary/layout/en/change_costume.kscl
A Image0/binary/layout/en/chara_img_main_01.kscl
A Image0/binary/layout/en/chara_img_main_02.kscl
A Image0/binary/layout/en/chara_img_main_03.kscl
A Image0/binary/layout/en/chara_img_main_04.kscl
A Image0/binary/layout/en/chara_img_sub_01.kscl
A Image0/binary/layout/en/chara_img_sub_02.kscl
A Image0/binary/layout/en/chara_img_sub_03.kscl
A Image0/binary/layout/en/chara_img_sub_04.kscl
A Image0/binary/layout/en/chara_img_sub_05.kscl
A Image0/binary/layout/en/chara_img_sub_06.kscl
A Image0/binary/layout/en/chara_img_sub_07.kscl
A Image0/binary/layout/en/chara_img_sub_08.kscl
A Image0/binary/layout/en/cmn_bg_layout.kscl
A Image0/binary/layout/en/cmn_blackscreen.kscl
A Image0/binary/layout/en/cmn_caption.kscl
A Image0/binary/layout/en/cmn_lens.kscl
A Image0/binary/layout/en/cmn_msg_window.kscl
A Image0/binary/layout/en/cmn_scroll.kscl
A Image0/binary/layout/en/cmn_scroll_move.kscl
A Image0/binary/layout/en/cmn_start_misson.kscl
A Image0/binary/layout/en/cmn_status.kscl
A Image0/binary/layout/en/cmn_tab.kscl
A Image0/binary/layout/en/cmn_textbox.kscl
A Image0/binary/layout/en/cmn_title_mission.kscl
A Image0/binary/layout/en/cmn_window_base.kscl
A Image0/binary/layout/en/cmn_window_layout.kscl
A Image0/binary/layout/en/cmn_window_select_parts.kscl
A Image0/binary/layout/en/cmn_window_yesno_parts.kscl
A Image0/binary/layout/en/company_layout.kscl
A Image0/binary/layout/en/company_layout_eu.kscl
A Image0/binary/layout/en/dab_ChapterCover.kscl
A Image0/binary/layout/en/dab_artwork_arttitle.kscl
A Image0/binary/layout/en/dab_artwork_base.kscl
A Image0/binary/layout/en/dab_artwork_character.kscl
A Image0/binary/layout/en/dab_artwork_position.kscl
A Image0/binary/layout/en/dab_artwork_zoom.kscl
A Image0/binary/layout/en/dab_atrwork_Window.kscl
A Image0/binary/layout/en/dab_caption.kscl
A Image0/binary/layout/en/dab_chaptertop.kscl
A Image0/binary/layout/en/dab_contentlist.kscl
A Image0/binary/layout/en/dab_nowplayingwindow.kscl
A Image0/binary/layout/en/dab_tracklist.kscl
A Image0/binary/layout/en/dab_tracklist_eu.kscl
A Image0/binary/layout/en/dab_tracklist_listparts.kscl
A Image0/binary/layout/en/event_window.kscl
A Image0/binary/layout/en/fade_screen.kscl
A Image0/binary/layout/en/filament.kscl
A Image0/binary/layout/en/finder.kscl
A Image0/binary/layout/en/finder_ayane.kscl
A Image0/binary/layout/en/finder_controller.kscl
A Image0/binary/layout/en/finder_ren.kscl
A Image0/binary/layout/en/fnt_name_01.kscl
A Image0/binary/layout/en/fnt_name_02.kscl
A Image0/binary/layout/en/fnt_name_03.kscl
A Image0/binary/layout/en/fnt_name_04.kscl
A Image0/binary/layout/en/fnt_name_05.kscl
A Image0/binary/layout/en/fnt_name_06.kscl
A Image0/binary/layout/en/fnt_name_07.kscl
A Image0/binary/layout/en/fnt_name_08.kscl
A Image0/binary/layout/en/fnt_name_09.kscl
A Image0/binary/layout/en/fnt_name_10.kscl
A Image0/binary/layout/en/gameover_1_layout.kscl
A Image0/binary/layout/en/gameover_2_layout.kscl
A Image0/binary/layout/en/ghostlist_layout.kscl
A Image0/binary/layout/en/ghostlist_layout_update.kscl
A Image0/binary/layout/en/hint_photo_cmn.kscl
A Image0/binary/layout/en/img_BOCHI.kscl
A Image0/binary/layout/en/img_CABLE_A.kscl
A Image0/binary/layout/en/img_CABLE_B.kscl
A Image0/binary/layout/en/img_CBCAR.kscl
A Image0/binary/layout/en/img_HITAN_A.kscl
A Image0/binary/layout/en/img_HITAN_B.kscl
A Image0/binary/layout/en/img_JYUKA_A.kscl
A Image0/binary/layout/en/img_JYUKA_B.kscl
A Image0/binary/layout/en/img_KOTTO.kscl
A Image0/binary/layout/en/img_KOYAS.kscl
A Image0/binary/layout/en/img_MYIGL.kscl
A Image0/binary/layout/en/img_MYIGM.kscl
A Image0/binary/layout/en/img_MYIGS.kscl
A Image0/binary/layout/en/img_NINGY.kscl
A Image0/binary/layout/en/img_OIRAN.kscl
A Image0/binary/layout/en/img_OSORE.kscl
A Image0/binary/layout/en/img_RENNO.kscl
A Image0/binary/layout/en/img_RYOKA_A.kscl
A Image0/binary/layout/en/img_RYOKA_B.kscl
A Image0/binary/layout/en/img_SUIJYO.kscl
A Image0/binary/layout/en/img_TNNEL_A.kscl
A Image0/binary/layout/en/img_TNNEL_B.kscl
A Image0/binary/layout/en/img_TNNEL_C.kscl
A Image0/binary/layout/en/img_YAMAM.kscl
A Image0/binary/layout/en/img_mission_00.kscl
A Image0/binary/layout/en/img_mission_01.kscl
A Image0/binary/layout/en/img_mission_02.kscl
A Image0/binary/layout/en/img_mission_03.kscl
A Image0/binary/layout/en/img_mission_03_5.kscl
A Image0/binary/layout/en/img_mission_04.kscl
A Image0/binary/layout/en/img_mission_05.kscl
A Image0/binary/layout/en/img_mission_06.kscl
A Image0/binary/layout/en/img_mission_07.kscl
A Image0/binary/layout/en/img_mission_08.kscl
A Image0/binary/layout/en/img_mission_09.kscl
A Image0/binary/layout/en/img_mission_10.kscl
A Image0/binary/layout/en/img_mission_11.kscl
A Image0/binary/layout/en/img_mission_12.kscl
A Image0/binary/layout/en/img_mission_13.kscl
A Image0/binary/layout/en/img_mission_14.kscl
A Image0/binary/layout/en/img_mission_a01.kscl
A Image0/binary/layout/en/img_mission_a02.kscl
A Image0/binary/layout/en/img_mission_a03.kscl
A Image0/binary/layout/en/img_mission_a04.kscl
A Image0/binary/layout/en/ingame_layout.kscl
A Image0/binary/layout/en/inventory_layout.kscl
A Image0/binary/layout/en/item_layout.kscl
A Image0/binary/layout/en/load_ingame_layout.kscl
A Image0/binary/layout/en/map_all_layout.kscl
A Image0/binary/layout/en/map_drc_bg.kscl
A Image0/binary/layout/en/map_drc_fg.kscl
A Image0/binary/layout/en/mission_select.kscl
A Image0/binary/layout/en/mission_start_layout.kscl
A Image0/binary/layout/en/mission_titel_00.kscl
A Image0/binary/layout/en/mission_titel_01.kscl
A Image0/binary/layout/en/mission_titel_02.kscl
A Image0/binary/layout/en/mission_titel_03.kscl
A Image0/binary/layout/en/mission_titel_03_5.kscl
A Image0/binary/layout/en/mission_titel_04.kscl
A Image0/binary/layout/en/mission_titel_05.kscl
A Image0/binary/layout/en/mission_titel_06.kscl
A Image0/binary/layout/en/mission_titel_07.kscl
A Image0/binary/layout/en/mission_titel_08.kscl
A Image0/binary/layout/en/mission_titel_09.kscl
A Image0/binary/layout/en/mission_titel_10.kscl
A Image0/binary/layout/en/mission_titel_11.kscl
A Image0/binary/layout/en/mission_titel_12.kscl
A Image0/binary/layout/en/mission_titel_13.kscl
A Image0/binary/layout/en/mission_titel_14.kscl
A Image0/binary/layout/en/mission_titel_a01.kscl
A Image0/binary/layout/en/mission_titel_a02.kscl
A Image0/binary/layout/en/mission_titel_a03.kscl
A Image0/binary/layout/en/mission_titel_a04.kscl
A Image0/binary/layout/en/nowloading_layout.kscl
A Image0/binary/layout/en/option_menu.kscl
A Image0/binary/layout/en/pause_layout.kscl
A Image0/binary/layout/en/photo_layout.kscl
A Image0/binary/layout/en/photo_mode_01_saturation.kscl
A Image0/binary/layout/en/photo_mode_02_contrast.kscl
A Image0/binary/layout/en/photo_mode_03_bgr.kscl
A Image0/binary/layout/en/photo_mode_06_blur.kscl
A Image0/binary/layout/en/photo_mode_08_mono.kscl
A Image0/binary/layout/en/photo_mode_09_sepia.kscl
A Image0/binary/layout/en/photo_mode_11_noise.kscl
A Image0/binary/layout/en/photo_mode_12_instant.kscl
A Image0/binary/layout/en/photo_mode_key.kscl
A Image0/binary/layout/en/photo_mode_setting.kscl
A Image0/binary/layout/en/photo_mode_shinrei.kscl
A Image0/binary/layout/en/photo_mode_tegata.kscl
A Image0/binary/layout/en/popup_msg_tv.kscl
A Image0/binary/layout/en/prologue_logo_layout.kscl
A Image0/binary/layout/en/prologue_logo_layout_eu.kscl
A Image0/binary/layout/en/prologue_logo_layout_us.kscl
A Image0/binary/layout/en/res_pic_00.kscl
A Image0/binary/layout/en/res_pic_01.kscl
A Image0/binary/layout/en/res_pic_02.kscl
A Image0/binary/layout/en/res_pic_03.kscl
A Image0/binary/layout/en/res_pic_03_5.kscl
A Image0/binary/layout/en/res_pic_04.kscl
A Image0/binary/layout/en/res_pic_05.kscl
A Image0/binary/layout/en/res_pic_06.kscl
A Image0/binary/layout/en/res_pic_07.kscl
A Image0/binary/layout/en/res_pic_08.kscl
A Image0/binary/layout/en/res_pic_09.kscl
A Image0/binary/layout/en/res_pic_10.kscl
A Image0/binary/layout/en/res_pic_11.kscl
A Image0/binary/layout/en/res_pic_12.kscl
A Image0/binary/layout/en/res_pic_13.kscl
A Image0/binary/layout/en/res_pic_14.kscl
A Image0/binary/layout/en/res_pic_a01.kscl
A Image0/binary/layout/en/res_pic_b01.kscl
A Image0/binary/layout/en/result.kscl
A Image0/binary/layout/en/staff_credit_layout.kscl
A Image0/binary/layout/en/survey_camera_drc.kscl
A Image0/binary/layout/en/survey_camera_tv.kscl
A Image0/binary/layout/en/system_layout.kscl
A Image0/binary/layout/en/template.kscl
A Image0/binary/layout/en/texture_BTN_pad.kscl
A Image0/binary/layout/en/tit_mission_00.kscl
A Image0/binary/layout/en/tit_mission_01.kscl
A Image0/binary/layout/en/tit_mission_02.kscl
A Image0/binary/layout/en/tit_mission_03.kscl
A Image0/binary/layout/en/tit_mission_03_5.kscl
A Image0/binary/layout/en/tit_mission_04.kscl
A Image0/binary/layout/en/tit_mission_05.kscl
A Image0/binary/layout/en/tit_mission_06.kscl
A Image0/binary/layout/en/tit_mission_07.kscl
A Image0/binary/layout/en/tit_mission_08.kscl
A Image0/binary/layout/en/tit_mission_09.kscl
A Image0/binary/layout/en/tit_mission_10.kscl
A Image0/binary/layout/en/tit_mission_11.kscl
A Image0/binary/layout/en/tit_mission_12.kscl
A Image0/binary/layout/en/tit_mission_13.kscl
A Image0/binary/layout/en/tit_mission_14.kscl
A Image0/binary/layout/en/tit_mission_a01.kscl
A Image0/binary/layout/en/tit_mission_a02.kscl
A Image0/binary/layout/en/tit_mission_a03.kscl
A Image0/binary/layout/en/tit_mission_a04.kscl
A Image0/binary/layout/en/title_btn_layout.kscl
A Image0/binary/layout/en/title_layout.kscl
A Image0/binary/layout/en/title_layout_eu.kscl
A Image0/binary/layout/en/title_layout_us.kscl
A Image0/binary/layout/en/title_sample.kscl
A Image0/binary/layout/en/tv_rating_layout.kscl
  Image0/binary/layout/ex_texture/common/title_btn_layout.kslt
A Image0/binary/layout/ex_texture/common/title_layout.kslt
  Image0/binary/layout/ex_texture/photo_mode/S0.kslt
  Image0/binary/layout/ex_texture/photo_mode/S1.kslt
  Image0/binary/layout/ex_texture/photo_mode/S10.kslt
  Image0/binary/layout/ex_texture/photo_mode/S11.kslt
  Image0/binary/layout/ex_texture/photo_mode/S12.kslt
  Image0/binary/layout/ex_texture/photo_mode/S13.kslt
  Image0/binary/layout/ex_texture/photo_mode/S14.kslt
  Image0/binary/layout/ex_texture/photo_mode/S15.kslt
  Image0/binary/layout/ex_texture/photo_mode/S16.kslt
  Image0/binary/layout/ex_texture/photo_mode/S17.kslt
  Image0/binary/layout/ex_texture/photo_mode/S18.kslt
  Image0/binary/layout/ex_texture/photo_mode/S19.kslt
  Image0/binary/layout/ex_texture/photo_mode/S2.kslt
  Image0/binary/layout/ex_texture/photo_mode/S20.kslt
  Image0/binary/layout/ex_texture/photo_mode/S21.kslt
  Image0/binary/layout/ex_texture/photo_mode/S22.kslt
  Image0/binary/layout/ex_texture/photo_mode/S23.kslt
  Image0/binary/layout/ex_texture/photo_mode/S24.kslt
  Image0/binary/layout/ex_texture/photo_mode/S25.kslt
  Image0/binary/layout/ex_texture/photo_mode/S26.kslt
  Image0/binary/layout/ex_texture/photo_mode/S27.kslt
  Image0/binary/layout/ex_texture/photo_mode/S28.kslt
  Image0/binary/layout/ex_texture/photo_mode/S29.kslt
  Image0/binary/layout/ex_texture/photo_mode/S3.kslt
  Image0/binary/layout/ex_texture/photo_mode/S30.kslt
  Image0/binary/layout/ex_texture/photo_mode/S31.kslt
  Image0/binary/layout/ex_texture/photo_mode/S4.kslt
  Image0/binary/layout/ex_texture/photo_mode/S5.kslt
  Image0/binary/layout/ex_texture/photo_mode/S6.kslt
  Image0/binary/layout/ex_texture/photo_mode/S7.kslt
  Image0/binary/layout/ex_texture/photo_mode/S8.kslt
  Image0/binary/layout/ex_texture/photo_mode/S9.kslt
  Image0/binary/layout/ex_texture/photo_mode/WUPP_AL5_char02_1_R_ad.kslt
  Image0/binary/layout/ex_texture/photo_mode/WUPP_AL5_char03_1_R_ad.kslt
  Image0/binary/layout/ex_texture/photo_mode/WUPP_AL5_char04_1_R_ad.kslt
  Image0/binary/layout/ex_texture/photo_mode/WUPP_AL5_char05_1_R_ad.kslt
  Image0/binary/layout/ex_texture/photo_mode/WUPP_AL5_char13_1_R_ad.kslt
  Image0/binary/layout/ex_texture/photo_mode/photo_mode_setting.kslt
  Image0/binary/layout/sc/BOCHI_00.kscl
  Image0/binary/layout/sc/BOCHI_F1_001.kscl
  Image0/binary/layout/sc/BOCHI_F1_002.kscl
  Image0/binary/layout/sc/BOCHI_F1_003.kscl
  Image0/binary/layout/sc/BOCHI_F1_004.kscl
  Image0/binary/layout/sc/BOCHI_F1_005.kscl
  Image0/binary/layout/sc/BOCHI_F1_006.kscl
  Image0/binary/layout/sc/BOCHI_F1_007.kscl
  Image0/binary/layout/sc/BOCHI_F1_008.kscl
  Image0/binary/layout/sc/BOCHI_F1_009.kscl
  Image0/binary/layout/sc/BOCHI_F1_010.kscl
  Image0/binary/layout/sc/BOCHI_F1_011.kscl
  Image0/binary/layout/sc/BOCHI_F1_012.kscl
  Image0/binary/layout/sc/BOCHI_F1_013.kscl
  Image0/binary/layout/sc/BOCHI_F1_014.kscl
  Image0/binary/layout/sc/BOCHI_F1_015.kscl
  Image0/binary/layout/sc/BOCHI_F1_016.kscl
  Image0/binary/layout/sc/BOCHI_F1_017.kscl
  Image0/binary/layout/sc/BOCHI_F1_018.kscl
  Image0/binary/layout/sc/BOCHI_F1_019.kscl
  Image0/binary/layout/sc/BOCHI_F1_020.kscl
  Image0/binary/layout/sc/BOCHI_F1_021.kscl
  Image0/binary/layout/sc/BOCHI_F1_022.kscl
  Image0/binary/layout/sc/CBCAR00_F1_001.kscl
  Image0/binary/layout/sc/CBCAR00_F1_002.kscl
  Image0/binary/layout/sc/CBCAR00_F1_003.kscl
  Image0/binary/layout/sc/CBCAR00_F1_004.kscl
  Image0/binary/layout/sc/CBCAR00_F1_005.kscl
  Image0/binary/layout/sc/CBCAR00_F1_006.kscl
  Image0/binary/layout/sc/CBCAR01_F1_001.kscl
  Image0/binary/layout/sc/CBCAR01_F1_002.kscl
  Image0/binary/layout/sc/CBCAR01_F1_003.kscl
  Image0/binary/layout/sc/CBCAR01_F1_004.kscl
  Image0/binary/layout/sc/CBCAR02_F1_001.kscl
  Image0/binary/layout/sc/CBCAR02_F1_002.kscl
  Image0/binary/layout/sc/CBCAR02_F1_003.kscl
  Image0/binary/layout/sc/CBCAR02_F1_004.kscl
  Image0/binary/layout/sc/CBCAR02_F1_005.kscl
  Image0/binary/layout/sc/CBCAR02_F1_006.kscl
  Image0/binary/layout/sc/CBCAR_00.kscl
  Image0/binary/layout/sc/CBCAR_01.kscl
  Image0/binary/layout/sc/CBCAR_02.kscl
  Image0/binary/layout/sc/CBCAR_main.kscl
  Image0/binary/layout/sc/F01.kscl
  Image0/binary/layout/sc/F02.kscl
  Image0/binary/layout/sc/F03.kscl
  Image0/binary/layout/sc/F04.kscl
  Image0/binary/layout/sc/F05.kscl
  Image0/binary/layout/sc/F06.kscl
  Image0/binary/layout/sc/F07.kscl
  Image0/binary/layout/sc/F08.kscl
  Image0/binary/layout/sc/F09.kscl
  Image0/binary/layout/sc/F10.kscl
  Image0/binary/layout/sc/F100.kscl
  Image0/binary/layout/sc/F101.kscl
  Image0/binary/layout/sc/F11.kscl
  Image0/binary/layout/sc/F12.kscl
  Image0/binary/layout/sc/F13.kscl
  Image0/binary/layout/sc/F14.kscl
  Image0/binary/layout/sc/F15.kscl
  Image0/binary/layout/sc/F16.kscl
  Image0/binary/layout/sc/F17.kscl
  Image0/binary/layout/sc/F18.kscl
  Image0/binary/layout/sc/F19.kscl
  Image0/binary/layout/sc/F20.kscl
  Image0/binary/layout/sc/F21.kscl
  Image0/binary/layout/sc/F22.kscl
  Image0/binary/layout/sc/F23.kscl
  Image0/binary/layout/sc/F24.kscl
  Image0/binary/layout/sc/F25.kscl
  Image0/binary/layout/sc/F26.kscl
  Image0/binary/layout/sc/F27.kscl
  Image0/binary/layout/sc/F28.kscl
  Image0/binary/layout/sc/F29.kscl
  Image0/binary/layout/sc/F30.kscl
  Image0/binary/layout/sc/F31.kscl
  Image0/binary/layout/sc/F32.kscl
  Image0/binary/layout/sc/F33.kscl
  Image0/binary/layout/sc/F34.kscl
  Image0/binary/layout/sc/F35.kscl
  Image0/binary/layout/sc/F36.kscl
  Image0/binary/layout/sc/F37.kscl
  Image0/binary/layout/sc/F38.kscl
  Image0/binary/layout/sc/F39.kscl
  Image0/binary/layout/sc/F40.kscl
  Image0/binary/layout/sc/F41.kscl
  Image0/binary/layout/sc/F42.kscl
  Image0/binary/layout/sc/F43.kscl
  Image0/binary/layout/sc/F44.kscl
  Image0/binary/layout/sc/F45.kscl
  Image0/binary/layout/sc/F46.kscl
  Image0/binary/layout/sc/F47.kscl
  Image0/binary/layout/sc/F48.kscl
  Image0/binary/layout/sc/F49.kscl
  Image0/binary/layout/sc/F50.kscl
  Image0/binary/layout/sc/F51.kscl
  Image0/binary/layout/sc/F52.kscl
  Image0/binary/layout/sc/F53.kscl
  Image0/binary/layout/sc/F54.kscl
  Image0/binary/layout/sc/F55.kscl
  Image0/binary/layout/sc/F56.kscl
  Image0/binary/layout/sc/F57.kscl
  Image0/binary/layout/sc/F58.kscl
  Image0/binary/layout/sc/F59.kscl
  Image0/binary/layout/sc/F60.kscl
  Image0/binary/layout/sc/F61.kscl
  Image0/binary/layout/sc/F62.kscl
  Image0/binary/layout/sc/F63.kscl
  Image0/binary/layout/sc/F64.kscl
  Image0/binary/layout/sc/F65.kscl
  Image0/binary/layout/sc/F66.kscl
  Image0/binary/layout/sc/F67.kscl
  Image0/binary/layout/sc/F68.kscl
  Image0/binary/layout/sc/F69.kscl
  Image0/binary/layout/sc/F70.kscl
  Image0/binary/layout/sc/F71.kscl
  Image0/binary/layout/sc/F72.kscl
  Image0/binary/layout/sc/F73.kscl
  Image0/binary/layout/sc/F74.kscl
  Image0/binary/layout/sc/F75.kscl
  Image0/binary/layout/sc/F76.kscl
  Image0/binary/layout/sc/F77.kscl
  Image0/binary/layout/sc/F77_F78.kscl
  Image0/binary/layout/sc/F78.kscl
  Image0/binary/layout/sc/F79.kscl
  Image0/binary/layout/sc/F80.kscl
  Image0/binary/layout/sc/F81.kscl
  Image0/binary/layout/sc/F82.kscl
  Image0/binary/layout/sc/F83.kscl
  Image0/binary/layout/sc/F84.kscl
  Image0/binary/layout/sc/F85.kscl
  Image0/binary/layout/sc/F86.kscl
  Image0/binary/layout/sc/F87.kscl
  Image0/binary/layout/sc/F88.kscl
  Image0/binary/layout/sc/F88A.kscl
  Image0/binary/layout/sc/F88B.kscl
  Image0/binary/layout/sc/F89.kscl
  Image0/binary/layout/sc/F90.kscl
  Image0/binary/layout/sc/F91.kscl
  Image0/binary/layout/sc/F92.kscl
  Image0/binary/layout/sc/F93.kscl
  Image0/binary/layout/sc/F94.kscl
  Image0/binary/layout/sc/F95.kscl
  Image0/binary/layout/sc/F96.kscl
  Image0/binary/layout/sc/F97.kscl
  Image0/binary/layout/sc/F98.kscl
  Image0/binary/layout/sc/F99.kscl
  Image0/binary/layout/sc/GLIST_BOY_K.kscl
  Image0/binary/layout/sc/GLIST_CRASH_MAN.kscl
  Image0/binary/layout/sc/GLIST_DOLL.kscl
  Image0/binary/layout/sc/GLIST_DOLL2.kscl
  Image0/binary/layout/sc/GLIST_GIRL_G.kscl
  Image0/binary/layout/sc/GLIST_GIRL_K.kscl
  Image0/binary/layout/sc/GLIST_HAKAMORI.kscl
  Image0/binary/layout/sc/GLIST_HAKOME_G.kscl
  Image0/binary/layout/sc/GLIST_HAKOME_K.kscl
  Image0/binary/layout/sc/GLIST_ISAME.kscl
  Image0/binary/layout/sc/GLIST_JISHOU_G.kscl
  Image0/binary/layout/sc/GLIST_JISHOU_K.kscl
  Image0/binary/layout/sc/GLIST_KAGOME.kscl
  Image0/binary/layout/sc/GLIST_KAGOME2.kscl
  Image0/binary/layout/sc/GLIST_KASA_WOMAN.kscl
  Image0/binary/layout/sc/GLIST_KILLER.kscl
  Image0/binary/layout/sc/GLIST_KORO_MIKO.kscl
  Image0/binary/layout/sc/GLIST_KORO_MIKO2.kscl
  Image0/binary/layout/sc/GLIST_KORO_MIKO3.kscl
  Image0/binary/layout/sc/GLIST_KUBITSURI_G.kscl
  Image0/binary/layout/sc/GLIST_KUBITSURI_K.kscl
  Image0/binary/layout/sc/GLIST_MUSUBIME.kscl
  Image0/binary/layout/sc/GLIST_NURE_MIKO.kscl
  Image0/binary/layout/sc/GLIST_OUSE.kscl
  Image0/binary/layout/sc/GLIST_OUSE2.kscl
  Image0/binary/layout/sc/GLIST_SHIRAGIKU.kscl
  Image0/binary/layout/sc/GLIST_TADASUME.kscl
  Image0/binary/layout/sc/GLIST_TALL_WOMAN.kscl
  Image0/binary/layout/sc/GLIST_TOBIORI_G.kscl
  Image0/binary/layout/sc/GLIST_TOBIORI_K.kscl
  Image0/binary/layout/sc/GLIST_TORIKO.kscl
  Image0/binary/layout/sc/GLIST_TORIKO2.kscl
  Image0/binary/layout/sc/GLIST_TORIKO3.kscl
  Image0/binary/layout/sc/GLIST_TORIKO4.kscl
  Image0/binary/layout/sc/GLIST_TORIKO5.kscl
  Image0/binary/layout/sc/GLIST_YOMIBITO.kscl
  Image0/binary/layout/sc/GLIST_YUUKON_G.kscl
  Image0/binary/layout/sc/GLIST_YUUKON_K.kscl
  Image0/binary/layout/sc/HITAN_00.kscl
  Image0/binary/layout/sc/HITAN_F1_001.kscl
  Image0/binary/layout/sc/HITAN_F1_002.kscl
  Image0/binary/layout/sc/HITAN_F1_003.kscl
  Image0/binary/layout/sc/HITAN_F1_004.kscl
  Image0/binary/layout/sc/HITAN_F1_005.kscl
  Image0/binary/layout/sc/HITAN_F1_006.kscl
  Image0/binary/layout/sc/HITAN_F1_007.kscl
  Image0/binary/layout/sc/HITAN_F1_008.kscl
  Image0/binary/layout/sc/HITAN_F1_009.kscl
  Image0/binary/layout/sc/HITAN_F1_010.kscl
  Image0/binary/layout/sc/HITAN_F1_011.kscl
  Image0/binary/layout/sc/HITAN_F1_012.kscl
  Image0/binary/layout/sc/HITAN_F1_013.kscl
  Image0/binary/layout/sc/ITEM_ALBUM.kscl
  Image0/binary/layout/sc/ITEM_CAMERA1.kscl
  Image0/binary/layout/sc/ITEM_CAMERA2.kscl
  Image0/binary/layout/sc/ITEM_CASSETTE_1.kscl
  Image0/binary/layout/sc/ITEM_CASSETTE_2.kscl
  Image0/binary/layout/sc/ITEM_CASSETTE_3.kscl
  Image0/binary/layout/sc/ITEM_DIARY_BLACK.kscl
  Image0/binary/layout/sc/ITEM_DIARY_NORMAL.kscl
  Image0/binary/layout/sc/ITEM_DIARY_OUSE.kscl
  Image0/binary/layout/sc/ITEM_DIARY_SHIRAGIKU.kscl
  Image0/binary/layout/sc/ITEM_DIARY_WHITE.kscl
  Image0/binary/layout/sc/ITEM_DIARY_YUURI.kscl
  Image0/binary/layout/sc/ITEM_DOLL_NEW_1.kscl
  Image0/binary/layout/sc/ITEM_DOLL_OLD_1.kscl
  Image0/binary/layout/sc/ITEM_ENBELOPE_L.kscl
  Image0/binary/layout/sc/ITEM_ENBELOPE_S.kscl
  Image0/binary/layout/sc/ITEM_FILE_1.kscl
  Image0/binary/layout/sc/ITEM_FILM_07.kscl
  Image0/binary/layout/sc/ITEM_FILM_14.kscl
  Image0/binary/layout/sc/ITEM_FILM_61.kscl
  Image0/binary/layout/sc/ITEM_FILM_90.kscl
  Image0/binary/layout/sc/ITEM_FILM_Z.kscl
  Image0/binary/layout/sc/ITEM_FLASHLIGHT.kscl
  Image0/binary/layout/sc/ITEM_GOSHIN_F.kscl
  Image0/binary/layout/sc/ITEM_HANDBOOK.kscl
  Image0/binary/layout/sc/ITEM_HEIR.kscl
  Image0/binary/layout/sc/ITEM_HISOKA_SCENT.kscl
  Image0/binary/layout/sc/ITEM_KAGAMI.kscl
  Image0/binary/layout/sc/ITEM_KEY_HITOANA_1.kscl
  Image0/binary/layout/sc/ITEM_KEY_HITOANA_2.kscl
  Image0/binary/layout/sc/ITEM_KEY_KOUYA_1.kscl
  Image0/binary/layout/sc/ITEM_KEY_KOUYA_2.kscl
  Image0/binary/layout/sc/ITEM_KEY_KOUYA_3A.kscl
  Image0/binary/layout/sc/ITEM_KEY_KOUYA_3B.kscl
  Image0/binary/layout/sc/ITEM_KEY_KOUYA_4.kscl
  Image0/binary/layout/sc/ITEM_KEY_MILLER.kscl
  Image0/binary/layout/sc/ITEM_KEY_NEW_1.kscl
  Image0/binary/layout/sc/ITEM_KEY_NEW_2.kscl
  Image0/binary/layout/sc/ITEM_KEY_NEW_3.kscl
  Image0/binary/layout/sc/ITEM_KEY_SMALL_1.kscl
  Image0/binary/layout/sc/ITEM_LAMP.kscl
  Image0/binary/layout/sc/ITEM_LENS.kscl
  Image0/binary/layout/sc/ITEM_MANYOU.kscl
  Image0/binary/layout/sc/ITEM_MEMO_HISOKA.kscl
  Image0/binary/layout/sc/ITEM_MEMO_REN.kscl
  Image0/binary/layout/sc/ITEM_MEMO_RUI.kscl
  Image0/binary/layout/sc/ITEM_MEMO_VIDEO.kscl
  Image0/binary/layout/sc/ITEM_NOTEBOOK_OLD.kscl
  Image0/binary/layout/sc/ITEM_OLDBOOK_1.kscl
  Image0/binary/layout/sc/ITEM_OLDBOOK_2.kscl
  Image0/binary/layout/sc/ITEM_OLDBOOK_3.kscl
  Image0/binary/layout/sc/ITEM_ONIBIDOLL.kscl
  Image0/binary/layout/sc/ITEM_PAMPHLET.kscl
  Image0/binary/layout/sc/ITEM_PAPER_WET.kscl
  Image0/binary/layout/sc/ITEM_PHOTO_DEADGIRL.kscl
  Image0/binary/layout/sc/ITEM_PHOTO_FUTARI.kscl
  Image0/binary/layout/sc/ITEM_PHOTO_HARUKA.kscl
  Image0/binary/layout/sc/ITEM_PHOTO_HINT_13A_1.kscl
  Image0/binary/layout/sc/ITEM_PHOTO_HINT_14A_1.kscl
  Image0/binary/layout/sc/ITEM_PHOTO_HINT_15A_1.kscl
  Image0/binary/layout/sc/ITEM_PHOTO_HINT_17B_1.kscl
  Image0/binary/layout/sc/ITEM_PHOTO_HINT_17B_2.kscl
  Image0/binary/layout/sc/ITEM_PHOTO_HINT_17B_3.kscl
  Image0/binary/layout/sc/ITEM_PHOTO_HINT_17B_4.kscl
  Image0/binary/layout/sc/ITEM_PHOTO_HINT_17B_5.kscl
  Image0/binary/layout/sc/ITEM_PHOTO_HINT_17B_6.kscl
  Image0/binary/layout/sc/ITEM_PHOTO_HINT_17D_1.kscl
  Image0/binary/layout/sc/ITEM_PHOTO_HINT_2A_1.kscl
  Image0/binary/layout/sc/ITEM_PHOTO_HINT_2A_2.kscl
  Image0/binary/layout/sc/ITEM_PHOTO_HINT_4A_1.kscl
  Image0/binary/layout/sc/ITEM_PHOTO_HINT_5A_1.kscl
  Image0/binary/layout/sc/ITEM_PHOTO_HINT_6A_1.kscl
  Image0/binary/layout/sc/ITEM_PHOTO_HINT_6A_2.kscl
  Image0/binary/layout/sc/ITEM_PHOTO_HINT_7A_1.kscl
  Image0/binary/layout/sc/ITEM_PHOTO_HINT_7A_2.kscl
  Image0/binary/layout/sc/ITEM_PHOTO_HINT_7A_3.kscl
  Image0/binary/layout/sc/ITEM_PHOTO_HINT_7A_4.kscl
  Image0/binary/layout/sc/ITEM_PHOTO_HINT_8A_1.kscl
  Image0/binary/layout/sc/ITEM_PHOTO_HINT_9A_1.kscl
  Image0/binary/layout/sc/ITEM_PHOTO_HINT_9A_2.kscl
  Image0/binary/layout/sc/ITEM_PHOTO_HINT_9A_3.kscl
  Image0/binary/layout/sc/ITEM_PHOTO_HINT_9A_4.kscl
  Image0/binary/layout/sc/ITEM_PHOTO_HINT_9A_5.kscl
  Image0/binary/layout/sc/ITEM_PHOTO_MIKU1.kscl
  Image0/binary/layout/sc/ITEM_PHOTO_MIKU2.kscl
  Image0/binary/layout/sc/ITEM_PHOTO_MIU.kscl
  Image0/binary/layout/sc/ITEM_PHOTO_OUSE.kscl
  Image0/binary/layout/sc/ITEM_PHOTO_OUSE_1.kscl
  Image0/binary/layout/sc/ITEM_PHOTO_OUSE_2.kscl
  Image0/binary/layout/sc/ITEM_PHOTO_SAKAKI.kscl
  Image0/binary/layout/sc/ITEM_PHOTO_TOMURAI.kscl
  Image0/binary/layout/sc/ITEM_PHOTO_TSUMUGI.kscl
  Image0/binary/layout/sc/ITEM_PHOTO_YURI.kscl
  Image0/binary/layout/sc/ITEM_POWERUP.kscl
  Image0/binary/layout/sc/ITEM_REISEKI.kscl
  Image0/binary/layout/sc/ITEM_SUMI.kscl
  Image0/binary/layout/sc/ITEM_VIDEO_1.kscl
  Image0/binary/layout/sc/JYUKA_00.kscl
  Image0/binary/layout/sc/JYUKA_F1_001.kscl
  Image0/binary/layout/sc/JYUKA_F1_002.kscl
  Image0/binary/layout/sc/JYUKA_F1_003.kscl
  Image0/binary/layout/sc/JYUKA_F1_004.kscl
  Image0/binary/layout/sc/JYUKA_F1_005.kscl
  Image0/binary/layout/sc/JYUKA_F1_006.kscl
  Image0/binary/layout/sc/JYUKA_F1_007.kscl
  Image0/binary/layout/sc/JYUKA_F1_008.kscl
  Image0/binary/layout/sc/JYUKA_F1_009.kscl
  Image0/binary/layout/sc/JYUKA_F1_010.kscl
  Image0/binary/layout/sc/JYUKA_F1_011.kscl
  Image0/binary/layout/sc/JYUKA_F1_012.kscl
  Image0/binary/layout/sc/JYUKA_F1_013.kscl
  Image0/binary/layout/sc/JYUKA_F1_014.kscl
  Image0/binary/layout/sc/JYUKA_F1_015.kscl
  Image0/binary/layout/sc/JYUKA_F1_016.kscl
  Image0/binary/layout/sc/JYUKA_F1_017.kscl
  Image0/binary/layout/sc/JYUKA_F1_018.kscl
  Image0/binary/layout/sc/JYUKA_F1_019.kscl
  Image0/binary/layout/sc/JYUKA_F1_020.kscl
  Image0/binary/layout/sc/JYUKA_F1_021.kscl
  Image0/binary/layout/sc/JYUKA_F1_022.kscl
  Image0/binary/layout/sc/JYUKA_F1_023.kscl
  Image0/binary/layout/sc/JYUKA_F1_024.kscl
  Image0/binary/layout/sc/JYUKA_F1_025.kscl
  Image0/binary/layout/sc/JYUKA_F1_026.kscl
  Image0/binary/layout/sc/JYUKA_F1_027.kscl
  Image0/binary/layout/sc/JYUKA_F1_028.kscl
  Image0/binary/layout/sc/JYUKA_F1_029.kscl
  Image0/binary/layout/sc/JYUKA_F1_030.kscl
  Image0/binary/layout/sc/JYUKA_F1_031.kscl
  Image0/binary/layout/sc/JYUKA_F1_032.kscl
  Image0/binary/layout/sc/JYUKA_F1_033.kscl
  Image0/binary/layout/sc/JYUKA_F1_034.kscl
  Image0/binary/layout/sc/JYUKA_F1_035.kscl
  Image0/binary/layout/sc/JYUKA_F1_036.kscl
  Image0/binary/layout/sc/JYUKA_F1_037.kscl
  Image0/binary/layout/sc/JYUKA_F1_038.kscl
  Image0/binary/layout/sc/JYUKA_F1_039.kscl
  Image0/binary/layout/sc/JYUKA_F1_040.kscl
  Image0/binary/layout/sc/JYUKA_F1_041.kscl
  Image0/binary/layout/sc/JYUKA_F1_042.kscl
  Image0/binary/layout/sc/JYUKA_F1_043.kscl
  Image0/binary/layout/sc/JYUKA_F1_044.kscl
  Image0/binary/layout/sc/JYUKA_F1_045.kscl
  Image0/binary/layout/sc/JYUKA_F1_046.kscl
  Image0/binary/layout/sc/JYUKA_F1_047.kscl
  Image0/binary/layout/sc/JYUKA_F1_048.kscl
  Image0/binary/layout/sc/JYUKA_F1_049.kscl
  Image0/binary/layout/sc/JYUKA_F1_050.kscl
  Image0/binary/layout/sc/JYUKA_F1_051.kscl
  Image0/binary/layout/sc/JYUKA_F1_052.kscl
  Image0/binary/layout/sc/JYUKA_F1_053.kscl
  Image0/binary/layout/sc/JYUKA_F1_054.kscl
  Image0/binary/layout/sc/JYUKA_F1_055.kscl
  Image0/binary/layout/sc/JYUKA_F2_056.kscl
  Image0/binary/layout/sc/JYUKA_F2_057.kscl
  Image0/binary/layout/sc/JYUKA_F2_058.kscl
  Image0/binary/layout/sc/JYUKA_F2_059.kscl
  Image0/binary/layout/sc/JYUKA_F2_060.kscl
  Image0/binary/layout/sc/JYUKA_F2_061.kscl
  Image0/binary/layout/sc/JYUKA_F2_062.kscl
  Image0/binary/layout/sc/JYUKA_F2_063.kscl
  Image0/binary/layout/sc/JYUKA_F2_064.kscl
  Image0/binary/layout/sc/JYUKA_F2_065.kscl
  Image0/binary/layout/sc/JYUKA_F2_066.kscl
  Image0/binary/layout/sc/JYUKA_F2_067.kscl
  Image0/binary/layout/sc/JYUKA_F2_068.kscl
  Image0/binary/layout/sc/JYUKA_F2_069.kscl
  Image0/binary/layout/sc/JYUKA_F2_070.kscl
  Image0/binary/layout/sc/JYUKA_F2_071.kscl
  Image0/binary/layout/sc/JYUKA_F2_072.kscl
  Image0/binary/layout/sc/JYUKA_F2_073.kscl
  Image0/binary/layout/sc/JYUKA_F2_074.kscl
  Image0/binary/layout/sc/JYUKA_F2_075.kscl
  Image0/binary/layout/sc/JYUKA_F2_076.kscl
  Image0/binary/layout/sc/JYUKA_F2_077.kscl
  Image0/binary/layout/sc/JYUKA_F2_078.kscl
  Image0/binary/layout/sc/JYUKA_F2_079.kscl
  Image0/binary/layout/sc/JYUKA_F2_080.kscl
  Image0/binary/layout/sc/JYUKA_F2_081.kscl
  Image0/binary/layout/sc/JYUKA_F3_059.kscl
  Image0/binary/layout/sc/JYUKA_F3_075.kscl
  Image0/binary/layout/sc/JYUKA_F3_075.tga.kscl
  Image0/binary/layout/sc/JYUKA_F3_083.kscl
  Image0/binary/layout/sc/JYUKA_F3_083.tga.kscl
  Image0/binary/layout/sc/JYUKA_F3_084.kscl
  Image0/binary/layout/sc/JYUKA_F3_085.kscl
  Image0/binary/layout/sc/JYUKA_F3_086.kscl
  Image0/binary/layout/sc/JYUKA_F3_087.kscl
  Image0/binary/layout/sc/JYUKA_F3_088.kscl
  Image0/binary/layout/sc/JYUKA_F3_089.kscl
  Image0/binary/layout/sc/JYUKA_F3_090.kscl
  Image0/binary/layout/sc/JYUKA_F3_091.kscl
  Image0/binary/layout/sc/JYUKA_F3_092.kscl
  Image0/binary/layout/sc/JYUKA_F3_093.kscl
  Image0/binary/layout/sc/JYUKA_F4_094.kscl
  Image0/binary/layout/sc/JYUKA_F4_095.kscl
  Image0/binary/layout/sc/JYUKA_F4_096.kscl
  Image0/binary/layout/sc/JYUKA_F4_097.kscl
  Image0/binary/layout/sc/JYUKA_F4_098.kscl
  Image0/binary/layout/sc/JYUKA_F4_099.kscl
  Image0/binary/layout/sc/JYUKA_F4_100.kscl
  Image0/binary/layout/sc/JYUKA_F4_101.kscl
  Image0/binary/layout/sc/JYUKA_F4_102.kscl
  Image0/binary/layout/sc/JYUKA_F5_098.kscl
  Image0/binary/layout/sc/JYUKA_F5_102.kscl
  Image0/binary/layout/sc/JYUKA_F5_103.kscl
  Image0/binary/layout/sc/JYUKA_F5_104.kscl
  Image0/binary/layout/sc/JYUKA_F5_105.kscl
  Image0/binary/layout/sc/JYUKA_F5_106.kscl
  Image0/binary/layout/sc/KOTTO_00.kscl
  Image0/binary/layout/sc/KOTTO_01.kscl
  Image0/binary/layout/sc/KOTTO_F1_001.kscl
  Image0/binary/layout/sc/KOTTO_F1_002.kscl
  Image0/binary/layout/sc/KOTTO_F1_004.kscl
  Image0/binary/layout/sc/KOTTO_F1_005.kscl
  Image0/binary/layout/sc/KOTTO_F1_006.kscl
  Image0/binary/layout/sc/KOTTO_F1_008.kscl
  Image0/binary/layout/sc/KOTTO_F1_009.kscl
  Image0/binary/layout/sc/KOTTO_F2_009.kscl
  Image0/binary/layout/sc/KOTTO_F2_010.kscl
  Image0/binary/layout/sc/KOTTO_F2_011.kscl
  Image0/binary/layout/sc/KOTTO_F2_012.kscl
  Image0/binary/layout/sc/KOTTO_F2_013.kscl
  Image0/binary/layout/sc/KOTTO_F2_014.kscl
  Image0/binary/layout/sc/KOYAS_1F_00.kscl
  Image0/binary/layout/sc/KOYAS_B1_00.kscl
  Image0/binary/layout/sc/KOYAS_F1_001.kscl
  Image0/binary/layout/sc/KOYAS_F1_002.kscl
  Image0/binary/layout/sc/KOYAS_F1_003.kscl
  Image0/binary/layout/sc/KOYAS_F1_004.kscl
  Image0/binary/layout/sc/KOYAS_F1_005.kscl
  Image0/binary/layout/sc/KOYAS_F1_006.kscl
  Image0/binary/layout/sc/KOYAS_F1_007.kscl
  Image0/binary/layout/sc/KOYAS_F1_008.kscl
  Image0/binary/layout/sc/KOYAS_F1_009.kscl
  Image0/binary/layout/sc/KOYAS_F1_075.kscl
  Image0/binary/layout/sc/KOYAS_F2_009.kscl
  Image0/binary/layout/sc/KOYAS_F2_010.kscl
  Image0/binary/layout/sc/KOYAS_F2_011.kscl
  Image0/binary/layout/sc/KOYAS_F2_012.kscl
  Image0/binary/layout/sc/KOYAS_F2_013.kscl
  Image0/binary/layout/sc/KOYAS_F2_014.kscl
  Image0/binary/layout/sc/KOYAS_F2_015.kscl
  Image0/binary/layout/sc/KOYAS_F2_016.kscl
  Image0/binary/layout/sc/KOYAS_F2_017.kscl
  Image0/binary/layout/sc/KOYAS_F2_018.kscl
  Image0/binary/layout/sc/KOYAS_F2_019.kscl
  Image0/binary/layout/sc/KOYAS_F2_020.kscl
  Image0/binary/layout/sc/KOYAS_F2_021.kscl
  Image0/binary/layout/sc/KOYAS_F2_022.kscl
  Image0/binary/layout/sc/KOYAS_F2_023.kscl
  Image0/binary/layout/sc/KOYAS_F2_024.kscl
  Image0/binary/layout/sc/KOYAS_F2_025.kscl
  Image0/binary/layout/sc/KOYAS_F2_026.kscl
  Image0/binary/layout/sc/KOYAS_F2_027.kscl
  Image0/binary/layout/sc/KOYAS_F2_028.kscl
  Image0/binary/layout/sc/KOYAS_F2_029.kscl
  Image0/binary/layout/sc/KOYAS_F2_030.kscl
  Image0/binary/layout/sc/KOYAS_F2_031.kscl
  Image0/binary/layout/sc/KOYAS_F2_032.kscl
  Image0/binary/layout/sc/KOYAS_F2_033.kscl
  Image0/binary/layout/sc/KOYAS_F2_034.kscl
  Image0/binary/layout/sc/KOYAS_F2_035.kscl
  Image0/binary/layout/sc/KOYAS_F2_036.kscl
  Image0/binary/layout/sc/KOYAS_F2_037.kscl
  Image0/binary/layout/sc/KOYAS_F2_038.kscl
  Image0/binary/layout/sc/KOYAS_F3_013.kscl
  Image0/binary/layout/sc/KOYAS_F3_015.kscl
  Image0/binary/layout/sc/KOYAS_F3_023.kscl
  Image0/binary/layout/sc/KOYAS_F3_033.kscl
  Image0/binary/layout/sc/KOYAS_F3_036.kscl
  Image0/binary/layout/sc/KOYAS_F3_039.kscl
  Image0/binary/layout/sc/KOYAS_F3_040.kscl
  Image0/binary/layout/sc/KOYAS_F3_041.kscl
  Image0/binary/layout/sc/KOYAS_F3_042.kscl
  Image0/binary/layout/sc/KOYAS_F3_043.kscl
  Image0/binary/layout/sc/KOYAS_F3_044.kscl
  Image0/binary/layout/sc/KOYAS_F3_045.kscl
  Image0/binary/layout/sc/KOYAS_F3_046.kscl
  Image0/binary/layout/sc/KOYAS_F3_047.kscl
  Image0/binary/layout/sc/KOYAS_F3_048.kscl
  Image0/binary/layout/sc/KOYAS_F3_049.kscl
  Image0/binary/layout/sc/KOYAS_F3_050.kscl
  Image0/binary/layout/sc/KOYAS_F3_051.kscl
  Image0/binary/layout/sc/KOYAS_F3_052.kscl
  Image0/binary/layout/sc/KOYAS_F3_053.kscl
  Image0/binary/layout/sc/KOYAS_F3_054.kscl
  Image0/binary/layout/sc/KOYAS_F3_055.kscl
  Image0/binary/layout/sc/KOYAS_F3_056.kscl
  Image0/binary/layout/sc/KOYAS_F3_057.kscl
  Image0/binary/layout/sc/KOYAS_F3_058.kscl
  Image0/binary/layout/sc/KOYAS_F3_059.kscl
  Image0/binary/layout/sc/KOYAS_F3_060.kscl
  Image0/binary/layout/sc/KOYAS_F3_061.kscl
  Image0/binary/layout/sc/KOYAS_F3_062.kscl
  Image0/binary/layout/sc/KOYAS_F3_063.kscl
  Image0/binary/layout/sc/KOYAS_F3_064.kscl
  Image0/binary/layout/sc/KOYAS_F3_065.kscl
  Image0/binary/layout/sc/KOYAS_F3_066.kscl
  Image0/binary/layout/sc/KOYAS_F3_067.kscl
  Image0/binary/layout/sc/KOYAS_F3_068.kscl
  Image0/binary/layout/sc/KOYAS_F3_069.kscl
  Image0/binary/layout/sc/KOYAS_F3_070.kscl
  Image0/binary/layout/sc/KOYAS_F3_071.kscl
  Image0/binary/layout/sc/KOYAS_F3_072.kscl
  Image0/binary/layout/sc/KOYAS_F3_073.kscl
  Image0/binary/layout/sc/KOYAS_F3_074.kscl
  Image0/binary/layout/sc/MAP_detailed_layout_01.kscl
  Image0/binary/layout/sc/MAP_detailed_layout_02.kscl
  Image0/binary/layout/sc/MAP_dummy_layout.kscl
  Image0/binary/layout/sc/MOV_EV1705_ICON.kscl
  Image0/binary/layout/sc/MOV_EV1708_ICON.kscl
  Image0/binary/layout/sc/MOV_EV1709_ICON.kscl
  Image0/binary/layout/sc/MOV_EV1711_ICON.kscl
  Image0/binary/layout/sc/MOV_EV1713_ICON.kscl
  Image0/binary/layout/sc/MOV_EV1714_ICON.kscl
  Image0/binary/layout/sc/MOV_EV9011_ICON.kscl
  Image0/binary/layout/sc/MOV_EV9012_ICON.kscl
  Image0/binary/layout/sc/MOV_EV9013_ICON.kscl
  Image0/binary/layout/sc/MOV_EV9014_ICON.kscl
  Image0/binary/layout/sc/MOV_EV9015_ICON.kscl
  Image0/binary/layout/sc/MOV_EV9016_ICON.kscl
  Image0/binary/layout/sc/MOV_EV9017_ICON.kscl
  Image0/binary/layout/sc/MOV_EV9021_ICON.kscl
  Image0/binary/layout/sc/MOV_EV9022_ICON.kscl
  Image0/binary/layout/sc/MOV_EV9023_ICON.kscl
  Image0/binary/layout/sc/MOV_EV9024_ICON.kscl
  Image0/binary/layout/sc/MOV_EV9041_ICON.kscl
  Image0/binary/layout/sc/MOV_EV9042_ICON.kscl
  Image0/binary/layout/sc/MOV_EV9051_ICON.kscl
  Image0/binary/layout/sc/MOV_EV9052_ICON.kscl
  Image0/binary/layout/sc/MOV_EV9053_ICON.kscl
  Image0/binary/layout/sc/MOV_EV9054_ICON.kscl
  Image0/binary/layout/sc/MOV_EV9061_ICON.kscl
  Image0/binary/layout/sc/MOV_EV9071_ICON.kscl
  Image0/binary/layout/sc/MOV_EV9091_ICON.kscl
  Image0/binary/layout/sc/MOV_EV9101_ICON.kscl
  Image0/binary/layout/sc/MOV_EV9111_ICON.kscl
  Image0/binary/layout/sc/MOV_EV9121_ICON.kscl
  Image0/binary/layout/sc/MOV_EV9131_ICON.kscl
  Image0/binary/layout/sc/MOV_EV9141_ICON.kscl
  Image0/binary/layout/sc/MOV_EV9151_ICON.kscl
  Image0/binary/layout/sc/MOV_EV9161_ICON.kscl
  Image0/binary/layout/sc/MOV_EV9171_ICON.kscl
  Image0/binary/layout/sc/MOV_EV9181_ICON.kscl
  Image0/binary/layout/sc/MOV_EV9211_ICON.kscl
  Image0/binary/layout/sc/MOV_EV9221_ICON.kscl
  Image0/binary/layout/sc/MOV_EV9231_ICON.kscl
  Image0/binary/layout/sc/MOV_EV9241_ICON.kscl
  Image0/binary/layout/sc/MOV_EV9251_ICON.kscl
  Image0/binary/layout/sc/MOV_EV9261_ICON.kscl
  Image0/binary/layout/sc/MOV_EV9271_ICON.kscl
  Image0/binary/layout/sc/MOV_EV9272_ICON.kscl
  Image0/binary/layout/sc/MOV_EV9281_ICON.kscl
  Image0/binary/layout/sc/MOV_EV9301_ICON.kscl
  Image0/binary/layout/sc/MOV_EV9311_ICON.kscl
  Image0/binary/layout/sc/MOV_EV9321_ICON.kscl
  Image0/binary/layout/sc/MOV_EV9322_ICON.kscl
  Image0/binary/layout/sc/MOV_EV9323_ICON.kscl
  Image0/binary/layout/sc/MOV_EV9331_ICON.kscl
  Image0/binary/layout/sc/MOV_EV9332_ICON.kscl
  Image0/binary/layout/sc/MOV_EV9341_ICON.kscl
  Image0/binary/layout/sc/MOV_EV9342_ICON.kscl
  Image0/binary/layout/sc/MOV_EV9351_ICON.kscl
  Image0/binary/layout/sc/MOV_EV9361_ICON.kscl
  Image0/binary/layout/sc/MOV_EV9371_ICON.kscl
  Image0/binary/layout/sc/MOV_EV9381_ICON.kscl
  Image0/binary/layout/sc/MOV_EV9431_ICON.kscl
  Image0/binary/layout/sc/MOV_EV9451_ICON.kscl
  Image0/binary/layout/sc/MYIGL_01.kscl
  Image0/binary/layout/sc/MYIGL_02.kscl
  Image0/binary/layout/sc/MYIGL_F1_001.kscl
  Image0/binary/layout/sc/MYIGL_F1_002.kscl
  Image0/binary/layout/sc/MYIGL_F1_003.kscl
  Image0/binary/layout/sc/MYIGL_F1_004.kscl
  Image0/binary/layout/sc/MYIGL_F1_005.kscl
  Image0/binary/layout/sc/MYIGL_F1_006.kscl
  Image0/binary/layout/sc/MYIGL_F1_007.kscl
  Image0/binary/layout/sc/MYIGL_F1_008.kscl
  Image0/binary/layout/sc/MYIGL_F1_009.kscl
  Image0/binary/layout/sc/MYIGL_F1_010.kscl
  Image0/binary/layout/sc/MYIGL_F1_011.kscl
  Image0/binary/layout/sc/MYIGL_F1_012.kscl
  Image0/binary/layout/sc/MYIGL_F1_013.kscl
  Image0/binary/layout/sc/MYIGL_F1_014.kscl
  Image0/binary/layout/sc/MYIGL_F1_015.kscl
  Image0/binary/layout/sc/MYIGL_F2_006.kscl
  Image0/binary/layout/sc/MYIGL_F2_009.kscl
  Image0/binary/layout/sc/MYIGL_F2_016.kscl
  Image0/binary/layout/sc/MYIGL_F2_017.kscl
  Image0/binary/layout/sc/MYIGL_F2_018.kscl
  Image0/binary/layout/sc/MYIGM_01.kscl
  Image0/binary/layout/sc/MYIGM_02.kscl
  Image0/binary/layout/sc/MYIGM_F1_001.kscl
  Image0/binary/layout/sc/MYIGM_F1_002.kscl
  Image0/binary/layout/sc/MYIGM_F1_003.kscl
  Image0/binary/layout/sc/MYIGM_F1_004.kscl
  Image0/binary/layout/sc/MYIGM_F1_005.kscl
  Image0/binary/layout/sc/MYIGM_F1_006.kscl
  Image0/binary/layout/sc/MYIGM_F1_007.kscl
  Image0/binary/layout/sc/MYIGM_F1_008.kscl
  Image0/binary/layout/sc/MYIGM_F1_009.kscl
  Image0/binary/layout/sc/MYIGM_F1_010.kscl
  Image0/binary/layout/sc/MYIGM_F1_011.kscl
  Image0/binary/layout/sc/MYIGM_F1_012.kscl
  Image0/binary/layout/sc/MYIGM_F1_013.kscl
  Image0/binary/layout/sc/MYIGM_F1_014.kscl
  Image0/binary/layout/sc/MYIGM_F2_004.kscl
  Image0/binary/layout/sc/MYIGM_F2_009.kscl
  Image0/binary/layout/sc/MYIGM_F2_015.kscl
  Image0/binary/layout/sc/MYIGM_F2_016.kscl
  Image0/binary/layout/sc/MYIGM_F2_017.kscl
  Image0/binary/layout/sc/MYIGM_F2_018.kscl
  Image0/binary/layout/sc/MYIGM_F2_019.kscl
  Image0/binary/layout/sc/MYIGM_F2_020.kscl
  Image0/binary/layout/sc/MYIGM_F2_021.kscl
  Image0/binary/layout/sc/MYIGM_F2_022.kscl
  Image0/binary/layout/sc/MYIGS_01.kscl
  Image0/binary/layout/sc/MYIGS_02.kscl
  Image0/binary/layout/sc/NINGY_01.kscl
  Image0/binary/layout/sc/NINGY_02.kscl
  Image0/binary/layout/sc/OIRAN_00.kscl
  Image0/binary/layout/sc/OIRAN_F1_001.kscl
  Image0/binary/layout/sc/OIRAN_F1_002.kscl
  Image0/binary/layout/sc/OIRAN_F1_003.kscl
  Image0/binary/layout/sc/OIRAN_F1_004.kscl
  Image0/binary/layout/sc/OIRAN_F1_005.kscl
  Image0/binary/layout/sc/OIRAN_F1_006.kscl
  Image0/binary/layout/sc/OIRAN_F1_007.kscl
  Image0/binary/layout/sc/OIRAN_F1_008.kscl
  Image0/binary/layout/sc/OIRAN_F1_009.kscl
  Image0/binary/layout/sc/OIRAN_F1_010.kscl
  Image0/binary/layout/sc/OIRAN_F1_011.kscl
  Image0/binary/layout/sc/OIRAN_F1_012.kscl
  Image0/binary/layout/sc/OIRAN_F1_013.kscl
  Image0/binary/layout/sc/OIRAN_F1_014.kscl
  Image0/binary/layout/sc/OIRAN_F1_015.kscl
  Image0/binary/layout/sc/OIRAN_F1_016.kscl
  Image0/binary/layout/sc/OIRAN_F1_017.kscl
  Image0/binary/layout/sc/OIRAN_F1_018.kscl
  Image0/binary/layout/sc/OIRAN_F1_019.kscl
  Image0/binary/layout/sc/OSORE_00.kscl
  Image0/binary/layout/sc/OSORE_F1_001.kscl
  Image0/binary/layout/sc/OSORE_F1_002.kscl
  Image0/binary/layout/sc/OSORE_F1_003.kscl
  Image0/binary/layout/sc/OSORE_F1_004.kscl
  Image0/binary/layout/sc/OSORE_F1_005.kscl
  Image0/binary/layout/sc/OSORE_F1_006.kscl
  Image0/binary/layout/sc/OSORE_F1_007.kscl
  Image0/binary/layout/sc/OSORE_F1_008.kscl
  Image0/binary/layout/sc/OSORE_F1_009.kscl
  Image0/binary/layout/sc/OSORE_F1_010.kscl
  Image0/binary/layout/sc/OSORE_F1_011.kscl
  Image0/binary/layout/sc/OSORE_F1_012.kscl
  Image0/binary/layout/sc/OSORE_F1_013.kscl
  Image0/binary/layout/sc/OSORE_F1_014.kscl
  Image0/binary/layout/sc/OSORE_F1_015.kscl
  Image0/binary/layout/sc/OSORE_F1_016.kscl
  Image0/binary/layout/sc/RENNO_00.kscl
  Image0/binary/layout/sc/RENNO_F1_001.kscl
  Image0/binary/layout/sc/RYOKA_1F_00.kscl
  Image0/binary/layout/sc/RYOKA_2F_00.kscl
  Image0/binary/layout/sc/RYOKA_3F_00.kscl
  Image0/binary/layout/sc/RYOKA_F1_001.kscl
  Image0/binary/layout/sc/RYOKA_F1_002.kscl
  Image0/binary/layout/sc/RYOKA_F1_003.kscl
  Image0/binary/layout/sc/RYOKA_F1_004.kscl
  Image0/binary/layout/sc/RYOKA_F1_005.kscl
  Image0/binary/layout/sc/RYOKA_F1_006.kscl
  Image0/binary/layout/sc/RYOKA_F1_007.kscl
  Image0/binary/layout/sc/RYOKA_F1_008.kscl
  Image0/binary/layout/sc/RYOKA_F1_009.kscl
  Image0/binary/layout/sc/RYOKA_F1_010.kscl
  Image0/binary/layout/sc/RYOKA_F1_011.kscl
  Image0/binary/layout/sc/RYOKA_F1_012.kscl
  Image0/binary/layout/sc/RYOKA_F1_013.kscl
  Image0/binary/layout/sc/RYOKA_F1_014.kscl
  Image0/binary/layout/sc/RYOKA_F1_015.kscl
  Image0/binary/layout/sc/RYOKA_F1_016.kscl
  Image0/binary/layout/sc/RYOKA_F1_017.kscl
  Image0/binary/layout/sc/RYOKA_F1_018.kscl
  Image0/binary/layout/sc/RYOKA_F2_012.kscl
  Image0/binary/layout/sc/RYOKA_F2_019.kscl
  Image0/binary/layout/sc/RYOKA_F2_020.kscl
  Image0/binary/layout/sc/RYOKA_F2_021.kscl
  Image0/binary/layout/sc/RYOKA_F2_022.kscl
  Image0/binary/layout/sc/RYOKA_F2_023.kscl
  Image0/binary/layout/sc/RYOKA_F2_024.kscl
  Image0/binary/layout/sc/RYOKA_F2_025.kscl
  Image0/binary/layout/sc/RYOKA_F3_025.kscl
  Image0/binary/layout/sc/RYOKA_F3_026.kscl
  Image0/binary/layout/sc/RYOKA_F3_027.kscl
  Image0/binary/layout/sc/RYOKA_F3_028.kscl
  Image0/binary/layout/sc/RYOKA_F3_029.kscl
  Image0/binary/layout/sc/RYOKA_F3_030.kscl
  Image0/binary/layout/sc/RYOKA_F3_031.kscl
  Image0/binary/layout/sc/SUIJO_F1_001.kscl
  Image0/binary/layout/sc/SUIJO_F1_002.kscl
  Image0/binary/layout/sc/SUIJO_F1_003.kscl
  Image0/binary/layout/sc/SUIJO_F1_004.kscl
  Image0/binary/layout/sc/SUIJO_F1_005.kscl
  Image0/binary/layout/sc/SUIJO_F1_006.kscl
  Image0/binary/layout/sc/SUIJO_F1_007.kscl
  Image0/binary/layout/sc/SUIJO_F1_008.kscl
  Image0/binary/layout/sc/SUIJO_F1_009.kscl
  Image0/binary/layout/sc/SUIJO_F1_010.kscl
  Image0/binary/layout/sc/SUIJO_F1_011.kscl
  Image0/binary/layout/sc/SUIJO_F1_012.kscl
  Image0/binary/layout/sc/SUIJO_F1_013.kscl
  Image0/binary/layout/sc/SUIJO_F1_014.kscl
  Image0/binary/layout/sc/SUIJO_F1_015.kscl
  Image0/binary/layout/sc/SUIJO_F1_016.kscl
  Image0/binary/layout/sc/SUIJO_F1_017.kscl
  Image0/binary/layout/sc/SUIJO_F1_018.kscl
  Image0/binary/layout/sc/SUIJO_F1_019.kscl
  Image0/binary/layout/sc/SUIJO_F1_020.kscl
  Image0/binary/layout/sc/SUIJO_F1_021.kscl
  Image0/binary/layout/sc/SUIJO_F1_022.kscl
  Image0/binary/layout/sc/SUIJO_F1_023.kscl
  Image0/binary/layout/sc/SUIJO_F1_024.kscl
  Image0/binary/layout/sc/SUIJYO_00.kscl
  Image0/binary/layout/sc/TNNEL_00.kscl
  Image0/binary/layout/sc/TNNEL_F1_001.kscl
  Image0/binary/layout/sc/TNNEL_F1_002.kscl
  Image0/binary/layout/sc/TNNEL_F1_003.kscl
  Image0/binary/layout/sc/TNNEL_F1_004.kscl
  Image0/binary/layout/sc/TNNEL_F1_005.kscl
  Image0/binary/layout/sc/TNNEL_F1_006.kscl
  Image0/binary/layout/sc/TNNEL_F1_007.kscl
  Image0/binary/layout/sc/TNNEL_F1_008.kscl
  Image0/binary/layout/sc/TNNEL_F1_009.kscl
  Image0/binary/layout/sc/TNNEL_F1_010.kscl
  Image0/binary/layout/sc/YAMAM_00.kscl
  Image0/binary/layout/sc/Z01.kscl
  Image0/binary/layout/sc/Z02.kscl
  Image0/binary/layout/sc/Z03.kscl
  Image0/binary/layout/sc/Z04.kscl
  Image0/binary/layout/sc/Z05.kscl
  Image0/binary/layout/sc/Z06.kscl
  Image0/binary/layout/sc/Z07.kscl
  Image0/binary/layout/sc/Z08.kscl
  Image0/binary/layout/sc/Z09.kscl
  Image0/binary/layout/sc/Z10.kscl
  Image0/binary/layout/sc/Z11.kscl
  Image0/binary/layout/sc/Z12.kscl
  Image0/binary/layout/sc/Z13.kscl
  Image0/binary/layout/sc/Z14.kscl
  Image0/binary/layout/sc/Z15.kscl
  Image0/binary/layout/sc/Z16.kscl
  Image0/binary/layout/sc/Z17.kscl
  Image0/binary/layout/sc/Z18.kscl
  Image0/binary/layout/sc/Z19.kscl
  Image0/binary/layout/sc/Z20.kscl
  Image0/binary/layout/sc/Z21.kscl
  Image0/binary/layout/sc/Z22.kscl
  Image0/binary/layout/sc/Z23.kscl
  Image0/binary/layout/sc/Z24.kscl
  Image0/binary/layout/sc/Z25.kscl
  Image0/binary/layout/sc/Z26.kscl
  Image0/binary/layout/sc/Z27.kscl
  Image0/binary/layout/sc/Z28.kscl
  Image0/binary/layout/sc/Z29.kscl
  Image0/binary/layout/sc/Z30.kscl
  Image0/binary/layout/sc/Z31.kscl
  Image0/binary/layout/sc/Z32.kscl
  Image0/binary/layout/sc/Z33.kscl
  Image0/binary/layout/sc/Z34.kscl
  Image0/binary/layout/sc/Z35.kscl
  Image0/binary/layout/sc/Z36.kscl
  Image0/binary/layout/sc/Z37.kscl
  Image0/binary/layout/sc/Z38.kscl
  Image0/binary/layout/sc/Z39.kscl
  Image0/binary/layout/sc/Z40.kscl
  Image0/binary/layout/sc/Z41.kscl
  Image0/binary/layout/sc/Z42.kscl
  Image0/binary/layout/sc/Z43.kscl
  Image0/binary/layout/sc/Z44.kscl
  Image0/binary/layout/sc/Z45.kscl
  Image0/binary/layout/sc/Z46.kscl
  Image0/binary/layout/sc/Z47.kscl
  Image0/binary/layout/sc/Z47misstake.kscl
  Image0/binary/layout/sc/Z48.kscl
  Image0/binary/layout/sc/Z49.kscl
  Image0/binary/layout/sc/Z49_Z50.kscl
  Image0/binary/layout/sc/Z50.kscl
  Image0/binary/layout/sc/Z51.kscl
  Image0/binary/layout/sc/Z52.kscl
  Image0/binary/layout/sc/Z52_mistake.kscl
  Image0/binary/layout/sc/Z53.kscl
  Image0/binary/layout/sc/Z54.kscl
  Image0/binary/layout/sc/Z54_Z55.kscl
  Image0/binary/layout/sc/Z55.kscl
  Image0/binary/layout/sc/Z56.kscl
  Image0/binary/layout/sc/Z57.kscl
  Image0/binary/layout/sc/Z58.kscl
  Image0/binary/layout/sc/Z59.kscl
  Image0/binary/layout/sc/Z60.kscl
  Image0/binary/layout/sc/Z61.kscl
  Image0/binary/layout/sc/Z62.kscl
  Image0/binary/layout/sc/Z62A.kscl
  Image0/binary/layout/sc/Z63.kscl
  Image0/binary/layout/sc/Z64.kscl
  Image0/binary/layout/sc/Z65.kscl
  Image0/binary/layout/sc/Z66.kscl
  Image0/binary/layout/sc/Z67.kscl
  Image0/binary/layout/sc/Z68.kscl
  Image0/binary/layout/sc/camera_layout.kscl
  Image0/binary/layout/sc/change_costume.kscl
  Image0/binary/layout/sc/chara_img_main_01.kscl
  Image0/binary/layout/sc/chara_img_main_02.kscl
  Image0/binary/layout/sc/chara_img_main_03.kscl
  Image0/binary/layout/sc/chara_img_main_04.kscl
  Image0/binary/layout/sc/chara_img_sub_01.kscl
  Image0/binary/layout/sc/chara_img_sub_02.kscl
  Image0/binary/layout/sc/chara_img_sub_03.kscl
  Image0/binary/layout/sc/chara_img_sub_04.kscl
  Image0/binary/layout/sc/chara_img_sub_05.kscl
  Image0/binary/layout/sc/chara_img_sub_06.kscl
  Image0/binary/layout/sc/chara_img_sub_07.kscl
  Image0/binary/layout/sc/chara_img_sub_08.kscl
  Image0/binary/layout/sc/cmn_bg_layout.kscl
  Image0/binary/layout/sc/cmn_blackscreen.kscl
  Image0/binary/layout/sc/cmn_caption.kscl
  Image0/binary/layout/sc/cmn_lens.kscl
  Image0/binary/layout/sc/cmn_msg_window.kscl
  Image0/binary/layout/sc/cmn_scroll.kscl
  Image0/binary/layout/sc/cmn_scroll_move.kscl
  Image0/binary/layout/sc/cmn_start_misson.kscl
  Image0/binary/layout/sc/cmn_status.kscl
M Image0/binary/layout/sc/cmn_tab.kscl
  Image0/binary/layout/sc/cmn_textbox.kscl
M Image0/binary/layout/sc/cmn_title_mission.kscl
  Image0/binary/layout/sc/cmn_window_base.kscl
  Image0/binary/layout/sc/cmn_window_layout.kscl
  Image0/binary/layout/sc/cmn_window_select_parts.kscl
  Image0/binary/layout/sc/cmn_window_yesno_parts.kscl
  Image0/binary/layout/sc/company_layout.kscl
  Image0/binary/layout/sc/event_window.kscl
  Image0/binary/layout/sc/fade_screen.kscl
  Image0/binary/layout/sc/filament.kscl
  Image0/binary/layout/sc/finder.kscl
  Image0/binary/layout/sc/finder_ayane.kscl
  Image0/binary/layout/sc/finder_controller.kscl
  Image0/binary/layout/sc/finder_ren.kscl
  Image0/binary/layout/sc/fnt_name_01.kscl
  Image0/binary/layout/sc/fnt_name_02.kscl
  Image0/binary/layout/sc/fnt_name_03.kscl
  Image0/binary/layout/sc/fnt_name_04.kscl
  Image0/binary/layout/sc/fnt_name_05.kscl
  Image0/binary/layout/sc/fnt_name_06.kscl
  Image0/binary/layout/sc/fnt_name_07.kscl
  Image0/binary/layout/sc/fnt_name_08.kscl
  Image0/binary/layout/sc/fnt_name_09.kscl
  Image0/binary/layout/sc/fnt_name_10.kscl
  Image0/binary/layout/sc/gameover_1_layout.kscl
  Image0/binary/layout/sc/gameover_2_layout.kscl
  Image0/binary/layout/sc/ghostlist_layout.kscl
  Image0/binary/layout/sc/ghostlist_layout_update.kscl
  Image0/binary/layout/sc/hint_photo_cmn.kscl
  Image0/binary/layout/sc/img_BOCHI.kscl
  Image0/binary/layout/sc/img_CABLE_A.kscl
  Image0/binary/layout/sc/img_CABLE_B.kscl
  Image0/binary/layout/sc/img_CBCAR.kscl
  Image0/binary/layout/sc/img_HITAN_A.kscl
  Image0/binary/layout/sc/img_HITAN_B.kscl
  Image0/binary/layout/sc/img_JYUKA_A.kscl
  Image0/binary/layout/sc/img_JYUKA_B.kscl
  Image0/binary/layout/sc/img_KOTTO.kscl
  Image0/binary/layout/sc/img_KOYAS.kscl
  Image0/binary/layout/sc/img_MYIGL.kscl
  Image0/binary/layout/sc/img_MYIGM.kscl
  Image0/binary/layout/sc/img_MYIGS.kscl
  Image0/binary/layout/sc/img_NINGY.kscl
  Image0/binary/layout/sc/img_OIRAN.kscl
  Image0/binary/layout/sc/img_OSORE.kscl
  Image0/binary/layout/sc/img_RENNO.kscl
  Image0/binary/layout/sc/img_RYOKA_A.kscl
  Image0/binary/layout/sc/img_RYOKA_B.kscl
  Image0/binary/layout/sc/img_SUIJYO.kscl
  Image0/binary/layout/sc/img_TNNEL_A.kscl
  Image0/binary/layout/sc/img_TNNEL_B.kscl
  Image0/binary/layout/sc/img_TNNEL_C.kscl
  Image0/binary/layout/sc/img_YAMAM.kscl
  Image0/binary/layout/sc/img_mission_00.kscl
  Image0/binary/layout/sc/img_mission_01.kscl
  Image0/binary/layout/sc/img_mission_02.kscl
  Image0/binary/layout/sc/img_mission_03.kscl
  Image0/binary/layout/sc/img_mission_03_5.kscl
  Image0/binary/layout/sc/img_mission_04.kscl
  Image0/binary/layout/sc/img_mission_05.kscl
  Image0/binary/layout/sc/img_mission_06.kscl
  Image0/binary/layout/sc/img_mission_07.kscl
  Image0/binary/layout/sc/img_mission_08.kscl
  Image0/binary/layout/sc/img_mission_09.kscl
  Image0/binary/layout/sc/img_mission_10.kscl
  Image0/binary/layout/sc/img_mission_11.kscl
  Image0/binary/layout/sc/img_mission_12.kscl
  Image0/binary/layout/sc/img_mission_13.kscl
  Image0/binary/layout/sc/img_mission_14.kscl
  Image0/binary/layout/sc/img_mission_a01.kscl
  Image0/binary/layout/sc/img_mission_a02.kscl
  Image0/binary/layout/sc/img_mission_a03.kscl
  Image0/binary/layout/sc/img_mission_a04.kscl
  Image0/binary/layout/sc/ingame_layout.kscl
M Image0/binary/layout/sc/inventory_layout.kscl
  Image0/binary/layout/sc/item_layout.kscl
  Image0/binary/layout/sc/load_ingame_layout.kscl
  Image0/binary/layout/sc/map_all_layout.kscl
  Image0/binary/layout/sc/map_drc_bg.kscl
  Image0/binary/layout/sc/map_drc_fg.kscl
M Image0/binary/layout/sc/mission_select.kscl
  Image0/binary/layout/sc/mission_start_layout.kscl
  Image0/binary/layout/sc/mission_titel_00.kscl
  Image0/binary/layout/sc/mission_titel_01.kscl
  Image0/binary/layout/sc/mission_titel_02.kscl
  Image0/binary/layout/sc/mission_titel_03.kscl
  Image0/binary/layout/sc/mission_titel_03_5.kscl
  Image0/binary/layout/sc/mission_titel_04.kscl
  Image0/binary/layout/sc/mission_titel_05.kscl
  Image0/binary/layout/sc/mission_titel_06.kscl
  Image0/binary/layout/sc/mission_titel_07.kscl
  Image0/binary/layout/sc/mission_titel_08.kscl
  Image0/binary/layout/sc/mission_titel_09.kscl
  Image0/binary/layout/sc/mission_titel_10.kscl
  Image0/binary/layout/sc/mission_titel_11.kscl
  Image0/binary/layout/sc/mission_titel_12.kscl
  Image0/binary/layout/sc/mission_titel_13.kscl
  Image0/binary/layout/sc/mission_titel_14.kscl
  Image0/binary/layout/sc/mission_titel_a01.kscl
  Image0/binary/layout/sc/mission_titel_a02.kscl
  Image0/binary/layout/sc/mission_titel_a03.kscl
  Image0/binary/layout/sc/mission_titel_a04.kscl
  Image0/binary/layout/sc/nowloading_layout.kscl
M Image0/binary/layout/sc/option_menu.kscl
  Image0/binary/layout/sc/pause_layout.kscl
M Image0/binary/layout/sc/photo_layout.kscl
  Image0/binary/layout/sc/photo_mode_00_noeffect.kscl
  Image0/binary/layout/sc/photo_mode_01_saturation.kscl
  Image0/binary/layout/sc/photo_mode_02_contrast.kscl
  Image0/binary/layout/sc/photo_mode_03_bgr.kscl
  Image0/binary/layout/sc/photo_mode_06_blur.kscl
  Image0/binary/layout/sc/photo_mode_08_mono.kscl
  Image0/binary/layout/sc/photo_mode_09_sepia.kscl
  Image0/binary/layout/sc/photo_mode_11_noise.kscl
  Image0/binary/layout/sc/photo_mode_12_instant.kscl
  Image0/binary/layout/sc/photo_mode_key.kscl
  Image0/binary/layout/sc/photo_mode_setting.kscl
  Image0/binary/layout/sc/photo_mode_shinrei.kscl
  Image0/binary/layout/sc/photo_mode_tegata.kscl
  Image0/binary/layout/sc/popup_msg_tv.kscl
  Image0/binary/layout/sc/prologue_logo_layout.kscl
  Image0/binary/layout/sc/prologue_logo_layout_eu.kscl
  Image0/binary/layout/sc/prologue_logo_layout_us.kscl
M Image0/binary/layout/sc/res_pic_00.kscl
M Image0/binary/layout/sc/res_pic_01.kscl
M Image0/binary/layout/sc/res_pic_02.kscl
M Image0/binary/layout/sc/res_pic_03.kscl
M Image0/binary/layout/sc/res_pic_03_5.kscl
M Image0/binary/layout/sc/res_pic_04.kscl
M Image0/binary/layout/sc/res_pic_05.kscl
M Image0/binary/layout/sc/res_pic_06.kscl
M Image0/binary/layout/sc/res_pic_07.kscl
M Image0/binary/layout/sc/res_pic_08.kscl
M Image0/binary/layout/sc/res_pic_09.kscl
M Image0/binary/layout/sc/res_pic_10.kscl
M Image0/binary/layout/sc/res_pic_11.kscl
M Image0/binary/layout/sc/res_pic_12.kscl
M Image0/binary/layout/sc/res_pic_13.kscl
M Image0/binary/layout/sc/res_pic_14.kscl
M Image0/binary/layout/sc/res_pic_a01.kscl
M Image0/binary/layout/sc/res_pic_b01.kscl
M Image0/binary/layout/sc/result.kscl
  Image0/binary/layout/sc/staff_credit_layout.kscl
  Image0/binary/layout/sc/survey_camera_drc.kscl
  Image0/binary/layout/sc/survey_camera_drctv.kscl
  Image0/binary/layout/sc/survey_camera_tv.kscl
  Image0/binary/layout/sc/system_layout.kscl
  Image0/binary/layout/sc/template.kscl
  Image0/binary/layout/sc/test_photo_mode_shinrei.kscl
  Image0/binary/layout/sc/texture_BTN_pad.kscl
  Image0/binary/layout/sc/tit_mission_00.kscl
  Image0/binary/layout/sc/tit_mission_01.kscl
  Image0/binary/layout/sc/tit_mission_02.kscl
  Image0/binary/layout/sc/tit_mission_03.kscl
  Image0/binary/layout/sc/tit_mission_03_5.kscl
  Image0/binary/layout/sc/tit_mission_04.kscl
  Image0/binary/layout/sc/tit_mission_05.kscl
  Image0/binary/layout/sc/tit_mission_06.kscl
  Image0/binary/layout/sc/tit_mission_07.kscl
  Image0/binary/layout/sc/tit_mission_08.kscl
  Image0/binary/layout/sc/tit_mission_09.kscl
  Image0/binary/layout/sc/tit_mission_10.kscl
  Image0/binary/layout/sc/tit_mission_11.kscl
M Image0/binary/layout/sc/tit_mission_12.kscl
  Image0/binary/layout/sc/tit_mission_13.kscl
  Image0/binary/layout/sc/tit_mission_14.kscl
  Image0/binary/layout/sc/tit_mission_a01.kscl
  Image0/binary/layout/sc/tit_mission_a02.kscl
  Image0/binary/layout/sc/tit_mission_a03.kscl
  Image0/binary/layout/sc/tit_mission_a04.kscl
  Image0/binary/layout/sc/title_btn_layout.kscl
M Image0/binary/layout/sc/title_layout.kscl
M Image0/binary/layout/sc/title_layout_eu.kscl
M Image0/binary/layout/sc/title_layout_us.kscl
  Image0/binary/layout/sc/title_sample.kscl
  Image0/binary/layout/sc/tv_rating_layout.kscl
  Image0/binary/layout/tc/BOCHI_00.kscl
  Image0/binary/layout/tc/BOCHI_F1_001.kscl
  Image0/binary/layout/tc/BOCHI_F1_002.kscl
  Image0/binary/layout/tc/BOCHI_F1_003.kscl
  Image0/binary/layout/tc/BOCHI_F1_004.kscl
  Image0/binary/layout/tc/BOCHI_F1_005.kscl
  Image0/binary/layout/tc/BOCHI_F1_006.kscl
  Image0/binary/layout/tc/BOCHI_F1_007.kscl
  Image0/binary/layout/tc/BOCHI_F1_008.kscl
  Image0/binary/layout/tc/BOCHI_F1_009.kscl
  Image0/binary/layout/tc/BOCHI_F1_010.kscl
  Image0/binary/layout/tc/BOCHI_F1_011.kscl
  Image0/binary/layout/tc/BOCHI_F1_012.kscl
  Image0/binary/layout/tc/BOCHI_F1_013.kscl
  Image0/binary/layout/tc/BOCHI_F1_014.kscl
  Image0/binary/layout/tc/BOCHI_F1_015.kscl
  Image0/binary/layout/tc/BOCHI_F1_016.kscl
  Image0/binary/layout/tc/BOCHI_F1_017.kscl
  Image0/binary/layout/tc/BOCHI_F1_018.kscl
  Image0/binary/layout/tc/BOCHI_F1_019.kscl
  Image0/binary/layout/tc/BOCHI_F1_020.kscl
  Image0/binary/layout/tc/BOCHI_F1_021.kscl
  Image0/binary/layout/tc/BOCHI_F1_022.kscl
  Image0/binary/layout/tc/CBCAR00_F1_001.kscl
  Image0/binary/layout/tc/CBCAR00_F1_002.kscl
  Image0/binary/layout/tc/CBCAR00_F1_003.kscl
  Image0/binary/layout/tc/CBCAR00_F1_004.kscl
  Image0/binary/layout/tc/CBCAR00_F1_005.kscl
  Image0/binary/layout/tc/CBCAR00_F1_006.kscl
  Image0/binary/layout/tc/CBCAR01_F1_001.kscl
  Image0/binary/layout/tc/CBCAR01_F1_002.kscl
  Image0/binary/layout/tc/CBCAR01_F1_003.kscl
  Image0/binary/layout/tc/CBCAR01_F1_004.kscl
  Image0/binary/layout/tc/CBCAR02_F1_001.kscl
  Image0/binary/layout/tc/CBCAR02_F1_002.kscl
  Image0/binary/layout/tc/CBCAR02_F1_003.kscl
  Image0/binary/layout/tc/CBCAR02_F1_004.kscl
  Image0/binary/layout/tc/CBCAR02_F1_005.kscl
  Image0/binary/layout/tc/CBCAR02_F1_006.kscl
  Image0/binary/layout/tc/CBCAR_00.kscl
  Image0/binary/layout/tc/CBCAR_01.kscl
  Image0/binary/layout/tc/CBCAR_02.kscl
  Image0/binary/layout/tc/CBCAR_main.kscl
  Image0/binary/layout/tc/F01.kscl
  Image0/binary/layout/tc/F02.kscl
  Image0/binary/layout/tc/F03.kscl
  Image0/binary/layout/tc/F04.kscl
  Image0/binary/layout/tc/F05.kscl
  Image0/binary/layout/tc/F06.kscl
  Image0/binary/layout/tc/F07.kscl
  Image0/binary/layout/tc/F08.kscl
  Image0/binary/layout/tc/F09.kscl
  Image0/binary/layout/tc/F10.kscl
  Image0/binary/layout/tc/F100.kscl
  Image0/binary/layout/tc/F101.kscl
  Image0/binary/layout/tc/F11.kscl
  Image0/binary/layout/tc/F12.kscl
  Image0/binary/layout/tc/F13.kscl
  Image0/binary/layout/tc/F14.kscl
  Image0/binary/layout/tc/F15.kscl
  Image0/binary/layout/tc/F16.kscl
  Image0/binary/layout/tc/F17.kscl
  Image0/binary/layout/tc/F18.kscl
  Image0/binary/layout/tc/F19.kscl
  Image0/binary/layout/tc/F20.kscl
  Image0/binary/layout/tc/F21.kscl
  Image0/binary/layout/tc/F22.kscl
  Image0/binary/layout/tc/F23.kscl
  Image0/binary/layout/tc/F24.kscl
  Image0/binary/layout/tc/F25.kscl
  Image0/binary/layout/tc/F26.kscl
  Image0/binary/layout/tc/F27.kscl
  Image0/binary/layout/tc/F28.kscl
  Image0/binary/layout/tc/F29.kscl
  Image0/binary/layout/tc/F30.kscl
  Image0/binary/layout/tc/F31.kscl
  Image0/binary/layout/tc/F32.kscl
  Image0/binary/layout/tc/F33.kscl
  Image0/binary/layout/tc/F34.kscl
  Image0/binary/layout/tc/F35.kscl
  Image0/binary/layout/tc/F36.kscl
  Image0/binary/layout/tc/F37.kscl
  Image0/binary/layout/tc/F38.kscl
  Image0/binary/layout/tc/F39.kscl
  Image0/binary/layout/tc/F40.kscl
  Image0/binary/layout/tc/F41.kscl
  Image0/binary/layout/tc/F42.kscl
  Image0/binary/layout/tc/F43.kscl
  Image0/binary/layout/tc/F44.kscl
  Image0/binary/layout/tc/F45.kscl
  Image0/binary/layout/tc/F46.kscl
  Image0/binary/layout/tc/F47.kscl
  Image0/binary/layout/tc/F48.kscl
  Image0/binary/layout/tc/F49.kscl
  Image0/binary/layout/tc/F50.kscl
  Image0/binary/layout/tc/F51.kscl
  Image0/binary/layout/tc/F52.kscl
  Image0/binary/layout/tc/F53.kscl
  Image0/binary/layout/tc/F54.kscl
  Image0/binary/layout/tc/F55.kscl
  Image0/binary/layout/tc/F56.kscl
  Image0/binary/layout/tc/F57.kscl
  Image0/binary/layout/tc/F58.kscl
  Image0/binary/layout/tc/F59.kscl
  Image0/binary/layout/tc/F60.kscl
  Image0/binary/layout/tc/F61.kscl
  Image0/binary/layout/tc/F62.kscl
  Image0/binary/layout/tc/F63.kscl
  Image0/binary/layout/tc/F64.kscl
  Image0/binary/layout/tc/F65.kscl
  Image0/binary/layout/tc/F66.kscl
  Image0/binary/layout/tc/F67.kscl
  Image0/binary/layout/tc/F68.kscl
  Image0/binary/layout/tc/F69.kscl
  Image0/binary/layout/tc/F70.kscl
  Image0/binary/layout/tc/F71.kscl
  Image0/binary/layout/tc/F72.kscl
  Image0/binary/layout/tc/F73.kscl
  Image0/binary/layout/tc/F74.kscl
  Image0/binary/layout/tc/F75.kscl
  Image0/binary/layout/tc/F76.kscl
  Image0/binary/layout/tc/F77.kscl
  Image0/binary/layout/tc/F77_F78.kscl
  Image0/binary/layout/tc/F78.kscl
  Image0/binary/layout/tc/F79.kscl
  Image0/binary/layout/tc/F80.kscl
  Image0/binary/layout/tc/F81.kscl
  Image0/binary/layout/tc/F82.kscl
  Image0/binary/layout/tc/F83.kscl
  Image0/binary/layout/tc/F84.kscl
  Image0/binary/layout/tc/F85.kscl
  Image0/binary/layout/tc/F86.kscl
  Image0/binary/layout/tc/F87.kscl
  Image0/binary/layout/tc/F88.kscl
  Image0/binary/layout/tc/F88A.kscl
  Image0/binary/layout/tc/F88B.kscl
  Image0/binary/layout/tc/F89.kscl
  Image0/binary/layout/tc/F90.kscl
  Image0/binary/layout/tc/F91.kscl
  Image0/binary/layout/tc/F92.kscl
  Image0/binary/layout/tc/F93.kscl
  Image0/binary/layout/tc/F94.kscl
  Image0/binary/layout/tc/F95.kscl
  Image0/binary/layout/tc/F96.kscl
  Image0/binary/layout/tc/F97.kscl
  Image0/binary/layout/tc/F98.kscl
  Image0/binary/layout/tc/F99.kscl
  Image0/binary/layout/tc/GLIST_BOY_K.kscl
  Image0/binary/layout/tc/GLIST_CRASH_MAN.kscl
  Image0/binary/layout/tc/GLIST_DOLL.kscl
  Image0/binary/layout/tc/GLIST_DOLL2.kscl
  Image0/binary/layout/tc/GLIST_GIRL_G.kscl
  Image0/binary/layout/tc/GLIST_GIRL_K.kscl
  Image0/binary/layout/tc/GLIST_HAKAMORI.kscl
  Image0/binary/layout/tc/GLIST_HAKOME_G.kscl
  Image0/binary/layout/tc/GLIST_HAKOME_K.kscl
  Image0/binary/layout/tc/GLIST_ISAME.kscl
  Image0/binary/layout/tc/GLIST_JISHOU_G.kscl
  Image0/binary/layout/tc/GLIST_JISHOU_K.kscl
  Image0/binary/layout/tc/GLIST_KAGOME.kscl
  Image0/binary/layout/tc/GLIST_KAGOME2.kscl
  Image0/binary/layout/tc/GLIST_KASA_WOMAN.kscl
  Image0/binary/layout/tc/GLIST_KILLER.kscl
  Image0/binary/layout/tc/GLIST_KORO_MIKO.kscl
  Image0/binary/layout/tc/GLIST_KORO_MIKO2.kscl
  Image0/binary/layout/tc/GLIST_KORO_MIKO3.kscl
  Image0/binary/layout/tc/GLIST_KUBITSURI_G.kscl
  Image0/binary/layout/tc/GLIST_KUBITSURI_K.kscl
  Image0/binary/layout/tc/GLIST_MUSUBIME.kscl
  Image0/binary/layout/tc/GLIST_NURE_MIKO.kscl
  Image0/binary/layout/tc/GLIST_OUSE.kscl
  Image0/binary/layout/tc/GLIST_OUSE2.kscl
  Image0/binary/layout/tc/GLIST_SHIRAGIKU.kscl
  Image0/binary/layout/tc/GLIST_TADASUME.kscl
  Image0/binary/layout/tc/GLIST_TALL_WOMAN.kscl
  Image0/binary/layout/tc/GLIST_TOBIORI_G.kscl
  Image0/binary/layout/tc/GLIST_TOBIORI_K.kscl
  Image0/binary/layout/tc/GLIST_TORIKO.kscl
  Image0/binary/layout/tc/GLIST_TORIKO2.kscl
  Image0/binary/layout/tc/GLIST_TORIKO3.kscl
  Image0/binary/layout/tc/GLIST_TORIKO4.kscl
  Image0/binary/layout/tc/GLIST_TORIKO5.kscl
  Image0/binary/layout/tc/GLIST_YOMIBITO.kscl
  Image0/binary/layout/tc/GLIST_YUUKON_G.kscl
  Image0/binary/layout/tc/GLIST_YUUKON_K.kscl
  Image0/binary/layout/tc/HITAN_00.kscl
  Image0/binary/layout/tc/HITAN_F1_001.kscl
  Image0/binary/layout/tc/HITAN_F1_002.kscl
  Image0/binary/layout/tc/HITAN_F1_003.kscl
  Image0/binary/layout/tc/HITAN_F1_004.kscl
  Image0/binary/layout/tc/HITAN_F1_005.kscl
  Image0/binary/layout/tc/HITAN_F1_006.kscl
  Image0/binary/layout/tc/HITAN_F1_007.kscl
  Image0/binary/layout/tc/HITAN_F1_008.kscl
  Image0/binary/layout/tc/HITAN_F1_009.kscl
  Image0/binary/layout/tc/HITAN_F1_010.kscl
  Image0/binary/layout/tc/HITAN_F1_011.kscl
  Image0/binary/layout/tc/HITAN_F1_012.kscl
  Image0/binary/layout/tc/HITAN_F1_013.kscl
  Image0/binary/layout/tc/ITEM_ALBUM.kscl
  Image0/binary/layout/tc/ITEM_CAMERA1.kscl
  Image0/binary/layout/tc/ITEM_CAMERA2.kscl
  Image0/binary/layout/tc/ITEM_CASSETTE_1.kscl
  Image0/binary/layout/tc/ITEM_CASSETTE_2.kscl
  Image0/binary/layout/tc/ITEM_CASSETTE_3.kscl
  Image0/binary/layout/tc/ITEM_DIARY_BLACK.kscl
  Image0/binary/layout/tc/ITEM_DIARY_NORMAL.kscl
  Image0/binary/layout/tc/ITEM_DIARY_OUSE.kscl
  Image0/binary/layout/tc/ITEM_DIARY_SHIRAGIKU.kscl
  Image0/binary/layout/tc/ITEM_DIARY_WHITE.kscl
  Image0/binary/layout/tc/ITEM_DIARY_YUURI.kscl
  Image0/binary/layout/tc/ITEM_DOLL_NEW_1.kscl
  Image0/binary/layout/tc/ITEM_DOLL_OLD_1.kscl
  Image0/binary/layout/tc/ITEM_ENBELOPE_L.kscl
  Image0/binary/layout/tc/ITEM_ENBELOPE_S.kscl
  Image0/binary/layout/tc/ITEM_FILE_1.kscl
  Image0/binary/layout/tc/ITEM_FILM_07.kscl
  Image0/binary/layout/tc/ITEM_FILM_14.kscl
  Image0/binary/layout/tc/ITEM_FILM_61.kscl
  Image0/binary/layout/tc/ITEM_FILM_90.kscl
  Image0/binary/layout/tc/ITEM_FILM_Z.kscl
  Image0/binary/layout/tc/ITEM_FLASHLIGHT.kscl
  Image0/binary/layout/tc/ITEM_GOSHIN_F.kscl
  Image0/binary/layout/tc/ITEM_HANDBOOK.kscl
  Image0/binary/layout/tc/ITEM_HEIR.kscl
  Image0/binary/layout/tc/ITEM_HISOKA_SCENT.kscl
  Image0/binary/layout/tc/ITEM_KAGAMI.kscl
  Image0/binary/layout/tc/ITEM_KEY_HITOANA_1.kscl
  Image0/binary/layout/tc/ITEM_KEY_HITOANA_2.kscl
  Image0/binary/layout/tc/ITEM_KEY_KOUYA_1.kscl
  Image0/binary/layout/tc/ITEM_KEY_KOUYA_2.kscl
  Image0/binary/layout/tc/ITEM_KEY_KOUYA_3A.kscl
  Image0/binary/layout/tc/ITEM_KEY_KOUYA_3B.kscl
  Image0/binary/layout/tc/ITEM_KEY_KOUYA_4.kscl
  Image0/binary/layout/tc/ITEM_KEY_MILLER.kscl
  Image0/binary/layout/tc/ITEM_KEY_NEW_1.kscl
  Image0/binary/layout/tc/ITEM_KEY_NEW_2.kscl
  Image0/binary/layout/tc/ITEM_KEY_NEW_3.kscl
  Image0/binary/layout/tc/ITEM_KEY_SMALL_1.kscl
  Image0/binary/layout/tc/ITEM_LAMP.kscl
  Image0/binary/layout/tc/ITEM_LENS.kscl
  Image0/binary/layout/tc/ITEM_MANYOU.kscl
  Image0/binary/layout/tc/ITEM_MEMO_HISOKA.kscl
  Image0/binary/layout/tc/ITEM_MEMO_REN.kscl
  Image0/binary/layout/tc/ITEM_MEMO_RUI.kscl
  Image0/binary/layout/tc/ITEM_MEMO_VIDEO.kscl
  Image0/binary/layout/tc/ITEM_NOTEBOOK_OLD.kscl
  Image0/binary/layout/tc/ITEM_OLDBOOK_1.kscl
  Image0/binary/layout/tc/ITEM_OLDBOOK_2.kscl
  Image0/binary/layout/tc/ITEM_OLDBOOK_3.kscl
  Image0/binary/layout/tc/ITEM_ONIBIDOLL.kscl
  Image0/binary/layout/tc/ITEM_PAMPHLET.kscl
  Image0/binary/layout/tc/ITEM_PAPER_WET.kscl
  Image0/binary/layout/tc/ITEM_PHOTO_DEADGIRL.kscl
  Image0/binary/layout/tc/ITEM_PHOTO_FUTARI.kscl
  Image0/binary/layout/tc/ITEM_PHOTO_HARUKA.kscl
  Image0/binary/layout/tc/ITEM_PHOTO_HINT_13A_1.kscl
  Image0/binary/layout/tc/ITEM_PHOTO_HINT_14A_1.kscl
  Image0/binary/layout/tc/ITEM_PHOTO_HINT_15A_1.kscl
  Image0/binary/layout/tc/ITEM_PHOTO_HINT_17B_1.kscl
  Image0/binary/layout/tc/ITEM_PHOTO_HINT_17B_2.kscl
  Image0/binary/layout/tc/ITEM_PHOTO_HINT_17B_3.kscl
  Image0/binary/layout/tc/ITEM_PHOTO_HINT_17B_4.kscl
  Image0/binary/layout/tc/ITEM_PHOTO_HINT_17B_5.kscl
  Image0/binary/layout/tc/ITEM_PHOTO_HINT_17B_6.kscl
  Image0/binary/layout/tc/ITEM_PHOTO_HINT_17D_1.kscl
  Image0/binary/layout/tc/ITEM_PHOTO_HINT_2A_1.kscl
  Image0/binary/layout/tc/ITEM_PHOTO_HINT_2A_2.kscl
  Image0/binary/layout/tc/ITEM_PHOTO_HINT_4A_1.kscl
  Image0/binary/layout/tc/ITEM_PHOTO_HINT_5A_1.kscl
  Image0/binary/layout/tc/ITEM_PHOTO_HINT_6A_1.kscl
  Image0/binary/layout/tc/ITEM_PHOTO_HINT_6A_2.kscl
  Image0/binary/layout/tc/ITEM_PHOTO_HINT_7A_1.kscl
  Image0/binary/layout/tc/ITEM_PHOTO_HINT_7A_2.kscl
  Image0/binary/layout/tc/ITEM_PHOTO_HINT_7A_3.kscl
  Image0/binary/layout/tc/ITEM_PHOTO_HINT_7A_4.kscl
  Image0/binary/layout/tc/ITEM_PHOTO_HINT_8A_1.kscl
  Image0/binary/layout/tc/ITEM_PHOTO_HINT_9A_1.kscl
  Image0/binary/layout/tc/ITEM_PHOTO_HINT_9A_2.kscl
  Image0/binary/layout/tc/ITEM_PHOTO_HINT_9A_3.kscl
  Image0/binary/layout/tc/ITEM_PHOTO_HINT_9A_4.kscl
  Image0/binary/layout/tc/ITEM_PHOTO_HINT_9A_5.kscl
  Image0/binary/layout/tc/ITEM_PHOTO_MIKU1.kscl
  Image0/binary/layout/tc/ITEM_PHOTO_MIKU2.kscl
  Image0/binary/layout/tc/ITEM_PHOTO_MIU.kscl
  Image0/binary/layout/tc/ITEM_PHOTO_OUSE.kscl
  Image0/binary/layout/tc/ITEM_PHOTO_OUSE_1.kscl
  Image0/binary/layout/tc/ITEM_PHOTO_OUSE_2.kscl
  Image0/binary/layout/tc/ITEM_PHOTO_SAKAKI.kscl
  Image0/binary/layout/tc/ITEM_PHOTO_TOMURAI.kscl
  Image0/binary/layout/tc/ITEM_PHOTO_TSUMUGI.kscl
  Image0/binary/layout/tc/ITEM_PHOTO_YURI.kscl
  Image0/binary/layout/tc/ITEM_POWERUP.kscl
  Image0/binary/layout/tc/ITEM_REISEKI.kscl
  Image0/binary/layout/tc/ITEM_SUMI.kscl
  Image0/binary/layout/tc/ITEM_VIDEO_1.kscl
  Image0/binary/layout/tc/JYUKA_00.kscl
  Image0/binary/layout/tc/JYUKA_F1_001.kscl
  Image0/binary/layout/tc/JYUKA_F1_002.kscl
  Image0/binary/layout/tc/JYUKA_F1_003.kscl
  Image0/binary/layout/tc/JYUKA_F1_004.kscl
  Image0/binary/layout/tc/JYUKA_F1_005.kscl
  Image0/binary/layout/tc/JYUKA_F1_006.kscl
  Image0/binary/layout/tc/JYUKA_F1_007.kscl
  Image0/binary/layout/tc/JYUKA_F1_008.kscl
  Image0/binary/layout/tc/JYUKA_F1_009.kscl
  Image0/binary/layout/tc/JYUKA_F1_010.kscl
  Image0/binary/layout/tc/JYUKA_F1_011.kscl
  Image0/binary/layout/tc/JYUKA_F1_012.kscl
  Image0/binary/layout/tc/JYUKA_F1_013.kscl
  Image0/binary/layout/tc/JYUKA_F1_014.kscl
  Image0/binary/layout/tc/JYUKA_F1_015.kscl
  Image0/binary/layout/tc/JYUKA_F1_016.kscl
  Image0/binary/layout/tc/JYUKA_F1_017.kscl
  Image0/binary/layout/tc/JYUKA_F1_018.kscl
  Image0/binary/layout/tc/JYUKA_F1_019.kscl
  Image0/binary/layout/tc/JYUKA_F1_020.kscl
  Image0/binary/layout/tc/JYUKA_F1_021.kscl
  Image0/binary/layout/tc/JYUKA_F1_022.kscl
  Image0/binary/layout/tc/JYUKA_F1_023.kscl
  Image0/binary/layout/tc/JYUKA_F1_024.kscl
  Image0/binary/layout/tc/JYUKA_F1_025.kscl
  Image0/binary/layout/tc/JYUKA_F1_026.kscl
  Image0/binary/layout/tc/JYUKA_F1_027.kscl
  Image0/binary/layout/tc/JYUKA_F1_028.kscl
  Image0/binary/layout/tc/JYUKA_F1_029.kscl
  Image0/binary/layout/tc/JYUKA_F1_030.kscl
  Image0/binary/layout/tc/JYUKA_F1_031.kscl
  Image0/binary/layout/tc/JYUKA_F1_032.kscl
  Image0/binary/layout/tc/JYUKA_F1_033.kscl
  Image0/binary/layout/tc/JYUKA_F1_034.kscl
  Image0/binary/layout/tc/JYUKA_F1_035.kscl
  Image0/binary/layout/tc/JYUKA_F1_036.kscl
  Image0/binary/layout/tc/JYUKA_F1_037.kscl
  Image0/binary/layout/tc/JYUKA_F1_038.kscl
  Image0/binary/layout/tc/JYUKA_F1_039.kscl
  Image0/binary/layout/tc/JYUKA_F1_040.kscl
  Image0/binary/layout/tc/JYUKA_F1_041.kscl
  Image0/binary/layout/tc/JYUKA_F1_042.kscl
  Image0/binary/layout/tc/JYUKA_F1_043.kscl
  Image0/binary/layout/tc/JYUKA_F1_044.kscl
  Image0/binary/layout/tc/JYUKA_F1_045.kscl
  Image0/binary/layout/tc/JYUKA_F1_046.kscl
  Image0/binary/layout/tc/JYUKA_F1_047.kscl
  Image0/binary/layout/tc/JYUKA_F1_048.kscl
  Image0/binary/layout/tc/JYUKA_F1_049.kscl
  Image0/binary/layout/tc/JYUKA_F1_050.kscl
  Image0/binary/layout/tc/JYUKA_F1_051.kscl
  Image0/binary/layout/tc/JYUKA_F1_052.kscl
  Image0/binary/layout/tc/JYUKA_F1_053.kscl
  Image0/binary/layout/tc/JYUKA_F1_054.kscl
  Image0/binary/layout/tc/JYUKA_F1_055.kscl
  Image0/binary/layout/tc/JYUKA_F2_056.kscl
  Image0/binary/layout/tc/JYUKA_F2_057.kscl
  Image0/binary/layout/tc/JYUKA_F2_058.kscl
  Image0/binary/layout/tc/JYUKA_F2_059.kscl
  Image0/binary/layout/tc/JYUKA_F2_060.kscl
  Image0/binary/layout/tc/JYUKA_F2_061.kscl
  Image0/binary/layout/tc/JYUKA_F2_062.kscl
  Image0/binary/layout/tc/JYUKA_F2_063.kscl
  Image0/binary/layout/tc/JYUKA_F2_064.kscl
  Image0/binary/layout/tc/JYUKA_F2_065.kscl
  Image0/binary/layout/tc/JYUKA_F2_066.kscl
  Image0/binary/layout/tc/JYUKA_F2_067.kscl
  Image0/binary/layout/tc/JYUKA_F2_068.kscl
  Image0/binary/layout/tc/JYUKA_F2_069.kscl
  Image0/binary/layout/tc/JYUKA_F2_070.kscl
  Image0/binary/layout/tc/JYUKA_F2_071.kscl
  Image0/binary/layout/tc/JYUKA_F2_072.kscl
  Image0/binary/layout/tc/JYUKA_F2_073.kscl
  Image0/binary/layout/tc/JYUKA_F2_074.kscl
  Image0/binary/layout/tc/JYUKA_F2_075.kscl
  Image0/binary/layout/tc/JYUKA_F2_076.kscl
  Image0/binary/layout/tc/JYUKA_F2_077.kscl
  Image0/binary/layout/tc/JYUKA_F2_078.kscl
  Image0/binary/layout/tc/JYUKA_F2_079.kscl
  Image0/binary/layout/tc/JYUKA_F2_080.kscl
  Image0/binary/layout/tc/JYUKA_F2_081.kscl
  Image0/binary/layout/tc/JYUKA_F3_059.kscl
  Image0/binary/layout/tc/JYUKA_F3_075.kscl
  Image0/binary/layout/tc/JYUKA_F3_075.tga.kscl
  Image0/binary/layout/tc/JYUKA_F3_083.kscl
  Image0/binary/layout/tc/JYUKA_F3_083.tga.kscl
  Image0/binary/layout/tc/JYUKA_F3_084.kscl
  Image0/binary/layout/tc/JYUKA_F3_085.kscl
  Image0/binary/layout/tc/JYUKA_F3_086.kscl
  Image0/binary/layout/tc/JYUKA_F3_087.kscl
  Image0/binary/layout/tc/JYUKA_F3_088.kscl
  Image0/binary/layout/tc/JYUKA_F3_089.kscl
  Image0/binary/layout/tc/JYUKA_F3_090.kscl
  Image0/binary/layout/tc/JYUKA_F3_091.kscl
  Image0/binary/layout/tc/JYUKA_F3_092.kscl
  Image0/binary/layout/tc/JYUKA_F3_093.kscl
  Image0/binary/layout/tc/JYUKA_F4_094.kscl
  Image0/binary/layout/tc/JYUKA_F4_095.kscl
  Image0/binary/layout/tc/JYUKA_F4_096.kscl
  Image0/binary/layout/tc/JYUKA_F4_097.kscl
  Image0/binary/layout/tc/JYUKA_F4_098.kscl
  Image0/binary/layout/tc/JYUKA_F4_099.kscl
  Image0/binary/layout/tc/JYUKA_F4_100.kscl
  Image0/binary/layout/tc/JYUKA_F4_101.kscl
  Image0/binary/layout/tc/JYUKA_F4_102.kscl
  Image0/binary/layout/tc/JYUKA_F5_098.kscl
  Image0/binary/layout/tc/JYUKA_F5_102.kscl
  Image0/binary/layout/tc/JYUKA_F5_103.kscl
  Image0/binary/layout/tc/JYUKA_F5_104.kscl
  Image0/binary/layout/tc/JYUKA_F5_105.kscl
  Image0/binary/layout/tc/JYUKA_F5_106.kscl
  Image0/binary/layout/tc/KOTTO_00.kscl
  Image0/binary/layout/tc/KOTTO_01.kscl
  Image0/binary/layout/tc/KOTTO_F1_001.kscl
  Image0/binary/layout/tc/KOTTO_F1_002.kscl
  Image0/binary/layout/tc/KOTTO_F1_004.kscl
  Image0/binary/layout/tc/KOTTO_F1_005.kscl
  Image0/binary/layout/tc/KOTTO_F1_006.kscl
  Image0/binary/layout/tc/KOTTO_F1_008.kscl
  Image0/binary/layout/tc/KOTTO_F1_009.kscl
  Image0/binary/layout/tc/KOTTO_F2_009.kscl
  Image0/binary/layout/tc/KOTTO_F2_010.kscl
  Image0/binary/layout/tc/KOTTO_F2_011.kscl
  Image0/binary/layout/tc/KOTTO_F2_012.kscl
  Image0/binary/layout/tc/KOTTO_F2_013.kscl
  Image0/binary/layout/tc/KOTTO_F2_014.kscl
  Image0/binary/layout/tc/KOYAS_1F_00.kscl
  Image0/binary/layout/tc/KOYAS_B1_00.kscl
  Image0/binary/layout/tc/KOYAS_F1_001.kscl
  Image0/binary/layout/tc/KOYAS_F1_002.kscl
  Image0/binary/layout/tc/KOYAS_F1_003.kscl
  Image0/binary/layout/tc/KOYAS_F1_004.kscl
  Image0/binary/layout/tc/KOYAS_F1_005.kscl
  Image0/binary/layout/tc/KOYAS_F1_006.kscl
  Image0/binary/layout/tc/KOYAS_F1_007.kscl
  Image0/binary/layout/tc/KOYAS_F1_008.kscl
  Image0/binary/layout/tc/KOYAS_F1_009.kscl
  Image0/binary/layout/tc/KOYAS_F1_075.kscl
  Image0/binary/layout/tc/KOYAS_F2_009.kscl
  Image0/binary/layout/tc/KOYAS_F2_010.kscl
  Image0/binary/layout/tc/KOYAS_F2_011.kscl
  Image0/binary/layout/tc/KOYAS_F2_012.kscl
  Image0/binary/layout/tc/KOYAS_F2_013.kscl
  Image0/binary/layout/tc/KOYAS_F2_014.kscl
  Image0/binary/layout/tc/KOYAS_F2_015.kscl
  Image0/binary/layout/tc/KOYAS_F2_016.kscl
  Image0/binary/layout/tc/KOYAS_F2_017.kscl
  Image0/binary/layout/tc/KOYAS_F2_018.kscl
  Image0/binary/layout/tc/KOYAS_F2_019.kscl
  Image0/binary/layout/tc/KOYAS_F2_020.kscl
  Image0/binary/layout/tc/KOYAS_F2_021.kscl
  Image0/binary/layout/tc/KOYAS_F2_022.kscl
  Image0/binary/layout/tc/KOYAS_F2_023.kscl
  Image0/binary/layout/tc/KOYAS_F2_024.kscl
  Image0/binary/layout/tc/KOYAS_F2_025.kscl
  Image0/binary/layout/tc/KOYAS_F2_026.kscl
  Image0/binary/layout/tc/KOYAS_F2_027.kscl
  Image0/binary/layout/tc/KOYAS_F2_028.kscl
  Image0/binary/layout/tc/KOYAS_F2_029.kscl
  Image0/binary/layout/tc/KOYAS_F2_030.kscl
  Image0/binary/layout/tc/KOYAS_F2_031.kscl
  Image0/binary/layout/tc/KOYAS_F2_032.kscl
  Image0/binary/layout/tc/KOYAS_F2_033.kscl
  Image0/binary/layout/tc/KOYAS_F2_034.kscl
  Image0/binary/layout/tc/KOYAS_F2_035.kscl
  Image0/binary/layout/tc/KOYAS_F2_036.kscl
  Image0/binary/layout/tc/KOYAS_F2_037.kscl
  Image0/binary/layout/tc/KOYAS_F2_038.kscl
  Image0/binary/layout/tc/KOYAS_F3_013.kscl
  Image0/binary/layout/tc/KOYAS_F3_015.kscl
  Image0/binary/layout/tc/KOYAS_F3_023.kscl
  Image0/binary/layout/tc/KOYAS_F3_033.kscl
  Image0/binary/layout/tc/KOYAS_F3_036.kscl
  Image0/binary/layout/tc/KOYAS_F3_039.kscl
  Image0/binary/layout/tc/KOYAS_F3_040.kscl
  Image0/binary/layout/tc/KOYAS_F3_041.kscl
  Image0/binary/layout/tc/KOYAS_F3_042.kscl
  Image0/binary/layout/tc/KOYAS_F3_043.kscl
  Image0/binary/layout/tc/KOYAS_F3_044.kscl
  Image0/binary/layout/tc/KOYAS_F3_045.kscl
  Image0/binary/layout/tc/KOYAS_F3_046.kscl
  Image0/binary/layout/tc/KOYAS_F3_047.kscl
  Image0/binary/layout/tc/KOYAS_F3_048.kscl
  Image0/binary/layout/tc/KOYAS_F3_049.kscl
  Image0/binary/layout/tc/KOYAS_F3_050.kscl
  Image0/binary/layout/tc/KOYAS_F3_051.kscl
  Image0/binary/layout/tc/KOYAS_F3_052.kscl
  Image0/binary/layout/tc/KOYAS_F3_053.kscl
  Image0/binary/layout/tc/KOYAS_F3_054.kscl
  Image0/binary/layout/tc/KOYAS_F3_055.kscl
  Image0/binary/layout/tc/KOYAS_F3_056.kscl
  Image0/binary/layout/tc/KOYAS_F3_057.kscl
  Image0/binary/layout/tc/KOYAS_F3_058.kscl
  Image0/binary/layout/tc/KOYAS_F3_059.kscl
  Image0/binary/layout/tc/KOYAS_F3_060.kscl
  Image0/binary/layout/tc/KOYAS_F3_061.kscl
  Image0/binary/layout/tc/KOYAS_F3_062.kscl
  Image0/binary/layout/tc/KOYAS_F3_063.kscl
  Image0/binary/layout/tc/KOYAS_F3_064.kscl
  Image0/binary/layout/tc/KOYAS_F3_065.kscl
  Image0/binary/layout/tc/KOYAS_F3_066.kscl
  Image0/binary/layout/tc/KOYAS_F3_067.kscl
  Image0/binary/layout/tc/KOYAS_F3_068.kscl
  Image0/binary/layout/tc/KOYAS_F3_069.kscl
  Image0/binary/layout/tc/KOYAS_F3_070.kscl
  Image0/binary/layout/tc/KOYAS_F3_071.kscl
  Image0/binary/layout/tc/KOYAS_F3_072.kscl
  Image0/binary/layout/tc/KOYAS_F3_073.kscl
  Image0/binary/layout/tc/KOYAS_F3_074.kscl
  Image0/binary/layout/tc/MAP_detailed_layout_01.kscl
  Image0/binary/layout/tc/MAP_detailed_layout_02.kscl
  Image0/binary/layout/tc/MAP_dummy_layout.kscl
  Image0/binary/layout/tc/MOV_EV1705_ICON.kscl
  Image0/binary/layout/tc/MOV_EV1708_ICON.kscl
  Image0/binary/layout/tc/MOV_EV1709_ICON.kscl
  Image0/binary/layout/tc/MOV_EV1711_ICON.kscl
  Image0/binary/layout/tc/MOV_EV1713_ICON.kscl
  Image0/binary/layout/tc/MOV_EV1714_ICON.kscl
  Image0/binary/layout/tc/MOV_EV9011_ICON.kscl
  Image0/binary/layout/tc/MOV_EV9012_ICON.kscl
  Image0/binary/layout/tc/MOV_EV9013_ICON.kscl
  Image0/binary/layout/tc/MOV_EV9014_ICON.kscl
  Image0/binary/layout/tc/MOV_EV9015_ICON.kscl
  Image0/binary/layout/tc/MOV_EV9016_ICON.kscl
  Image0/binary/layout/tc/MOV_EV9017_ICON.kscl
  Image0/binary/layout/tc/MOV_EV9021_ICON.kscl
  Image0/binary/layout/tc/MOV_EV9022_ICON.kscl
  Image0/binary/layout/tc/MOV_EV9023_ICON.kscl
  Image0/binary/layout/tc/MOV_EV9024_ICON.kscl
  Image0/binary/layout/tc/MOV_EV9041_ICON.kscl
  Image0/binary/layout/tc/MOV_EV9042_ICON.kscl
  Image0/binary/layout/tc/MOV_EV9051_ICON.kscl
  Image0/binary/layout/tc/MOV_EV9052_ICON.kscl
  Image0/binary/layout/tc/MOV_EV9053_ICON.kscl
  Image0/binary/layout/tc/MOV_EV9054_ICON.kscl
  Image0/binary/layout/tc/MOV_EV9061_ICON.kscl
  Image0/binary/layout/tc/MOV_EV9071_ICON.kscl
  Image0/binary/layout/tc/MOV_EV9091_ICON.kscl
  Image0/binary/layout/tc/MOV_EV9101_ICON.kscl
  Image0/binary/layout/tc/MOV_EV9111_ICON.kscl
  Image0/binary/layout/tc/MOV_EV9121_ICON.kscl
  Image0/binary/layout/tc/MOV_EV9131_ICON.kscl
  Image0/binary/layout/tc/MOV_EV9141_ICON.kscl
  Image0/binary/layout/tc/MOV_EV9151_ICON.kscl
  Image0/binary/layout/tc/MOV_EV9161_ICON.kscl
  Image0/binary/layout/tc/MOV_EV9171_ICON.kscl
  Image0/binary/layout/tc/MOV_EV9181_ICON.kscl
  Image0/binary/layout/tc/MOV_EV9211_ICON.kscl
  Image0/binary/layout/tc/MOV_EV9221_ICON.kscl
  Image0/binary/layout/tc/MOV_EV9231_ICON.kscl
  Image0/binary/layout/tc/MOV_EV9241_ICON.kscl
  Image0/binary/layout/tc/MOV_EV9251_ICON.kscl
  Image0/binary/layout/tc/MOV_EV9261_ICON.kscl
  Image0/binary/layout/tc/MOV_EV9271_ICON.kscl
  Image0/binary/layout/tc/MOV_EV9272_ICON.kscl
  Image0/binary/layout/tc/MOV_EV9281_ICON.kscl
  Image0/binary/layout/tc/MOV_EV9301_ICON.kscl
  Image0/binary/layout/tc/MOV_EV9311_ICON.kscl
  Image0/binary/layout/tc/MOV_EV9321_ICON.kscl
  Image0/binary/layout/tc/MOV_EV9322_ICON.kscl
  Image0/binary/layout/tc/MOV_EV9323_ICON.kscl
  Image0/binary/layout/tc/MOV_EV9331_ICON.kscl
  Image0/binary/layout/tc/MOV_EV9332_ICON.kscl
  Image0/binary/layout/tc/MOV_EV9341_ICON.kscl
  Image0/binary/layout/tc/MOV_EV9342_ICON.kscl
  Image0/binary/layout/tc/MOV_EV9351_ICON.kscl
  Image0/binary/layout/tc/MOV_EV9361_ICON.kscl
  Image0/binary/layout/tc/MOV_EV9371_ICON.kscl
  Image0/binary/layout/tc/MOV_EV9381_ICON.kscl
  Image0/binary/layout/tc/MOV_EV9431_ICON.kscl
  Image0/binary/layout/tc/MOV_EV9451_ICON.kscl
  Image0/binary/layout/tc/MYIGL_01.kscl
  Image0/binary/layout/tc/MYIGL_02.kscl
  Image0/binary/layout/tc/MYIGL_F1_001.kscl
  Image0/binary/layout/tc/MYIGL_F1_002.kscl
  Image0/binary/layout/tc/MYIGL_F1_003.kscl
  Image0/binary/layout/tc/MYIGL_F1_004.kscl
  Image0/binary/layout/tc/MYIGL_F1_005.kscl
  Image0/binary/layout/tc/MYIGL_F1_006.kscl
  Image0/binary/layout/tc/MYIGL_F1_007.kscl
  Image0/binary/layout/tc/MYIGL_F1_008.kscl
  Image0/binary/layout/tc/MYIGL_F1_009.kscl
  Image0/binary/layout/tc/MYIGL_F1_010.kscl
  Image0/binary/layout/tc/MYIGL_F1_011.kscl
  Image0/binary/layout/tc/MYIGL_F1_012.kscl
  Image0/binary/layout/tc/MYIGL_F1_013.kscl
  Image0/binary/layout/tc/MYIGL_F1_014.kscl
  Image0/binary/layout/tc/MYIGL_F1_015.kscl
  Image0/binary/layout/tc/MYIGL_F2_006.kscl
  Image0/binary/layout/tc/MYIGL_F2_009.kscl
  Image0/binary/layout/tc/MYIGL_F2_016.kscl
  Image0/binary/layout/tc/MYIGL_F2_017.kscl
  Image0/binary/layout/tc/MYIGL_F2_018.kscl
  Image0/binary/layout/tc/MYIGM_01.kscl
  Image0/binary/layout/tc/MYIGM_02.kscl
  Image0/binary/layout/tc/MYIGM_F1_001.kscl
  Image0/binary/layout/tc/MYIGM_F1_002.kscl
  Image0/binary/layout/tc/MYIGM_F1_003.kscl
  Image0/binary/layout/tc/MYIGM_F1_004.kscl
  Image0/binary/layout/tc/MYIGM_F1_005.kscl
  Image0/binary/layout/tc/MYIGM_F1_006.kscl
  Image0/binary/layout/tc/MYIGM_F1_007.kscl
  Image0/binary/layout/tc/MYIGM_F1_008.kscl
  Image0/binary/layout/tc/MYIGM_F1_009.kscl
  Image0/binary/layout/tc/MYIGM_F1_010.kscl
  Image0/binary/layout/tc/MYIGM_F1_011.kscl
  Image0/binary/layout/tc/MYIGM_F1_012.kscl
  Image0/binary/layout/tc/MYIGM_F1_013.kscl
  Image0/binary/layout/tc/MYIGM_F1_014.kscl
  Image0/binary/layout/tc/MYIGM_F2_004.kscl
  Image0/binary/layout/tc/MYIGM_F2_009.kscl
  Image0/binary/layout/tc/MYIGM_F2_015.kscl
  Image0/binary/layout/tc/MYIGM_F2_016.kscl
  Image0/binary/layout/tc/MYIGM_F2_017.kscl
  Image0/binary/layout/tc/MYIGM_F2_018.kscl
  Image0/binary/layout/tc/MYIGM_F2_019.kscl
  Image0/binary/layout/tc/MYIGM_F2_020.kscl
  Image0/binary/layout/tc/MYIGM_F2_021.kscl
  Image0/binary/layout/tc/MYIGM_F2_022.kscl
  Image0/binary/layout/tc/MYIGS_01.kscl
  Image0/binary/layout/tc/MYIGS_02.kscl
  Image0/binary/layout/tc/NINGY_01.kscl
  Image0/binary/layout/tc/NINGY_02.kscl
  Image0/binary/layout/tc/OIRAN_00.kscl
  Image0/binary/layout/tc/OIRAN_F1_001.kscl
  Image0/binary/layout/tc/OIRAN_F1_002.kscl
  Image0/binary/layout/tc/OIRAN_F1_003.kscl
  Image0/binary/layout/tc/OIRAN_F1_004.kscl
  Image0/binary/layout/tc/OIRAN_F1_005.kscl
  Image0/binary/layout/tc/OIRAN_F1_006.kscl
  Image0/binary/layout/tc/OIRAN_F1_007.kscl
  Image0/binary/layout/tc/OIRAN_F1_008.kscl
  Image0/binary/layout/tc/OIRAN_F1_009.kscl
  Image0/binary/layout/tc/OIRAN_F1_010.kscl
  Image0/binary/layout/tc/OIRAN_F1_011.kscl
  Image0/binary/layout/tc/OIRAN_F1_012.kscl
  Image0/binary/layout/tc/OIRAN_F1_013.kscl
  Image0/binary/layout/tc/OIRAN_F1_014.kscl
  Image0/binary/layout/tc/OIRAN_F1_015.kscl
  Image0/binary/layout/tc/OIRAN_F1_016.kscl
  Image0/binary/layout/tc/OIRAN_F1_017.kscl
  Image0/binary/layout/tc/OIRAN_F1_018.kscl
  Image0/binary/layout/tc/OIRAN_F1_019.kscl
  Image0/binary/layout/tc/OSORE_00.kscl
  Image0/binary/layout/tc/OSORE_F1_001.kscl
  Image0/binary/layout/tc/OSORE_F1_002.kscl
  Image0/binary/layout/tc/OSORE_F1_003.kscl
  Image0/binary/layout/tc/OSORE_F1_004.kscl
  Image0/binary/layout/tc/OSORE_F1_005.kscl
  Image0/binary/layout/tc/OSORE_F1_006.kscl
  Image0/binary/layout/tc/OSORE_F1_007.kscl
  Image0/binary/layout/tc/OSORE_F1_008.kscl
  Image0/binary/layout/tc/OSORE_F1_009.kscl
  Image0/binary/layout/tc/OSORE_F1_010.kscl
  Image0/binary/layout/tc/OSORE_F1_011.kscl
  Image0/binary/layout/tc/OSORE_F1_012.kscl
  Image0/binary/layout/tc/OSORE_F1_013.kscl
  Image0/binary/layout/tc/OSORE_F1_014.kscl
  Image0/binary/layout/tc/OSORE_F1_015.kscl
  Image0/binary/layout/tc/OSORE_F1_016.kscl
  Image0/binary/layout/tc/RENNO_00.kscl
  Image0/binary/layout/tc/RENNO_F1_001.kscl
  Image0/binary/layout/tc/RYOKA_1F_00.kscl
  Image0/binary/layout/tc/RYOKA_2F_00.kscl
  Image0/binary/layout/tc/RYOKA_3F_00.kscl
  Image0/binary/layout/tc/RYOKA_F1_001.kscl
  Image0/binary/layout/tc/RYOKA_F1_002.kscl
  Image0/binary/layout/tc/RYOKA_F1_003.kscl
  Image0/binary/layout/tc/RYOKA_F1_004.kscl
  Image0/binary/layout/tc/RYOKA_F1_005.kscl
  Image0/binary/layout/tc/RYOKA_F1_006.kscl
  Image0/binary/layout/tc/RYOKA_F1_007.kscl
  Image0/binary/layout/tc/RYOKA_F1_008.kscl
  Image0/binary/layout/tc/RYOKA_F1_009.kscl
  Image0/binary/layout/tc/RYOKA_F1_010.kscl
  Image0/binary/layout/tc/RYOKA_F1_011.kscl
  Image0/binary/layout/tc/RYOKA_F1_012.kscl
  Image0/binary/layout/tc/RYOKA_F1_013.kscl
  Image0/binary/layout/tc/RYOKA_F1_014.kscl
  Image0/binary/layout/tc/RYOKA_F1_015.kscl
  Image0/binary/layout/tc/RYOKA_F1_016.kscl
  Image0/binary/layout/tc/RYOKA_F1_017.kscl
  Image0/binary/layout/tc/RYOKA_F1_018.kscl
  Image0/binary/layout/tc/RYOKA_F2_012.kscl
  Image0/binary/layout/tc/RYOKA_F2_019.kscl
  Image0/binary/layout/tc/RYOKA_F2_020.kscl
  Image0/binary/layout/tc/RYOKA_F2_021.kscl
  Image0/binary/layout/tc/RYOKA_F2_022.kscl
  Image0/binary/layout/tc/RYOKA_F2_023.kscl
  Image0/binary/layout/tc/RYOKA_F2_024.kscl
  Image0/binary/layout/tc/RYOKA_F2_025.kscl
  Image0/binary/layout/tc/RYOKA_F3_025.kscl
  Image0/binary/layout/tc/RYOKA_F3_026.kscl
  Image0/binary/layout/tc/RYOKA_F3_027.kscl
  Image0/binary/layout/tc/RYOKA_F3_028.kscl
  Image0/binary/layout/tc/RYOKA_F3_029.kscl
  Image0/binary/layout/tc/RYOKA_F3_030.kscl
  Image0/binary/layout/tc/RYOKA_F3_031.kscl
  Image0/binary/layout/tc/SUIJO_F1_001.kscl
  Image0/binary/layout/tc/SUIJO_F1_002.kscl
  Image0/binary/layout/tc/SUIJO_F1_003.kscl
  Image0/binary/layout/tc/SUIJO_F1_004.kscl
  Image0/binary/layout/tc/SUIJO_F1_005.kscl
  Image0/binary/layout/tc/SUIJO_F1_006.kscl
  Image0/binary/layout/tc/SUIJO_F1_007.kscl
  Image0/binary/layout/tc/SUIJO_F1_008.kscl
  Image0/binary/layout/tc/SUIJO_F1_009.kscl
  Image0/binary/layout/tc/SUIJO_F1_010.kscl
  Image0/binary/layout/tc/SUIJO_F1_011.kscl
  Image0/binary/layout/tc/SUIJO_F1_012.kscl
  Image0/binary/layout/tc/SUIJO_F1_013.kscl
  Image0/binary/layout/tc/SUIJO_F1_014.kscl
  Image0/binary/layout/tc/SUIJO_F1_015.kscl
  Image0/binary/layout/tc/SUIJO_F1_016.kscl
  Image0/binary/layout/tc/SUIJO_F1_017.kscl
  Image0/binary/layout/tc/SUIJO_F1_018.kscl
  Image0/binary/layout/tc/SUIJO_F1_019.kscl
  Image0/binary/layout/tc/SUIJO_F1_020.kscl
  Image0/binary/layout/tc/SUIJO_F1_021.kscl
  Image0/binary/layout/tc/SUIJO_F1_022.kscl
  Image0/binary/layout/tc/SUIJO_F1_023.kscl
  Image0/binary/layout/tc/SUIJO_F1_024.kscl
  Image0/binary/layout/tc/SUIJYO_00.kscl
  Image0/binary/layout/tc/TNNEL_00.kscl
  Image0/binary/layout/tc/TNNEL_F1_001.kscl
  Image0/binary/layout/tc/TNNEL_F1_002.kscl
  Image0/binary/layout/tc/TNNEL_F1_003.kscl
  Image0/binary/layout/tc/TNNEL_F1_004.kscl
  Image0/binary/layout/tc/TNNEL_F1_005.kscl
  Image0/binary/layout/tc/TNNEL_F1_006.kscl
  Image0/binary/layout/tc/TNNEL_F1_007.kscl
  Image0/binary/layout/tc/TNNEL_F1_008.kscl
  Image0/binary/layout/tc/TNNEL_F1_009.kscl
  Image0/binary/layout/tc/TNNEL_F1_010.kscl
  Image0/binary/layout/tc/YAMAM_00.kscl
  Image0/binary/layout/tc/Z01.kscl
  Image0/binary/layout/tc/Z02.kscl
  Image0/binary/layout/tc/Z03.kscl
  Image0/binary/layout/tc/Z04.kscl
  Image0/binary/layout/tc/Z05.kscl
  Image0/binary/layout/tc/Z06.kscl
  Image0/binary/layout/tc/Z07.kscl
  Image0/binary/layout/tc/Z08.kscl
  Image0/binary/layout/tc/Z09.kscl
  Image0/binary/layout/tc/Z10.kscl
  Image0/binary/layout/tc/Z11.kscl
  Image0/binary/layout/tc/Z12.kscl
  Image0/binary/layout/tc/Z13.kscl
  Image0/binary/layout/tc/Z14.kscl
  Image0/binary/layout/tc/Z15.kscl
  Image0/binary/layout/tc/Z16.kscl
  Image0/binary/layout/tc/Z17.kscl
  Image0/binary/layout/tc/Z18.kscl
  Image0/binary/layout/tc/Z19.kscl
  Image0/binary/layout/tc/Z20.kscl
  Image0/binary/layout/tc/Z21.kscl
  Image0/binary/layout/tc/Z22.kscl
  Image0/binary/layout/tc/Z23.kscl
  Image0/binary/layout/tc/Z24.kscl
  Image0/binary/layout/tc/Z25.kscl
  Image0/binary/layout/tc/Z26.kscl
  Image0/binary/layout/tc/Z27.kscl
  Image0/binary/layout/tc/Z28.kscl
  Image0/binary/layout/tc/Z29.kscl
  Image0/binary/layout/tc/Z30.kscl
  Image0/binary/layout/tc/Z31.kscl
  Image0/binary/layout/tc/Z32.kscl
  Image0/binary/layout/tc/Z33.kscl
  Image0/binary/layout/tc/Z34.kscl
  Image0/binary/layout/tc/Z35.kscl
  Image0/binary/layout/tc/Z36.kscl
  Image0/binary/layout/tc/Z37.kscl
  Image0/binary/layout/tc/Z38.kscl
  Image0/binary/layout/tc/Z39.kscl
  Image0/binary/layout/tc/Z40.kscl
  Image0/binary/layout/tc/Z41.kscl
  Image0/binary/layout/tc/Z42.kscl
  Image0/binary/layout/tc/Z43.kscl
  Image0/binary/layout/tc/Z44.kscl
  Image0/binary/layout/tc/Z45.kscl
  Image0/binary/layout/tc/Z46.kscl
  Image0/binary/layout/tc/Z47.kscl
  Image0/binary/layout/tc/Z47misstake.kscl
  Image0/binary/layout/tc/Z48.kscl
  Image0/binary/layout/tc/Z49.kscl
  Image0/binary/layout/tc/Z49_Z50.kscl
  Image0/binary/layout/tc/Z50.kscl
  Image0/binary/layout/tc/Z51.kscl
  Image0/binary/layout/tc/Z52.kscl
  Image0/binary/layout/tc/Z52_mistake.kscl
  Image0/binary/layout/tc/Z53.kscl
  Image0/binary/layout/tc/Z54.kscl
  Image0/binary/layout/tc/Z54_Z55.kscl
  Image0/binary/layout/tc/Z55.kscl
  Image0/binary/layout/tc/Z56.kscl
  Image0/binary/layout/tc/Z57.kscl
  Image0/binary/layout/tc/Z58.kscl
  Image0/binary/layout/tc/Z59.kscl
  Image0/binary/layout/tc/Z60.kscl
  Image0/binary/layout/tc/Z61.kscl
  Image0/binary/layout/tc/Z62.kscl
  Image0/binary/layout/tc/Z62A.kscl
  Image0/binary/layout/tc/Z63.kscl
  Image0/binary/layout/tc/Z64.kscl
  Image0/binary/layout/tc/Z65.kscl
  Image0/binary/layout/tc/Z66.kscl
  Image0/binary/layout/tc/Z67.kscl
  Image0/binary/layout/tc/Z68.kscl
  Image0/binary/layout/tc/camera_layout.kscl
  Image0/binary/layout/tc/change_costume.kscl
  Image0/binary/layout/tc/chara_img_main_01.kscl
  Image0/binary/layout/tc/chara_img_main_02.kscl
  Image0/binary/layout/tc/chara_img_main_03.kscl
  Image0/binary/layout/tc/chara_img_main_04.kscl
  Image0/binary/layout/tc/chara_img_sub_01.kscl
  Image0/binary/layout/tc/chara_img_sub_02.kscl
  Image0/binary/layout/tc/chara_img_sub_03.kscl
  Image0/binary/layout/tc/chara_img_sub_04.kscl
  Image0/binary/layout/tc/chara_img_sub_05.kscl
  Image0/binary/layout/tc/chara_img_sub_06.kscl
  Image0/binary/layout/tc/chara_img_sub_07.kscl
  Image0/binary/layout/tc/chara_img_sub_08.kscl
  Image0/binary/layout/tc/cmn_bg_layout.kscl
  Image0/binary/layout/tc/cmn_blackscreen.kscl
  Image0/binary/layout/tc/cmn_caption.kscl
  Image0/binary/layout/tc/cmn_lens.kscl
  Image0/binary/layout/tc/cmn_msg_window.kscl
  Image0/binary/layout/tc/cmn_scroll.kscl
  Image0/binary/layout/tc/cmn_scroll_move.kscl
  Image0/binary/layout/tc/cmn_start_misson.kscl
  Image0/binary/layout/tc/cmn_status.kscl
  Image0/binary/layout/tc/cmn_tab.kscl
  Image0/binary/layout/tc/cmn_textbox.kscl
M Image0/binary/layout/tc/cmn_title_mission.kscl
  Image0/binary/layout/tc/cmn_window_base.kscl
  Image0/binary/layout/tc/cmn_window_layout.kscl
  Image0/binary/layout/tc/cmn_window_select_parts.kscl
  Image0/binary/layout/tc/cmn_window_yesno_parts.kscl
  Image0/binary/layout/tc/company_layout.kscl
  Image0/binary/layout/tc/event_window.kscl
  Image0/binary/layout/tc/fade_screen.kscl
  Image0/binary/layout/tc/filament.kscl
  Image0/binary/layout/tc/finder.kscl
  Image0/binary/layout/tc/finder_ayane.kscl
  Image0/binary/layout/tc/finder_controller.kscl
  Image0/binary/layout/tc/finder_ren.kscl
  Image0/binary/layout/tc/fnt_name_01.kscl
  Image0/binary/layout/tc/fnt_name_02.kscl
  Image0/binary/layout/tc/fnt_name_03.kscl
  Image0/binary/layout/tc/fnt_name_04.kscl
  Image0/binary/layout/tc/fnt_name_05.kscl
  Image0/binary/layout/tc/fnt_name_06.kscl
  Image0/binary/layout/tc/fnt_name_07.kscl
  Image0/binary/layout/tc/fnt_name_08.kscl
  Image0/binary/layout/tc/fnt_name_09.kscl
  Image0/binary/layout/tc/fnt_name_10.kscl
  Image0/binary/layout/tc/gameover_1_layout.kscl
  Image0/binary/layout/tc/gameover_2_layout.kscl
  Image0/binary/layout/tc/ghostlist_layout.kscl
  Image0/binary/layout/tc/ghostlist_layout_update.kscl
  Image0/binary/layout/tc/hint_photo_cmn.kscl
  Image0/binary/layout/tc/img_BOCHI.kscl
  Image0/binary/layout/tc/img_CABLE_A.kscl
  Image0/binary/layout/tc/img_CABLE_B.kscl
  Image0/binary/layout/tc/img_CBCAR.kscl
  Image0/binary/layout/tc/img_HITAN_A.kscl
  Image0/binary/layout/tc/img_HITAN_B.kscl
  Image0/binary/layout/tc/img_JYUKA_A.kscl
  Image0/binary/layout/tc/img_JYUKA_B.kscl
  Image0/binary/layout/tc/img_KOTTO.kscl
  Image0/binary/layout/tc/img_KOYAS.kscl
  Image0/binary/layout/tc/img_MYIGL.kscl
  Image0/binary/layout/tc/img_MYIGM.kscl
  Image0/binary/layout/tc/img_MYIGS.kscl
  Image0/binary/layout/tc/img_NINGY.kscl
  Image0/binary/layout/tc/img_OIRAN.kscl
  Image0/binary/layout/tc/img_OSORE.kscl
  Image0/binary/layout/tc/img_RENNO.kscl
  Image0/binary/layout/tc/img_RYOKA_A.kscl
  Image0/binary/layout/tc/img_RYOKA_B.kscl
  Image0/binary/layout/tc/img_SUIJYO.kscl
  Image0/binary/layout/tc/img_TNNEL_A.kscl
  Image0/binary/layout/tc/img_TNNEL_B.kscl
  Image0/binary/layout/tc/img_TNNEL_C.kscl
  Image0/binary/layout/tc/img_YAMAM.kscl
  Image0/binary/layout/tc/img_mission_00.kscl
  Image0/binary/layout/tc/img_mission_01.kscl
  Image0/binary/layout/tc/img_mission_02.kscl
  Image0/binary/layout/tc/img_mission_03.kscl
  Image0/binary/layout/tc/img_mission_03_5.kscl
  Image0/binary/layout/tc/img_mission_04.kscl
  Image0/binary/layout/tc/img_mission_05.kscl
  Image0/binary/layout/tc/img_mission_06.kscl
  Image0/binary/layout/tc/img_mission_07.kscl
  Image0/binary/layout/tc/img_mission_08.kscl
  Image0/binary/layout/tc/img_mission_09.kscl
  Image0/binary/layout/tc/img_mission_10.kscl
  Image0/binary/layout/tc/img_mission_11.kscl
  Image0/binary/layout/tc/img_mission_12.kscl
  Image0/binary/layout/tc/img_mission_13.kscl
  Image0/binary/layout/tc/img_mission_14.kscl
  Image0/binary/layout/tc/img_mission_a01.kscl
  Image0/binary/layout/tc/img_mission_a02.kscl
  Image0/binary/layout/tc/img_mission_a03.kscl
  Image0/binary/layout/tc/img_mission_a04.kscl
  Image0/binary/layout/tc/ingame_layout.kscl
  Image0/binary/layout/tc/inventory_layout.kscl
  Image0/binary/layout/tc/item_layout.kscl
  Image0/binary/layout/tc/load_ingame_layout.kscl
  Image0/binary/layout/tc/map_all_layout.kscl
  Image0/binary/layout/tc/map_drc_bg.kscl
  Image0/binary/layout/tc/map_drc_fg.kscl
  Image0/binary/layout/tc/mission_select.kscl
  Image0/binary/layout/tc/mission_start_layout.kscl
  Image0/binary/layout/tc/mission_titel_00.kscl
  Image0/binary/layout/tc/mission_titel_01.kscl
  Image0/binary/layout/tc/mission_titel_02.kscl
  Image0/binary/layout/tc/mission_titel_03.kscl
  Image0/binary/layout/tc/mission_titel_03_5.kscl
  Image0/binary/layout/tc/mission_titel_04.kscl
  Image0/binary/layout/tc/mission_titel_05.kscl
  Image0/binary/layout/tc/mission_titel_06.kscl
  Image0/binary/layout/tc/mission_titel_07.kscl
  Image0/binary/layout/tc/mission_titel_08.kscl
  Image0/binary/layout/tc/mission_titel_09.kscl
  Image0/binary/layout/tc/mission_titel_10.kscl
  Image0/binary/layout/tc/mission_titel_11.kscl
  Image0/binary/layout/tc/mission_titel_12.kscl
  Image0/binary/layout/tc/mission_titel_13.kscl
  Image0/binary/layout/tc/mission_titel_14.kscl
  Image0/binary/layout/tc/mission_titel_a01.kscl
  Image0/binary/layout/tc/mission_titel_a02.kscl
  Image0/binary/layout/tc/mission_titel_a03.kscl
  Image0/binary/layout/tc/mission_titel_a04.kscl
  Image0/binary/layout/tc/nowloading_layout.kscl
M Image0/binary/layout/tc/option_menu.kscl
  Image0/binary/layout/tc/pause_layout.kscl
M Image0/binary/layout/tc/photo_layout.kscl
  Image0/binary/layout/tc/photo_mode_00_noeffect.kscl
  Image0/binary/layout/tc/photo_mode_01_saturation.kscl
  Image0/binary/layout/tc/photo_mode_02_contrast.kscl
  Image0/binary/layout/tc/photo_mode_03_bgr.kscl
  Image0/binary/layout/tc/photo_mode_06_blur.kscl
  Image0/binary/layout/tc/photo_mode_08_mono.kscl
  Image0/binary/layout/tc/photo_mode_09_sepia.kscl
  Image0/binary/layout/tc/photo_mode_11_noise.kscl
  Image0/binary/layout/tc/photo_mode_12_instant.kscl
  Image0/binary/layout/tc/photo_mode_key.kscl
  Image0/binary/layout/tc/photo_mode_setting.kscl
  Image0/binary/layout/tc/photo_mode_shinrei.kscl
  Image0/binary/layout/tc/photo_mode_tegata.kscl
  Image0/binary/layout/tc/popup_msg_tv.kscl
  Image0/binary/layout/tc/prologue_logo_layout.kscl
  Image0/binary/layout/tc/prologue_logo_layout_eu.kscl
  Image0/binary/layout/tc/prologue_logo_layout_us.kscl
M Image0/binary/layout/tc/res_pic_00.kscl
M Image0/binary/layout/tc/res_pic_01.kscl
M Image0/binary/layout/tc/res_pic_02.kscl
M Image0/binary/layout/tc/res_pic_03.kscl
M Image0/binary/layout/tc/res_pic_03_5.kscl
M Image0/binary/layout/tc/res_pic_04.kscl
M Image0/binary/layout/tc/res_pic_05.kscl
M Image0/binary/layout/tc/res_pic_06.kscl
M Image0/binary/layout/tc/res_pic_07.kscl
M Image0/binary/layout/tc/res_pic_08.kscl
M Image0/binary/layout/tc/res_pic_09.kscl
M Image0/binary/layout/tc/res_pic_10.kscl
M Image0/binary/layout/tc/res_pic_11.kscl
M Image0/binary/layout/tc/res_pic_12.kscl
M Image0/binary/layout/tc/res_pic_13.kscl
M Image0/binary/layout/tc/res_pic_14.kscl
M Image0/binary/layout/tc/res_pic_a01.kscl
M Image0/binary/layout/tc/res_pic_b01.kscl
M Image0/binary/layout/tc/result.kscl
  Image0/binary/layout/tc/staff_credit_layout.kscl
  Image0/binary/layout/tc/survey_camera_drc.kscl
  Image0/binary/layout/tc/survey_camera_drctv.kscl
  Image0/binary/layout/tc/survey_camera_tv.kscl
  Image0/binary/layout/tc/system_layout.kscl
  Image0/binary/layout/tc/template.kscl
  Image0/binary/layout/tc/test_photo_mode_shinrei.kscl
  Image0/binary/layout/tc/texture_BTN_pad.kscl
  Image0/binary/layout/tc/tit_mission_00.kscl
  Image0/binary/layout/tc/tit_mission_01.kscl
  Image0/binary/layout/tc/tit_mission_02.kscl
  Image0/binary/layout/tc/tit_mission_03.kscl
  Image0/binary/layout/tc/tit_mission_03_5.kscl
  Image0/binary/layout/tc/tit_mission_04.kscl
  Image0/binary/layout/tc/tit_mission_05.kscl
  Image0/binary/layout/tc/tit_mission_06.kscl
  Image0/binary/layout/tc/tit_mission_07.kscl
  Image0/binary/layout/tc/tit_mission_08.kscl
  Image0/binary/layout/tc/tit_mission_09.kscl
  Image0/binary/layout/tc/tit_mission_10.kscl
  Image0/binary/layout/tc/tit_mission_11.kscl
  Image0/binary/layout/tc/tit_mission_12.kscl
  Image0/binary/layout/tc/tit_mission_13.kscl
  Image0/binary/layout/tc/tit_mission_14.kscl
  Image0/binary/layout/tc/tit_mission_a01.kscl
  Image0/binary/layout/tc/tit_mission_a02.kscl
  Image0/binary/layout/tc/tit_mission_a03.kscl
  Image0/binary/layout/tc/tit_mission_a04.kscl
  Image0/binary/layout/tc/title_btn_layout.kscl
M Image0/binary/layout/tc/title_layout.kscl
M Image0/binary/layout/tc/title_layout_eu.kscl
M Image0/binary/layout/tc/title_layout_us.kscl
  Image0/binary/layout/tc/title_sample.kscl
  Image0/binary/layout/tc/tv_rating_layout.kscl
  Image0/binary/movie/EV0101.mp4
  Image0/binary/movie/EV0103.mp4
  Image0/binary/movie/EV0104.mp4
  Image0/binary/movie/EV0301.mp4
  Image0/binary/movie/EV0606pre1.mp4
  Image0/binary/movie/EV0606pre2.mp4
  Image0/binary/movie/EV1001pre0.mp4
  Image0/binary/movie/EV1001pre1.mp4
  Image0/binary/movie/EV1001pre2.mp4
  Image0/binary/movie/EV1001pre3.mp4
  Image0/binary/movie/EV1001pre4.mp4
  Image0/binary/movie/EV1002pre0.mp4
  Image0/binary/movie/EV1002pre1.mp4
  Image0/binary/movie/EV1002pre2.mp4
  Image0/binary/movie/EV1002pre3_5.mp4
  Image0/binary/movie/EV1601.mp4
  Image0/binary/movie/EV1602pre1.mp4
  Image0/binary/movie/EV1602pre2.mp4
  Image0/binary/movie/EV1603.mp4
  Image0/binary/movie/EV1710.mp4
  Image0/binary/movie/EV1711pre.mp4
  Image0/binary/movie/EV1713.mp4
  Image0/binary/movie/EV1714.mp4
  Image0/binary/movie/EV2202.mp4
  Image0/binary/movie/EV9011.mp4
  Image0/binary/movie/EV9012.mp4
  Image0/binary/movie/EV9013_9053.mp4
  Image0/binary/movie/EV9014.mp4
  Image0/binary/movie/EV9015.mp4
  Image0/binary/movie/EV9016.mp4
  Image0/binary/movie/EV9017_9111.mp4
  Image0/binary/movie/EV9021.mp4
  Image0/binary/movie/EV9022.mp4
  Image0/binary/movie/EV9023.mp4
  Image0/binary/movie/EV9024.mp4
  Image0/binary/movie/EV9041.mp4
  Image0/binary/movie/EV9042.mp4
  Image0/binary/movie/EV9051.mp4
  Image0/binary/movie/EV9052.mp4
  Image0/binary/movie/EV9054.mp4
  Image0/binary/movie/EV9061.mp4
  Image0/binary/movie/EV9071.mp4
  Image0/binary/movie/EV9091.mp4
  Image0/binary/movie/EV9101.mp4
  Image0/binary/movie/EV9121.mp4
  Image0/binary/movie/EV9131.mp4
  Image0/binary/movie/EV9141.mp4
  Image0/binary/movie/EV9151.mp4
  Image0/binary/movie/EV9161.mp4
  Image0/binary/movie/EV9171.mp4
  Image0/binary/movie/EV9181.mp4
  Image0/binary/movie/EV9211.mp4
  Image0/binary/movie/EV9221.mp4
  Image0/binary/movie/EV9231.mp4
  Image0/binary/movie/EV9241.mp4
  Image0/binary/movie/EV9251.mp4
  Image0/binary/movie/EV9261.mp4
  Image0/binary/movie/EV9271.mp4
  Image0/binary/movie/EV9272.mp4
  Image0/binary/movie/EV9281.mp4
  Image0/binary/movie/EV9301.mp4
  Image0/binary/movie/EV9311.mp4
  Image0/binary/movie/EV9321_9331.mp4
  Image0/binary/movie/EV9322.mp4
  Image0/binary/movie/EV9323.mp4
  Image0/binary/movie/EV9332_9341.mp4
  Image0/binary/movie/EV9342.mp4
  Image0/binary/movie/EV9351.mp4
  Image0/binary/movie/EV9361.mp4
  Image0/binary/movie/EV9371.mp4
  Image0/binary/movie/EV9381.mp4
  Image0/binary/movie/EV9431.mp4
  Image0/binary/movie/EV9451.mp4
  Image0/binary/movie/titleback_01.mp4
  Image0/binary/movie/titleback_02.mp4
  Image0/binary/movie/titleback_03.mp4
  Image0/binary/post_effect/cctv/cctv.kps
  Image0/binary/post_effect/ingame/ingame.kps
  Image0/binary/post_effect/post_effect.psf
  Image0/binary/post_effect/rtm/rtm.kps
  Image0/binary/rtm/2DEvent/Event_2DEvent.bin
  Image0/binary/rtm/2DEvent/Event_2DEvent.lad
  Image0/binary/rtm/2DEvent/Event_2DEvent.loadlist
  Image0/binary/rtm/2DEvent/Event_2DEvent.rtmscript
  Image0/binary/rtm/2DEvent/Event_2DEvent_Motion.motpack
  Image0/binary/rtm/2DEvent/Event_2DEvent_col.rtmscript
  Image0/binary/rtm/2DEvent/Event_2DEvent_prg.rtmscrbin
  Image0/binary/rtm/EV0101/Event_EV0101.bin
  Image0/binary/rtm/EV0101/Event_EV0101.gepk
  Image0/binary/rtm/EV0101/Event_EV0101.lad
  Image0/binary/rtm/EV0101/Event_EV0101.loadlist
  Image0/binary/rtm/EV0101/Event_EV0101.rtmscript
  Image0/binary/rtm/EV0101/Event_EV0101_Motion.motpack
  Image0/binary/rtm/EV0101/Event_EV0101_col.rtmscript
  Image0/binary/rtm/EV0101/Event_EV0101_prg.rtmscrbin
  Image0/binary/rtm/EV0102/Event_EV0102.bin
  Image0/binary/rtm/EV0102/Event_EV0102.gepk
  Image0/binary/rtm/EV0102/Event_EV0102.lad
  Image0/binary/rtm/EV0102/Event_EV0102.loadlist
  Image0/binary/rtm/EV0102/Event_EV0102.rtmscript
  Image0/binary/rtm/EV0102/Event_EV0102_Motion.motpack
  Image0/binary/rtm/EV0102/Event_EV0102_col.rtmscript
  Image0/binary/rtm/EV0102/Event_EV0102_prg.rtmscrbin
  Image0/binary/rtm/EV0103/Event_EV0103.bin
  Image0/binary/rtm/EV0103/Event_EV0103.gepk
  Image0/binary/rtm/EV0103/Event_EV0103.lad
  Image0/binary/rtm/EV0103/Event_EV0103.loadlist
  Image0/binary/rtm/EV0103/Event_EV0103.rtmscript
  Image0/binary/rtm/EV0103/Event_EV0103_Motion.motpack
  Image0/binary/rtm/EV0103/Event_EV0103_col.rtmscript
  Image0/binary/rtm/EV0103/Event_EV0103_prg.rtmscrbin
  Image0/binary/rtm/EV0104/Event_EV0104.bin
  Image0/binary/rtm/EV0104/Event_EV0104.gepk
  Image0/binary/rtm/EV0104/Event_EV0104.lad
  Image0/binary/rtm/EV0104/Event_EV0104.loadlist
  Image0/binary/rtm/EV0104/Event_EV0104.rtmscript
  Image0/binary/rtm/EV0104/Event_EV0104_Motion.motpack
  Image0/binary/rtm/EV0104/Event_EV0104_col.rtmscript
  Image0/binary/rtm/EV0104/Event_EV0104_prg.rtmscrbin
  Image0/binary/rtm/EV0105/Event_EV0105.bin
  Image0/binary/rtm/EV0105/Event_EV0105.lad
  Image0/binary/rtm/EV0105/Event_EV0105.loadlist
  Image0/binary/rtm/EV0105/Event_EV0105.rtmscript
  Image0/binary/rtm/EV0105/Event_EV0105_Motion.motpack
  Image0/binary/rtm/EV0105/Event_EV0105_col.rtmscript
  Image0/binary/rtm/EV0105/Event_EV0105_prg.rtmscrbin
  Image0/binary/rtm/EV0201/Event_EV0201.bin
  Image0/binary/rtm/EV0201/Event_EV0201.lad
  Image0/binary/rtm/EV0201/Event_EV0201.loadlist
  Image0/binary/rtm/EV0201/Event_EV0201.rtmscript
  Image0/binary/rtm/EV0201/Event_EV0201_Motion.motpack
  Image0/binary/rtm/EV0201/Event_EV0201_col.rtmscript
  Image0/binary/rtm/EV0201/Event_EV0201_prg.rtmscrbin
  Image0/binary/rtm/EV0202/Event_EV0202.bin
M Image0/binary/rtm/EV0202/Event_EV0202.lad
  Image0/binary/rtm/EV0202/Event_EV0202.loadlist
  Image0/binary/rtm/EV0202/Event_EV0202.rtmscript
  Image0/binary/rtm/EV0202/Event_EV0202_Motion.motpack
  Image0/binary/rtm/EV0202/Event_EV0202_col.rtmscript
  Image0/binary/rtm/EV0202/Event_EV0202_prg.rtmscrbin
  Image0/binary/rtm/EV0203/Event_EV0203.bin
  Image0/binary/rtm/EV0203/Event_EV0203.lad
  Image0/binary/rtm/EV0203/Event_EV0203.loadlist
  Image0/binary/rtm/EV0203/Event_EV0203.rtmscript
  Image0/binary/rtm/EV0203/Event_EV0203_Motion.motpack
  Image0/binary/rtm/EV0203/Event_EV0203_col.rtmscript
  Image0/binary/rtm/EV0203/Event_EV0203_prg.rtmscrbin
  Image0/binary/rtm/EV0204/Event_EV0204.bin
  Image0/binary/rtm/EV0204/Event_EV0204.gepk
M Image0/binary/rtm/EV0204/Event_EV0204.lad
  Image0/binary/rtm/EV0204/Event_EV0204.loadlist
  Image0/binary/rtm/EV0204/Event_EV0204.rtmscript
  Image0/binary/rtm/EV0204/Event_EV0204_Motion.motpack
  Image0/binary/rtm/EV0204/Event_EV0204_col.rtmscript
  Image0/binary/rtm/EV0204/Event_EV0204_prg.rtmscrbin
  Image0/binary/rtm/EV0205/Event_EV0205.bin
  Image0/binary/rtm/EV0205/Event_EV0205.gepk
  Image0/binary/rtm/EV0205/Event_EV0205.lad
  Image0/binary/rtm/EV0205/Event_EV0205.loadlist
  Image0/binary/rtm/EV0205/Event_EV0205.rtmscript
  Image0/binary/rtm/EV0205/Event_EV0205_Motion.motpack
  Image0/binary/rtm/EV0205/Event_EV0205_col.rtmscript
  Image0/binary/rtm/EV0205/Event_EV0205_prg.rtmscrbin
  Image0/binary/rtm/EV0206/Event_EV0206.bin
  Image0/binary/rtm/EV0206/Event_EV0206.lad
  Image0/binary/rtm/EV0206/Event_EV0206.loadlist
  Image0/binary/rtm/EV0206/Event_EV0206.rtmscript
  Image0/binary/rtm/EV0206/Event_EV0206_Motion.motpack
  Image0/binary/rtm/EV0206/Event_EV0206_col.rtmscript
  Image0/binary/rtm/EV0206/Event_EV0206_prg.rtmscrbin
  Image0/binary/rtm/EV0207/Event_EV0207.bin
  Image0/binary/rtm/EV0207/Event_EV0207.lad
  Image0/binary/rtm/EV0207/Event_EV0207.loadlist
  Image0/binary/rtm/EV0207/Event_EV0207.rtmscript
  Image0/binary/rtm/EV0207/Event_EV0207_Motion.motpack
  Image0/binary/rtm/EV0207/Event_EV0207_col.rtmscript
  Image0/binary/rtm/EV0207/Event_EV0207_prg.rtmscrbin
  Image0/binary/rtm/EV0301/Event_EV0301_prg.rtmscrbin
  Image0/binary/rtm/EV0302/Event_EV0302.bin
  Image0/binary/rtm/EV0302/Event_EV0302.gepk
  Image0/binary/rtm/EV0302/Event_EV0302.lad
  Image0/binary/rtm/EV0302/Event_EV0302.loadlist
  Image0/binary/rtm/EV0302/Event_EV0302.rtmscript
  Image0/binary/rtm/EV0302/Event_EV0302_Motion.motpack
  Image0/binary/rtm/EV0302/Event_EV0302_col.rtmscript
  Image0/binary/rtm/EV0302/Event_EV0302_prg.rtmscrbin
  Image0/binary/rtm/EV0303/Event_EV0303.bin
  Image0/binary/rtm/EV0303/Event_EV0303.lad
  Image0/binary/rtm/EV0303/Event_EV0303.loadlist
  Image0/binary/rtm/EV0303/Event_EV0303.rtmscript
  Image0/binary/rtm/EV0303/Event_EV0303_Motion.motpack
  Image0/binary/rtm/EV0303/Event_EV0303_col.rtmscript
  Image0/binary/rtm/EV0303/Event_EV0303_prg.rtmscrbin
  Image0/binary/rtm/EV0304/Event_EV0304.bin
  Image0/binary/rtm/EV0304/Event_EV0304.gepk
  Image0/binary/rtm/EV0304/Event_EV0304.lad
  Image0/binary/rtm/EV0304/Event_EV0304.loadlist
  Image0/binary/rtm/EV0304/Event_EV0304.rtmscript
  Image0/binary/rtm/EV0304/Event_EV0304_Motion.motpack
  Image0/binary/rtm/EV0304/Event_EV0304_col.rtmscript
  Image0/binary/rtm/EV0304/Event_EV0304_prg.rtmscrbin
  Image0/binary/rtm/EV0305/Event_EV0305.bin
  Image0/binary/rtm/EV0305/Event_EV0305.gepk
  Image0/binary/rtm/EV0305/Event_EV0305.lad
  Image0/binary/rtm/EV0305/Event_EV0305.loadlist
  Image0/binary/rtm/EV0305/Event_EV0305.rtmscript
  Image0/binary/rtm/EV0305/Event_EV0305_Motion.motpack
  Image0/binary/rtm/EV0305/Event_EV0305_col.rtmscript
  Image0/binary/rtm/EV0305/Event_EV0305_prg.rtmscrbin
  Image0/binary/rtm/EV0306/Event_EV0306.bin
  Image0/binary/rtm/EV0306/Event_EV0306.gepk
  Image0/binary/rtm/EV0306/Event_EV0306.lad
  Image0/binary/rtm/EV0306/Event_EV0306.loadlist
  Image0/binary/rtm/EV0306/Event_EV0306.rtmscript
  Image0/binary/rtm/EV0306/Event_EV0306_Motion.motpack
  Image0/binary/rtm/EV0306/Event_EV0306_col.rtmscript
  Image0/binary/rtm/EV0306/Event_EV0306_prg.rtmscrbin
  Image0/binary/rtm/EV0400/Event_EV0400_prg.rtmscrbin
  Image0/binary/rtm/EV0401/Event_EV0401.bin
  Image0/binary/rtm/EV0401/Event_EV0401.lad
  Image0/binary/rtm/EV0401/Event_EV0401.loadlist
  Image0/binary/rtm/EV0401/Event_EV0401.rtmscript
  Image0/binary/rtm/EV0401/Event_EV0401_Motion.motpack
  Image0/binary/rtm/EV0401/Event_EV0401_col.rtmscript
  Image0/binary/rtm/EV0401/Event_EV0401_prg.rtmscrbin
  Image0/binary/rtm/EV0402/Event_EV0402.bin
  Image0/binary/rtm/EV0402/Event_EV0402.lad
  Image0/binary/rtm/EV0402/Event_EV0402.loadlist
  Image0/binary/rtm/EV0402/Event_EV0402.rtmscript
  Image0/binary/rtm/EV0402/Event_EV0402_Motion.motpack
  Image0/binary/rtm/EV0402/Event_EV0402_col.rtmscript
  Image0/binary/rtm/EV0402/Event_EV0402_prg.rtmscrbin
  Image0/binary/rtm/EV0403/Event_EV0403.bin
  Image0/binary/rtm/EV0403/Event_EV0403.gepk
  Image0/binary/rtm/EV0403/Event_EV0403.lad
  Image0/binary/rtm/EV0403/Event_EV0403.loadlist
  Image0/binary/rtm/EV0403/Event_EV0403.rtmscript
  Image0/binary/rtm/EV0403/Event_EV0403_Motion.motpack
  Image0/binary/rtm/EV0403/Event_EV0403_col.rtmscript
  Image0/binary/rtm/EV0403/Event_EV0403_prg.rtmscrbin
  Image0/binary/rtm/EV0600/Event_EV0600_prg.rtmscrbin
  Image0/binary/rtm/EV0601/Event_EV0601.bin
  Image0/binary/rtm/EV0601/Event_EV0601.lad
  Image0/binary/rtm/EV0601/Event_EV0601.loadlist
  Image0/binary/rtm/EV0601/Event_EV0601.rtmscript
  Image0/binary/rtm/EV0601/Event_EV0601_Motion.motpack
  Image0/binary/rtm/EV0601/Event_EV0601_col.rtmscript
  Image0/binary/rtm/EV0601/Event_EV0601_prg.rtmscrbin
  Image0/binary/rtm/EV0602/Event_EV0602.bin
  Image0/binary/rtm/EV0602/Event_EV0602.gepk
M Image0/binary/rtm/EV0602/Event_EV0602.lad
  Image0/binary/rtm/EV0602/Event_EV0602.loadlist
  Image0/binary/rtm/EV0602/Event_EV0602.rtmscript
  Image0/binary/rtm/EV0602/Event_EV0602_Motion.motpack
  Image0/binary/rtm/EV0602/Event_EV0602_col.rtmscript
  Image0/binary/rtm/EV0602/Event_EV0602_prg.rtmscrbin
  Image0/binary/rtm/EV0603/Event_EV0603.bin
  Image0/binary/rtm/EV0603/Event_EV0603.lad
  Image0/binary/rtm/EV0603/Event_EV0603.loadlist
  Image0/binary/rtm/EV0603/Event_EV0603.rtmscript
  Image0/binary/rtm/EV0603/Event_EV0603_Motion.motpack
  Image0/binary/rtm/EV0603/Event_EV0603_col.rtmscript
  Image0/binary/rtm/EV0603/Event_EV0603_prg.rtmscrbin
  Image0/binary/rtm/EV0604/Event_EV0604.bin
M Image0/binary/rtm/EV0604/Event_EV0604.lad
  Image0/binary/rtm/EV0604/Event_EV0604.loadlist
  Image0/binary/rtm/EV0604/Event_EV0604.rtmscript
  Image0/binary/rtm/EV0604/Event_EV0604_Motion.motpack
  Image0/binary/rtm/EV0604/Event_EV0604_col.rtmscript
  Image0/binary/rtm/EV0604/Event_EV0604_prg.rtmscrbin
  Image0/binary/rtm/EV0605/Event_EV0605.bin
  Image0/binary/rtm/EV0605/Event_EV0605.gepk
  Image0/binary/rtm/EV0605/Event_EV0605.lad
  Image0/binary/rtm/EV0605/Event_EV0605.loadlist
  Image0/binary/rtm/EV0605/Event_EV0605.rtmscript
  Image0/binary/rtm/EV0605/Event_EV0605_Motion.motpack
  Image0/binary/rtm/EV0605/Event_EV0605_col.rtmscript
  Image0/binary/rtm/EV0605/Event_EV0605_prg.rtmscrbin
  Image0/binary/rtm/EV0606/Event_EV0606.bin
  Image0/binary/rtm/EV0606/Event_EV0606.lad
  Image0/binary/rtm/EV0606/Event_EV0606.loadlist
  Image0/binary/rtm/EV0606/Event_EV0606.rtmscript
  Image0/binary/rtm/EV0606/Event_EV0606_Motion.motpack
  Image0/binary/rtm/EV0606/Event_EV0606_col.rtmscript
  Image0/binary/rtm/EV0606/Event_EV0606_prg.rtmscrbin
  Image0/binary/rtm/EV0606pre1/Event_EV0606pre1.bin
  Image0/binary/rtm/EV0606pre1/Event_EV0606pre1.lad
  Image0/binary/rtm/EV0606pre1/Event_EV0606pre1.loadlist
  Image0/binary/rtm/EV0606pre1/Event_EV0606pre1.rtmscript
  Image0/binary/rtm/EV0606pre1/Event_EV0606pre1_Motion.motpack
  Image0/binary/rtm/EV0606pre1/Event_EV0606pre1_col.rtmscript
  Image0/binary/rtm/EV0606pre1/Event_EV0606pre1_prg.rtmscrbin
  Image0/binary/rtm/EV0702/Event_EV0702.bin
  Image0/binary/rtm/EV0702/Event_EV0702.gepk
M Image0/binary/rtm/EV0702/Event_EV0702.lad
  Image0/binary/rtm/EV0702/Event_EV0702.loadlist
  Image0/binary/rtm/EV0702/Event_EV0702.rtmscript
  Image0/binary/rtm/EV0702/Event_EV0702_Motion.motpack
  Image0/binary/rtm/EV0702/Event_EV0702_col.rtmscript
  Image0/binary/rtm/EV0702/Event_EV0702_prg.rtmscrbin
  Image0/binary/rtm/EV0703/Event_EV0703.bin
  Image0/binary/rtm/EV0703/Event_EV0703.gepk
  Image0/binary/rtm/EV0703/Event_EV0703.lad
  Image0/binary/rtm/EV0703/Event_EV0703.loadlist
  Image0/binary/rtm/EV0703/Event_EV0703.rtmscript
  Image0/binary/rtm/EV0703/Event_EV0703_Motion.motpack
  Image0/binary/rtm/EV0703/Event_EV0703_col.rtmscript
  Image0/binary/rtm/EV0703/Event_EV0703_prg.rtmscrbin
  Image0/binary/rtm/EV0704/Event_EV0704.bin
  Image0/binary/rtm/EV0704/Event_EV0704.gepk
  Image0/binary/rtm/EV0704/Event_EV0704.lad
  Image0/binary/rtm/EV0704/Event_EV0704.loadlist
  Image0/binary/rtm/EV0704/Event_EV0704.rtmscript
  Image0/binary/rtm/EV0704/Event_EV0704_Motion.motpack
  Image0/binary/rtm/EV0704/Event_EV0704_col.rtmscript
  Image0/binary/rtm/EV0704/Event_EV0704_prg.rtmscrbin
  Image0/binary/rtm/EV0705/Event_EV0705.bin
  Image0/binary/rtm/EV0705/Event_EV0705.gepk
  Image0/binary/rtm/EV0705/Event_EV0705.lad
  Image0/binary/rtm/EV0705/Event_EV0705.loadlist
  Image0/binary/rtm/EV0705/Event_EV0705.rtmscript
  Image0/binary/rtm/EV0705/Event_EV0705_Motion.motpack
  Image0/binary/rtm/EV0705/Event_EV0705_col.rtmscript
  Image0/binary/rtm/EV0705/Event_EV0705_prg.rtmscrbin
  Image0/binary/rtm/EV0706/Event_EV0706.bin
M Image0/binary/rtm/EV0706/Event_EV0706.lad
  Image0/binary/rtm/EV0706/Event_EV0706.loadlist
  Image0/binary/rtm/EV0706/Event_EV0706.rtmscript
  Image0/binary/rtm/EV0706/Event_EV0706_Motion.motpack
  Image0/binary/rtm/EV0706/Event_EV0706_col.rtmscript
  Image0/binary/rtm/EV0706/Event_EV0706_prg.rtmscrbin
  Image0/binary/rtm/EV0707/Event_EV0707.bin
  Image0/binary/rtm/EV0707/Event_EV0707.lad
  Image0/binary/rtm/EV0707/Event_EV0707.loadlist
  Image0/binary/rtm/EV0707/Event_EV0707.rtmscript
  Image0/binary/rtm/EV0707/Event_EV0707_Motion.motpack
  Image0/binary/rtm/EV0707/Event_EV0707_col.rtmscript
  Image0/binary/rtm/EV0707/Event_EV0707_prg.rtmscrbin
  Image0/binary/rtm/EV0801/Event_EV0801.bin
  Image0/binary/rtm/EV0801/Event_EV0801.gepk
  Image0/binary/rtm/EV0801/Event_EV0801.lad
  Image0/binary/rtm/EV0801/Event_EV0801.loadlist
  Image0/binary/rtm/EV0801/Event_EV0801.rtmscript
  Image0/binary/rtm/EV0801/Event_EV0801_Motion.motpack
  Image0/binary/rtm/EV0801/Event_EV0801_col.rtmscript
  Image0/binary/rtm/EV0801/Event_EV0801_prg.rtmscrbin
  Image0/binary/rtm/EV0802/Event_EV0802.bin
M Image0/binary/rtm/EV0802/Event_EV0802.lad
  Image0/binary/rtm/EV0802/Event_EV0802.loadlist
  Image0/binary/rtm/EV0802/Event_EV0802.rtmscript
  Image0/binary/rtm/EV0802/Event_EV0802_Motion.motpack
  Image0/binary/rtm/EV0802/Event_EV0802_col.rtmscript
  Image0/binary/rtm/EV0802/Event_EV0802_prg.rtmscrbin
  Image0/binary/rtm/EV0803/Event_EV0803.bin
  Image0/binary/rtm/EV0803/Event_EV0803.lad
  Image0/binary/rtm/EV0803/Event_EV0803.loadlist
  Image0/binary/rtm/EV0803/Event_EV0803.rtmscript
  Image0/binary/rtm/EV0803/Event_EV0803_Motion.motpack
  Image0/binary/rtm/EV0803/Event_EV0803_col.rtmscript
  Image0/binary/rtm/EV0803/Event_EV0803_prg.rtmscrbin
  Image0/binary/rtm/EV0805/Event_EV0805.bin
  Image0/binary/rtm/EV0805/Event_EV0805.gepk
M Image0/binary/rtm/EV0805/Event_EV0805.lad
  Image0/binary/rtm/EV0805/Event_EV0805.loadlist
  Image0/binary/rtm/EV0805/Event_EV0805.rtmscript
  Image0/binary/rtm/EV0805/Event_EV0805_Motion.motpack
  Image0/binary/rtm/EV0805/Event_EV0805_col.rtmscript
  Image0/binary/rtm/EV0805/Event_EV0805_prg.rtmscrbin
  Image0/binary/rtm/EV0901/Event_EV0901.bin
  Image0/binary/rtm/EV0901/Event_EV0901.gepk
  Image0/binary/rtm/EV0901/Event_EV0901.lad
  Image0/binary/rtm/EV0901/Event_EV0901.loadlist
  Image0/binary/rtm/EV0901/Event_EV0901.rtmscript
  Image0/binary/rtm/EV0901/Event_EV0901_Motion.motpack
  Image0/binary/rtm/EV0901/Event_EV0901_col.rtmscript
  Image0/binary/rtm/EV0901/Event_EV0901_prg.rtmscrbin
  Image0/binary/rtm/EV1001/Event_EV1001.bin
  Image0/binary/rtm/EV1001/Event_EV1001.lad
  Image0/binary/rtm/EV1001/Event_EV1001.loadlist
  Image0/binary/rtm/EV1001/Event_EV1001.rtmscript
  Image0/binary/rtm/EV1001/Event_EV1001_Motion.motpack
  Image0/binary/rtm/EV1001/Event_EV1001_col.rtmscript
  Image0/binary/rtm/EV1001/Event_EV1001_prg.rtmscrbin
  Image0/binary/rtm/EV1001pre/Event_EV1001pre.bin
  Image0/binary/rtm/EV1001pre/Event_EV1001pre.lad
  Image0/binary/rtm/EV1001pre/Event_EV1001pre.loadlist
  Image0/binary/rtm/EV1001pre/Event_EV1001pre.rtmscript
  Image0/binary/rtm/EV1001pre/Event_EV1001pre_Motion.motpack
  Image0/binary/rtm/EV1001pre/Event_EV1001pre_col.rtmscript
  Image0/binary/rtm/EV1001pre/Event_EV1001pre_prg.rtmscrbin
  Image0/binary/rtm/EV1002/Event_EV1002.bin
  Image0/binary/rtm/EV1002/Event_EV1002.lad
  Image0/binary/rtm/EV1002/Event_EV1002.loadlist
  Image0/binary/rtm/EV1002/Event_EV1002.rtmscript
  Image0/binary/rtm/EV1002/Event_EV1002_Motion.motpack
  Image0/binary/rtm/EV1002/Event_EV1002_col.rtmscript
  Image0/binary/rtm/EV1002/Event_EV1002_prg.rtmscrbin
  Image0/binary/rtm/EV1002pre1/Event_EV1002pre1.bin
  Image0/binary/rtm/EV1002pre1/Event_EV1002pre1.lad
  Image0/binary/rtm/EV1002pre1/Event_EV1002pre1.loadlist
  Image0/binary/rtm/EV1002pre1/Event_EV1002pre1.rtmscript
  Image0/binary/rtm/EV1002pre1/Event_EV1002pre1_Motion.motpack
  Image0/binary/rtm/EV1002pre1/Event_EV1002pre1_col.rtmscript
  Image0/binary/rtm/EV1002pre1/Event_EV1002pre1_prg.rtmscrbin
  Image0/binary/rtm/EV1101/Event_EV1101.bin
  Image0/binary/rtm/EV1101/Event_EV1101.lad
  Image0/binary/rtm/EV1101/Event_EV1101.loadlist
  Image0/binary/rtm/EV1101/Event_EV1101.rtmscript
  Image0/binary/rtm/EV1101/Event_EV1101_Motion.motpack
  Image0/binary/rtm/EV1101/Event_EV1101_col.rtmscript
  Image0/binary/rtm/EV1101/Event_EV1101_prg.rtmscrbin
  Image0/binary/rtm/EV1102/Event_EV1102.bin
  Image0/binary/rtm/EV1102/Event_EV1102.lad
  Image0/binary/rtm/EV1102/Event_EV1102.loadlist
  Image0/binary/rtm/EV1102/Event_EV1102.rtmscript
  Image0/binary/rtm/EV1102/Event_EV1102_Motion.motpack
  Image0/binary/rtm/EV1102/Event_EV1102_col.rtmscript
  Image0/binary/rtm/EV1102/Event_EV1102_prg.rtmscrbin
  Image0/binary/rtm/EV1201/Event_EV1201.bin
  Image0/binary/rtm/EV1201/Event_EV1201.gepk
  Image0/binary/rtm/EV1201/Event_EV1201.lad
  Image0/binary/rtm/EV1201/Event_EV1201.loadlist
  Image0/binary/rtm/EV1201/Event_EV1201.rtmscript
  Image0/binary/rtm/EV1201/Event_EV1201_Motion.motpack
  Image0/binary/rtm/EV1201/Event_EV1201_col.rtmscript
  Image0/binary/rtm/EV1201/Event_EV1201_prg.rtmscrbin
  Image0/binary/rtm/EV1301/Event_EV1301.bin
  Image0/binary/rtm/EV1301/Event_EV1301.gepk
M Image0/binary/rtm/EV1301/Event_EV1301.lad
  Image0/binary/rtm/EV1301/Event_EV1301.loadlist
  Image0/binary/rtm/EV1301/Event_EV1301.rtmscript
  Image0/binary/rtm/EV1301/Event_EV1301_Motion.motpack
  Image0/binary/rtm/EV1301/Event_EV1301_col.rtmscript
  Image0/binary/rtm/EV1301/Event_EV1301_prg.rtmscrbin
  Image0/binary/rtm/EV1302/Event_EV1302.bin
  Image0/binary/rtm/EV1302/Event_EV1302.gepk
M Image0/binary/rtm/EV1302/Event_EV1302.lad
  Image0/binary/rtm/EV1302/Event_EV1302.loadlist
  Image0/binary/rtm/EV1302/Event_EV1302.rtmscript
  Image0/binary/rtm/EV1302/Event_EV1302_Motion.motpack
  Image0/binary/rtm/EV1302/Event_EV1302_col.rtmscript
  Image0/binary/rtm/EV1302/Event_EV1302_prg.rtmscrbin
  Image0/binary/rtm/EV1303/Event_EV1303.bin
  Image0/binary/rtm/EV1303/Event_EV1303.lad
  Image0/binary/rtm/EV1303/Event_EV1303.loadlist
  Image0/binary/rtm/EV1303/Event_EV1303.rtmscript
  Image0/binary/rtm/EV1303/Event_EV1303_Motion.motpack
  Image0/binary/rtm/EV1303/Event_EV1303_col.rtmscript
  Image0/binary/rtm/EV1303/Event_EV1303_prg.rtmscrbin
  Image0/binary/rtm/EV1401/Event_EV1401.bin
  Image0/binary/rtm/EV1401/Event_EV1401.gepk
  Image0/binary/rtm/EV1401/Event_EV1401.lad
  Image0/binary/rtm/EV1401/Event_EV1401.loadlist
  Image0/binary/rtm/EV1401/Event_EV1401.rtmscript
  Image0/binary/rtm/EV1401/Event_EV1401_Motion.motpack
  Image0/binary/rtm/EV1401/Event_EV1401_col.rtmscript
  Image0/binary/rtm/EV1401/Event_EV1401_prg.rtmscrbin
  Image0/binary/rtm/EV1402/Event_EV1402.bin
  Image0/binary/rtm/EV1402/Event_EV1402.gepk
  Image0/binary/rtm/EV1402/Event_EV1402.lad
  Image0/binary/rtm/EV1402/Event_EV1402.loadlist
  Image0/binary/rtm/EV1402/Event_EV1402.rtmscript
  Image0/binary/rtm/EV1402/Event_EV1402_Motion.motpack
  Image0/binary/rtm/EV1402/Event_EV1402_col.rtmscript
  Image0/binary/rtm/EV1402/Event_EV1402_prg.rtmscrbin
  Image0/binary/rtm/EV1501/Event_EV1501.bin
  Image0/binary/rtm/EV1501/Event_EV1501.lad
  Image0/binary/rtm/EV1501/Event_EV1501.loadlist
  Image0/binary/rtm/EV1501/Event_EV1501.rtmscript
  Image0/binary/rtm/EV1501/Event_EV1501_Motion.motpack
  Image0/binary/rtm/EV1501/Event_EV1501_col.rtmscript
  Image0/binary/rtm/EV1501/Event_EV1501_prg.rtmscrbin
  Image0/binary/rtm/EV1502/Event_EV1502.bin
  Image0/binary/rtm/EV1502/Event_EV1502.gepk
  Image0/binary/rtm/EV1502/Event_EV1502.lad
  Image0/binary/rtm/EV1502/Event_EV1502.loadlist
  Image0/binary/rtm/EV1502/Event_EV1502.rtmscript
  Image0/binary/rtm/EV1502/Event_EV1502_Motion.motpack
  Image0/binary/rtm/EV1502/Event_EV1502_col.rtmscript
  Image0/binary/rtm/EV1502/Event_EV1502_prg.rtmscrbin
  Image0/binary/rtm/EV1504/Event_EV1504.bin
M Image0/binary/rtm/EV1504/Event_EV1504.lad
  Image0/binary/rtm/EV1504/Event_EV1504.loadlist
  Image0/binary/rtm/EV1504/Event_EV1504.rtmscript
  Image0/binary/rtm/EV1504/Event_EV1504_Motion.motpack
  Image0/binary/rtm/EV1504/Event_EV1504_col.rtmscript
  Image0/binary/rtm/EV1504/Event_EV1504_prg.rtmscrbin
  Image0/binary/rtm/EV1601/Event_EV1601.bin
  Image0/binary/rtm/EV1601/Event_EV1601.gepk
  Image0/binary/rtm/EV1601/Event_EV1601.lad
  Image0/binary/rtm/EV1601/Event_EV1601.loadlist
  Image0/binary/rtm/EV1601/Event_EV1601.rtmscript
  Image0/binary/rtm/EV1601/Event_EV1601_Motion.motpack
  Image0/binary/rtm/EV1601/Event_EV1601_col.rtmscript
  Image0/binary/rtm/EV1601/Event_EV1601_prg.rtmscrbin
  Image0/binary/rtm/EV1602/Event_EV1602.bin
  Image0/binary/rtm/EV1602/Event_EV1602.lad
  Image0/binary/rtm/EV1602/Event_EV1602.loadlist
  Image0/binary/rtm/EV1602/Event_EV1602.rtmscript
  Image0/binary/rtm/EV1602/Event_EV1602_Motion.motpack
  Image0/binary/rtm/EV1602/Event_EV1602_col.rtmscript
  Image0/binary/rtm/EV1602/Event_EV1602_prg.rtmscrbin
  Image0/binary/rtm/EV1602pr1/Event_EV1602pr1.bin
  Image0/binary/rtm/EV1602pr1/Event_EV1602pr1.lad
  Image0/binary/rtm/EV1602pr1/Event_EV1602pr1.loadlist
  Image0/binary/rtm/EV1602pr1/Event_EV1602pr1.rtmscript
  Image0/binary/rtm/EV1602pr1/Event_EV1602pr1_Motion.motpack
  Image0/binary/rtm/EV1602pr1/Event_EV1602pr1_col.rtmscript
  Image0/binary/rtm/EV1602pr1/Event_EV1602pr1_prg.rtmscrbin
  Image0/binary/rtm/EV1603/Event_EV1603.bin
  Image0/binary/rtm/EV1603/Event_EV1603.lad
  Image0/binary/rtm/EV1603/Event_EV1603.loadlist
  Image0/binary/rtm/EV1603/Event_EV1603.rtmscript
  Image0/binary/rtm/EV1603/Event_EV1603_Motion.motpack
  Image0/binary/rtm/EV1603/Event_EV1603_col.rtmscript
  Image0/binary/rtm/EV1603/Event_EV1603_prg.rtmscrbin
  Image0/binary/rtm/EV1701/Event_EV1701.bin
  Image0/binary/rtm/EV1701/Event_EV1701.gepk
  Image0/binary/rtm/EV1701/Event_EV1701.lad
  Image0/binary/rtm/EV1701/Event_EV1701.loadlist
  Image0/binary/rtm/EV1701/Event_EV1701.rtmscript
  Image0/binary/rtm/EV1701/Event_EV1701_Motion.motpack
  Image0/binary/rtm/EV1701/Event_EV1701_col.rtmscript
  Image0/binary/rtm/EV1701/Event_EV1701_prg.rtmscrbin
  Image0/binary/rtm/EV1702/Event_EV1702.bin
  Image0/binary/rtm/EV1702/Event_EV1702.gepk
  Image0/binary/rtm/EV1702/Event_EV1702.lad
  Image0/binary/rtm/EV1702/Event_EV1702.loadlist
  Image0/binary/rtm/EV1702/Event_EV1702.rtmscript
  Image0/binary/rtm/EV1702/Event_EV1702_Motion.motpack
  Image0/binary/rtm/EV1702/Event_EV1702_col.rtmscript
  Image0/binary/rtm/EV1702/Event_EV1702_prg.rtmscrbin
  Image0/binary/rtm/EV1703/Event_EV1703.bin
M Image0/binary/rtm/EV1703/Event_EV1703.lad
  Image0/binary/rtm/EV1703/Event_EV1703.loadlist
  Image0/binary/rtm/EV1703/Event_EV1703.rtmscript
  Image0/binary/rtm/EV1703/Event_EV1703_Motion.motpack
  Image0/binary/rtm/EV1703/Event_EV1703_col.rtmscript
  Image0/binary/rtm/EV1703/Event_EV1703_prg.rtmscrbin
  Image0/binary/rtm/EV1704/Event_EV1704.bin
  Image0/binary/rtm/EV1704/Event_EV1704.gepk
  Image0/binary/rtm/EV1704/Event_EV1704.lad
  Image0/binary/rtm/EV1704/Event_EV1704.loadlist
  Image0/binary/rtm/EV1704/Event_EV1704.rtmscript
  Image0/binary/rtm/EV1704/Event_EV1704_Motion.motpack
  Image0/binary/rtm/EV1704/Event_EV1704_col.rtmscript
  Image0/binary/rtm/EV1704/Event_EV1704_prg.rtmscrbin
  Image0/binary/rtm/EV1705/Event_EV1705.bin
M Image0/binary/rtm/EV1705/Event_EV1705.lad
  Image0/binary/rtm/EV1705/Event_EV1705.loadlist
  Image0/binary/rtm/EV1705/Event_EV1705.rtmscript
  Image0/binary/rtm/EV1705/Event_EV1705_Motion.motpack
  Image0/binary/rtm/EV1705/Event_EV1705_col.rtmscript
  Image0/binary/rtm/EV1705/Event_EV1705_prg.rtmscrbin
  Image0/binary/rtm/EV1707/Event_EV1707.bin
  Image0/binary/rtm/EV1707/Event_EV1707.lad
  Image0/binary/rtm/EV1707/Event_EV1707.loadlist
  Image0/binary/rtm/EV1707/Event_EV1707.rtmscript
  Image0/binary/rtm/EV1707/Event_EV1707_Motion.motpack
  Image0/binary/rtm/EV1707/Event_EV1707_col.rtmscript
  Image0/binary/rtm/EV1707/Event_EV1707_prg.rtmscrbin
  Image0/binary/rtm/EV1708/Event_EV1708.bin
  Image0/binary/rtm/EV1708/Event_EV1708.gepk
  Image0/binary/rtm/EV1708/Event_EV1708.lad
  Image0/binary/rtm/EV1708/Event_EV1708.loadlist
  Image0/binary/rtm/EV1708/Event_EV1708.rtmscript
  Image0/binary/rtm/EV1708/Event_EV1708_Motion.motpack
  Image0/binary/rtm/EV1708/Event_EV1708_col.rtmscript
  Image0/binary/rtm/EV1708/Event_EV1708_prg.rtmscrbin
  Image0/binary/rtm/EV1709/Event_EV1709.bin
M Image0/binary/rtm/EV1709/Event_EV1709.lad
  Image0/binary/rtm/EV1709/Event_EV1709.loadlist
  Image0/binary/rtm/EV1709/Event_EV1709.rtmscript
  Image0/binary/rtm/EV1709/Event_EV1709_Motion.motpack
  Image0/binary/rtm/EV1709/Event_EV1709_col.rtmscript
  Image0/binary/rtm/EV1709/Event_EV1709_prg.rtmscrbin
  Image0/binary/rtm/EV1710/Event_EV1710.bin
  Image0/binary/rtm/EV1710/Event_EV1710.gepk
  Image0/binary/rtm/EV1710/Event_EV1710.lad
  Image0/binary/rtm/EV1710/Event_EV1710.loadlist
  Image0/binary/rtm/EV1710/Event_EV1710.rtmscript
  Image0/binary/rtm/EV1710/Event_EV1710_Motion.motpack
  Image0/binary/rtm/EV1710/Event_EV1710_col.rtmscript
  Image0/binary/rtm/EV1710/Event_EV1710_prg.rtmscrbin
  Image0/binary/rtm/EV1711/Event_EV1711.bin
M Image0/binary/rtm/EV1711/Event_EV1711.lad
  Image0/binary/rtm/EV1711/Event_EV1711.loadlist
  Image0/binary/rtm/EV1711/Event_EV1711.rtmscript
  Image0/binary/rtm/EV1711/Event_EV1711_Motion.motpack
  Image0/binary/rtm/EV1711/Event_EV1711_col.rtmscript
  Image0/binary/rtm/EV1711/Event_EV1711_prg.rtmscrbin
  Image0/binary/rtm/EV1711pre/Event_EV1711pre_prg.rtmscrbin
  Image0/binary/rtm/EV1712/Event_EV1712.bin
  Image0/binary/rtm/EV1712/Event_EV1712.gepk
  Image0/binary/rtm/EV1712/Event_EV1712.lad
  Image0/binary/rtm/EV1712/Event_EV1712.loadlist
  Image0/binary/rtm/EV1712/Event_EV1712.rtmscript
  Image0/binary/rtm/EV1712/Event_EV1712_Motion.motpack
  Image0/binary/rtm/EV1712/Event_EV1712_col.rtmscript
  Image0/binary/rtm/EV1712/Event_EV1712_prg.rtmscrbin
  Image0/binary/rtm/EV1713/Event_EV1713.bin
  Image0/binary/rtm/EV1713/Event_EV1713.gepk
  Image0/binary/rtm/EV1713/Event_EV1713.lad
  Image0/binary/rtm/EV1713/Event_EV1713.loadlist
  Image0/binary/rtm/EV1713/Event_EV1713.rtmscript
  Image0/binary/rtm/EV1713/Event_EV1713_Motion.motpack
  Image0/binary/rtm/EV1713/Event_EV1713_col.rtmscript
  Image0/binary/rtm/EV1713/Event_EV1713_prg.rtmscrbin
  Image0/binary/rtm/EV1713_B/Event_EV1713_B_prg.rtmscrbin
  Image0/binary/rtm/EV1714/Event_EV1714.bin
  Image0/binary/rtm/EV1714/Event_EV1714.lad
  Image0/binary/rtm/EV1714/Event_EV1714.loadlist
  Image0/binary/rtm/EV1714/Event_EV1714.rtmscript
  Image0/binary/rtm/EV1714/Event_EV1714_Motion.motpack
  Image0/binary/rtm/EV1714/Event_EV1714_col.rtmscript
  Image0/binary/rtm/EV1714/Event_EV1714_prg.rtmscrbin
  Image0/binary/rtm/EV1714_B/Event_EV1714_B_prg.rtmscrbin
  Image0/binary/rtm/EV1716/Event_EV1716.bin
  Image0/binary/rtm/EV1716/Event_EV1716.lad
  Image0/binary/rtm/EV1716/Event_EV1716.loadlist
  Image0/binary/rtm/EV1716/Event_EV1716.rtmscript
  Image0/binary/rtm/EV1716/Event_EV1716_Motion.motpack
  Image0/binary/rtm/EV1716/Event_EV1716_col.rtmscript
  Image0/binary/rtm/EV1716/Event_EV1716_prg.rtmscrbin
  Image0/binary/rtm/EV1717/Event_EV1717.bin
  Image0/binary/rtm/EV1717/Event_EV1717.lad
  Image0/binary/rtm/EV1717/Event_EV1717.loadlist
  Image0/binary/rtm/EV1717/Event_EV1717.rtmscript
  Image0/binary/rtm/EV1717/Event_EV1717_Motion.motpack
  Image0/binary/rtm/EV1717/Event_EV1717_col.rtmscript
  Image0/binary/rtm/EV1717/Event_EV1717_prg.rtmscrbin
  Image0/binary/rtm/EV1717W/Event_EV1717W.rtmscript
  Image0/binary/rtm/EV2101/Event_EV2101.bin
  Image0/binary/rtm/EV2101/Event_EV2101.gepk
  Image0/binary/rtm/EV2101/Event_EV2101.lad
  Image0/binary/rtm/EV2101/Event_EV2101.loadlist
  Image0/binary/rtm/EV2101/Event_EV2101.rtmscript
  Image0/binary/rtm/EV2101/Event_EV2101_Motion.motpack
  Image0/binary/rtm/EV2101/Event_EV2101_col.rtmscript
  Image0/binary/rtm/EV2101/Event_EV2101_prg.rtmscrbin
  Image0/binary/rtm/EV2102/Event_EV2102.bin
  Image0/binary/rtm/EV2102/Event_EV2102.gepk
  Image0/binary/rtm/EV2102/Event_EV2102.lad
  Image0/binary/rtm/EV2102/Event_EV2102.loadlist
  Image0/binary/rtm/EV2102/Event_EV2102.rtmscript
  Image0/binary/rtm/EV2102/Event_EV2102_Motion.motpack
  Image0/binary/rtm/EV2102/Event_EV2102_col.rtmscript
  Image0/binary/rtm/EV2102/Event_EV2102_prg.rtmscrbin
  Image0/binary/rtm/EV2201/Event_EV2201.bin
M Image0/binary/rtm/EV2201/Event_EV2201.lad
  Image0/binary/rtm/EV2201/Event_EV2201.loadlist
  Image0/binary/rtm/EV2201/Event_EV2201.rtmscript
  Image0/binary/rtm/EV2201/Event_EV2201_Motion.motpack
  Image0/binary/rtm/EV2201/Event_EV2201_col.rtmscript
  Image0/binary/rtm/EV2201/Event_EV2201_prg.rtmscrbin
  Image0/binary/rtm/EV2202/Event_EV2202.bin
  Image0/binary/rtm/EV2202/Event_EV2202.lad
  Image0/binary/rtm/EV2202/Event_EV2202.loadlist
  Image0/binary/rtm/EV2202/Event_EV2202.rtmscript
  Image0/binary/rtm/EV2202/Event_EV2202_Motion.motpack
  Image0/binary/rtm/EV2202/Event_EV2202_col.rtmscript
  Image0/binary/rtm/EV2202/Event_EV2202_prg.rtmscrbin
  Image0/binary/rtm/EV2302/Event_EV2302.bin
  Image0/binary/rtm/EV2302/Event_EV2302.gepk
M Image0/binary/rtm/EV2302/Event_EV2302.lad
  Image0/binary/rtm/EV2302/Event_EV2302.loadlist
  Image0/binary/rtm/EV2302/Event_EV2302.rtmscript
  Image0/binary/rtm/EV2302/Event_EV2302_Motion.motpack
  Image0/binary/rtm/EV2302/Event_EV2302_col.rtmscript
  Image0/binary/rtm/EV2302/Event_EV2302_prg.rtmscrbin
  Image0/binary/rtm/EV2303/Event_EV2303.bin
  Image0/binary/rtm/EV2303/Event_EV2303.gepk
M Image0/binary/rtm/EV2303/Event_EV2303.lad
  Image0/binary/rtm/EV2303/Event_EV2303.loadlist
  Image0/binary/rtm/EV2303/Event_EV2303.rtmscript
  Image0/binary/rtm/EV2303/Event_EV2303_Motion.motpack
  Image0/binary/rtm/EV2303/Event_EV2303_col.rtmscript
  Image0/binary/rtm/EV2303/Event_EV2303_prg.rtmscrbin
  Image0/binary/rtm/EV9011/Event_EV9011.bin
  Image0/binary/rtm/EV9011/Event_EV9011.lad
  Image0/binary/rtm/EV9011/Event_EV9011.loadlist
  Image0/binary/rtm/EV9011/Event_EV9011.rtmscript
  Image0/binary/rtm/EV9011/Event_EV9011_Motion.motpack
  Image0/binary/rtm/EV9011/Event_EV9011_col.rtmscript
  Image0/binary/rtm/EV9011/Event_EV9011_prg.rtmscrbin
  Image0/binary/rtm/EV9012/Event_EV9012.bin
  Image0/binary/rtm/EV9012/Event_EV9012.lad
  Image0/binary/rtm/EV9012/Event_EV9012.loadlist
  Image0/binary/rtm/EV9012/Event_EV9012.rtmscript
  Image0/binary/rtm/EV9012/Event_EV9012_Motion.motpack
  Image0/binary/rtm/EV9012/Event_EV9012_col.rtmscript
  Image0/binary/rtm/EV9012/Event_EV9012_prg.rtmscrbin
  Image0/binary/rtm/EV9014/Event_EV9014.bin
  Image0/binary/rtm/EV9014/Event_EV9014.lad
  Image0/binary/rtm/EV9014/Event_EV9014.loadlist
  Image0/binary/rtm/EV9014/Event_EV9014.rtmscript
  Image0/binary/rtm/EV9014/Event_EV9014_Motion.motpack
  Image0/binary/rtm/EV9014/Event_EV9014_col.rtmscript
  Image0/binary/rtm/EV9014/Event_EV9014_prg.rtmscrbin
  Image0/binary/rtm/EV9015/Event_EV9015.bin
  Image0/binary/rtm/EV9015/Event_EV9015.lad
  Image0/binary/rtm/EV9015/Event_EV9015.loadlist
  Image0/binary/rtm/EV9015/Event_EV9015.rtmscript
  Image0/binary/rtm/EV9015/Event_EV9015_Motion.motpack
  Image0/binary/rtm/EV9015/Event_EV9015_col.rtmscript
  Image0/binary/rtm/EV9015/Event_EV9015_prg.rtmscrbin
  Image0/binary/rtm/EV9016/Event_EV9016.bin
  Image0/binary/rtm/EV9016/Event_EV9016.gepk
  Image0/binary/rtm/EV9016/Event_EV9016.lad
  Image0/binary/rtm/EV9016/Event_EV9016.loadlist
  Image0/binary/rtm/EV9016/Event_EV9016.rtmscript
  Image0/binary/rtm/EV9016/Event_EV9016_Motion.motpack
  Image0/binary/rtm/EV9016/Event_EV9016_col.rtmscript
  Image0/binary/rtm/EV9016/Event_EV9016_prg.rtmscrbin
  Image0/binary/rtm/EV9017/Event_EV9017.bin
  Image0/binary/rtm/EV9017/Event_EV9017.lad
  Image0/binary/rtm/EV9017/Event_EV9017.loadlist
  Image0/binary/rtm/EV9017/Event_EV9017.rtmscript
  Image0/binary/rtm/EV9017/Event_EV9017_Motion.motpack
  Image0/binary/rtm/EV9017/Event_EV9017_col.rtmscript
  Image0/binary/rtm/EV9017/Event_EV9017_prg.rtmscrbin
  Image0/binary/rtm/EV9018/Event_EV9018.bin
  Image0/binary/rtm/EV9018/Event_EV9018.gepk
  Image0/binary/rtm/EV9018/Event_EV9018.lad
  Image0/binary/rtm/EV9018/Event_EV9018.loadlist
  Image0/binary/rtm/EV9018/Event_EV9018.rtmscript
  Image0/binary/rtm/EV9018/Event_EV9018_Motion.motpack
  Image0/binary/rtm/EV9018/Event_EV9018_col.rtmscript
  Image0/binary/rtm/EV9018/Event_EV9018_prg.rtmscrbin
  Image0/binary/rtm/EV9021/Event_EV9021.bin
  Image0/binary/rtm/EV9021/Event_EV9021.gepk
  Image0/binary/rtm/EV9021/Event_EV9021.lad
  Image0/binary/rtm/EV9021/Event_EV9021.loadlist
  Image0/binary/rtm/EV9021/Event_EV9021.rtmscript
  Image0/binary/rtm/EV9021/Event_EV9021_Motion.motpack
  Image0/binary/rtm/EV9021/Event_EV9021_col.rtmscript
  Image0/binary/rtm/EV9021/Event_EV9021_prg.rtmscrbin
  Image0/binary/rtm/EV9022/Event_EV9022.bin
  Image0/binary/rtm/EV9022/Event_EV9022.lad
  Image0/binary/rtm/EV9022/Event_EV9022.loadlist
  Image0/binary/rtm/EV9022/Event_EV9022.rtmscript
  Image0/binary/rtm/EV9022/Event_EV9022_Motion.motpack
  Image0/binary/rtm/EV9022/Event_EV9022_col.rtmscript
  Image0/binary/rtm/EV9022/Event_EV9022_prg.rtmscrbin
  Image0/binary/rtm/EV9023/Event_EV9023.bin
  Image0/binary/rtm/EV9023/Event_EV9023.lad
  Image0/binary/rtm/EV9023/Event_EV9023.loadlist
  Image0/binary/rtm/EV9023/Event_EV9023.rtmscript
  Image0/binary/rtm/EV9023/Event_EV9023_Motion.motpack
  Image0/binary/rtm/EV9023/Event_EV9023_col.rtmscript
  Image0/binary/rtm/EV9023/Event_EV9023_prg.rtmscrbin
  Image0/binary/rtm/EV9041/Event_EV9041.bin
  Image0/binary/rtm/EV9041/Event_EV9041.gepk
  Image0/binary/rtm/EV9041/Event_EV9041.lad
  Image0/binary/rtm/EV9041/Event_EV9041.loadlist
  Image0/binary/rtm/EV9041/Event_EV9041.rtmscript
  Image0/binary/rtm/EV9041/Event_EV9041_Motion.motpack
  Image0/binary/rtm/EV9041/Event_EV9041_col.rtmscript
  Image0/binary/rtm/EV9041/Event_EV9041_prg.rtmscrbin
  Image0/binary/rtm/EV9042/Event_EV9042.bin
  Image0/binary/rtm/EV9042/Event_EV9042.lad
  Image0/binary/rtm/EV9042/Event_EV9042.loadlist
  Image0/binary/rtm/EV9042/Event_EV9042.rtmscript
  Image0/binary/rtm/EV9042/Event_EV9042_Motion.motpack
  Image0/binary/rtm/EV9042/Event_EV9042_col.rtmscript
  Image0/binary/rtm/EV9042/Event_EV9042_prg.rtmscrbin
  Image0/binary/rtm/EV9052/Event_EV9052.bin
  Image0/binary/rtm/EV9052/Event_EV9052.gepk
  Image0/binary/rtm/EV9052/Event_EV9052.lad
  Image0/binary/rtm/EV9052/Event_EV9052.loadlist
  Image0/binary/rtm/EV9052/Event_EV9052.rtmscript
  Image0/binary/rtm/EV9052/Event_EV9052_Motion.motpack
  Image0/binary/rtm/EV9052/Event_EV9052_col.rtmscript
  Image0/binary/rtm/EV9052/Event_EV9052_prg.rtmscrbin
  Image0/binary/rtm/EV9053/Event_EV9053.bin
  Image0/binary/rtm/EV9053/Event_EV9053.gepk
  Image0/binary/rtm/EV9053/Event_EV9053.lad
  Image0/binary/rtm/EV9053/Event_EV9053.loadlist
  Image0/binary/rtm/EV9053/Event_EV9053.rtmscript
  Image0/binary/rtm/EV9053/Event_EV9053_Motion.motpack
  Image0/binary/rtm/EV9053/Event_EV9053_col.rtmscript
  Image0/binary/rtm/EV9053/Event_EV9053_prg.rtmscrbin
  Image0/binary/rtm/EV9054/Event_EV9054.bin
  Image0/binary/rtm/EV9054/Event_EV9054.gepk
  Image0/binary/rtm/EV9054/Event_EV9054.lad
  Image0/binary/rtm/EV9054/Event_EV9054.loadlist
  Image0/binary/rtm/EV9054/Event_EV9054.rtmscript
  Image0/binary/rtm/EV9054/Event_EV9054_Motion.motpack
  Image0/binary/rtm/EV9054/Event_EV9054_col.rtmscript
  Image0/binary/rtm/EV9054/Event_EV9054_prg.rtmscrbin
  Image0/binary/rtm/EV9061/Event_EV9061.bin
  Image0/binary/rtm/EV9061/Event_EV9061.lad
  Image0/binary/rtm/EV9061/Event_EV9061.loadlist
  Image0/binary/rtm/EV9061/Event_EV9061.rtmscript
  Image0/binary/rtm/EV9061/Event_EV9061_Motion.motpack
  Image0/binary/rtm/EV9061/Event_EV9061_col.rtmscript
  Image0/binary/rtm/EV9061/Event_EV9061_prg.rtmscrbin
  Image0/binary/rtm/EV9071/Event_EV9071.bin
  Image0/binary/rtm/EV9071/Event_EV9071.lad
  Image0/binary/rtm/EV9071/Event_EV9071.loadlist
  Image0/binary/rtm/EV9071/Event_EV9071.rtmscript
  Image0/binary/rtm/EV9071/Event_EV9071_Motion.motpack
  Image0/binary/rtm/EV9071/Event_EV9071_col.rtmscript
  Image0/binary/rtm/EV9071/Event_EV9071_prg.rtmscrbin
  Image0/binary/rtm/EV9091/Event_EV9091.bin
  Image0/binary/rtm/EV9091/Event_EV9091.gepk
  Image0/binary/rtm/EV9091/Event_EV9091.lad
  Image0/binary/rtm/EV9091/Event_EV9091.loadlist
  Image0/binary/rtm/EV9091/Event_EV9091.rtmscript
  Image0/binary/rtm/EV9091/Event_EV9091_Motion.motpack
  Image0/binary/rtm/EV9091/Event_EV9091_col.rtmscript
  Image0/binary/rtm/EV9091/Event_EV9091_prg.rtmscrbin
  Image0/binary/rtm/EV9101/Event_EV9101.bin
  Image0/binary/rtm/EV9101/Event_EV9101.lad
  Image0/binary/rtm/EV9101/Event_EV9101.loadlist
  Image0/binary/rtm/EV9101/Event_EV9101.rtmscript
  Image0/binary/rtm/EV9101/Event_EV9101_Motion.motpack
  Image0/binary/rtm/EV9101/Event_EV9101_col.rtmscript
  Image0/binary/rtm/EV9101/Event_EV9101_prg.rtmscrbin
  Image0/binary/rtm/EV9112/Event_EV9112.bin
  Image0/binary/rtm/EV9112/Event_EV9112.gepk
  Image0/binary/rtm/EV9112/Event_EV9112.lad
  Image0/binary/rtm/EV9112/Event_EV9112.loadlist
  Image0/binary/rtm/EV9112/Event_EV9112.rtmscript
  Image0/binary/rtm/EV9112/Event_EV9112_Motion.motpack
  Image0/binary/rtm/EV9112/Event_EV9112_col.rtmscript
  Image0/binary/rtm/EV9112/Event_EV9112_prg.rtmscrbin
  Image0/binary/rtm/EV9113/Event_EV9113.bin
  Image0/binary/rtm/EV9113/Event_EV9113.lad
  Image0/binary/rtm/EV9113/Event_EV9113.loadlist
  Image0/binary/rtm/EV9113/Event_EV9113.rtmscript
  Image0/binary/rtm/EV9113/Event_EV9113_Motion.motpack
  Image0/binary/rtm/EV9113/Event_EV9113_col.rtmscript
  Image0/binary/rtm/EV9113/Event_EV9113_prg.rtmscrbin
  Image0/binary/rtm/EV9121/Event_EV9121.bin
  Image0/binary/rtm/EV9121/Event_EV9121.gepk
  Image0/binary/rtm/EV9121/Event_EV9121.lad
  Image0/binary/rtm/EV9121/Event_EV9121.loadlist
  Image0/binary/rtm/EV9121/Event_EV9121.rtmscript
  Image0/binary/rtm/EV9121/Event_EV9121_Motion.motpack
  Image0/binary/rtm/EV9121/Event_EV9121_col.rtmscript
  Image0/binary/rtm/EV9121/Event_EV9121_prg.rtmscrbin
  Image0/binary/rtm/EV9131/Event_EV9131.bin
  Image0/binary/rtm/EV9131/Event_EV9131.gepk
  Image0/binary/rtm/EV9131/Event_EV9131.lad
  Image0/binary/rtm/EV9131/Event_EV9131.loadlist
  Image0/binary/rtm/EV9131/Event_EV9131.rtmscript
  Image0/binary/rtm/EV9131/Event_EV9131_Motion.motpack
  Image0/binary/rtm/EV9131/Event_EV9131_col.rtmscript
  Image0/binary/rtm/EV9131/Event_EV9131_prg.rtmscrbin
  Image0/binary/rtm/EV9141/Event_EV9141.bin
  Image0/binary/rtm/EV9141/Event_EV9141.gepk
  Image0/binary/rtm/EV9141/Event_EV9141.lad
  Image0/binary/rtm/EV9141/Event_EV9141.loadlist
  Image0/binary/rtm/EV9141/Event_EV9141.rtmscript
  Image0/binary/rtm/EV9141/Event_EV9141_Motion.motpack
  Image0/binary/rtm/EV9141/Event_EV9141_col.rtmscript
  Image0/binary/rtm/EV9141/Event_EV9141_prg.rtmscrbin
  Image0/binary/rtm/EV9151/Event_EV9151.bin
  Image0/binary/rtm/EV9151/Event_EV9151.gepk
  Image0/binary/rtm/EV9151/Event_EV9151.lad
  Image0/binary/rtm/EV9151/Event_EV9151.loadlist
  Image0/binary/rtm/EV9151/Event_EV9151.rtmscript
  Image0/binary/rtm/EV9151/Event_EV9151_Motion.motpack
  Image0/binary/rtm/EV9151/Event_EV9151_col.rtmscript
  Image0/binary/rtm/EV9151/Event_EV9151_prg.rtmscrbin
  Image0/binary/rtm/EV9181/Event_EV9181.bin
  Image0/binary/rtm/EV9181/Event_EV9181.lad
  Image0/binary/rtm/EV9181/Event_EV9181.loadlist
  Image0/binary/rtm/EV9181/Event_EV9181.rtmscript
  Image0/binary/rtm/EV9181/Event_EV9181_Motion.motpack
  Image0/binary/rtm/EV9181/Event_EV9181_col.rtmscript
  Image0/binary/rtm/EV9181/Event_EV9181_prg.rtmscrbin
  Image0/binary/rtm/EV9211/Event_EV9211.bin
  Image0/binary/rtm/EV9211/Event_EV9211.gepk
  Image0/binary/rtm/EV9211/Event_EV9211.lad
  Image0/binary/rtm/EV9211/Event_EV9211.loadlist
  Image0/binary/rtm/EV9211/Event_EV9211.rtmscript
  Image0/binary/rtm/EV9211/Event_EV9211_Motion.motpack
  Image0/binary/rtm/EV9211/Event_EV9211_col.rtmscript
  Image0/binary/rtm/EV9211/Event_EV9211_prg.rtmscrbin
  Image0/binary/rtm/EV9221/Event_EV9221.bin
  Image0/binary/rtm/EV9221/Event_EV9221.lad
  Image0/binary/rtm/EV9221/Event_EV9221.loadlist
  Image0/binary/rtm/EV9221/Event_EV9221.rtmscript
  Image0/binary/rtm/EV9221/Event_EV9221_Motion.motpack
  Image0/binary/rtm/EV9221/Event_EV9221_col.rtmscript
  Image0/binary/rtm/EV9221/Event_EV9221_prg.rtmscrbin
  Image0/binary/rtm/EV9231/Event_EV9231.bin
  Image0/binary/rtm/EV9231/Event_EV9231.gepk
  Image0/binary/rtm/EV9231/Event_EV9231.lad
  Image0/binary/rtm/EV9231/Event_EV9231.loadlist
  Image0/binary/rtm/EV9231/Event_EV9231.rtmscript
  Image0/binary/rtm/EV9231/Event_EV9231_Motion.motpack
  Image0/binary/rtm/EV9231/Event_EV9231_col.rtmscript
  Image0/binary/rtm/EV9231/Event_EV9231_prg.rtmscrbin
  Image0/binary/rtm/EV9241/Event_EV9241.bin
  Image0/binary/rtm/EV9241/Event_EV9241.lad
  Image0/binary/rtm/EV9241/Event_EV9241.loadlist
  Image0/binary/rtm/EV9241/Event_EV9241.rtmscript
  Image0/binary/rtm/EV9241/Event_EV9241_Motion.motpack
  Image0/binary/rtm/EV9241/Event_EV9241_col.rtmscript
  Image0/binary/rtm/EV9241/Event_EV9241_prg.rtmscrbin
  Image0/binary/rtm/EV9251/Event_EV9251.bin
  Image0/binary/rtm/EV9251/Event_EV9251.gepk
  Image0/binary/rtm/EV9251/Event_EV9251.lad
  Image0/binary/rtm/EV9251/Event_EV9251.loadlist
  Image0/binary/rtm/EV9251/Event_EV9251.rtmscript
  Image0/binary/rtm/EV9251/Event_EV9251_Motion.motpack
  Image0/binary/rtm/EV9251/Event_EV9251_col.rtmscript
  Image0/binary/rtm/EV9251/Event_EV9251_prg.rtmscrbin
  Image0/binary/rtm/EV9261/Event_EV9261.bin
  Image0/binary/rtm/EV9261/Event_EV9261.lad
  Image0/binary/rtm/EV9261/Event_EV9261.loadlist
  Image0/binary/rtm/EV9261/Event_EV9261.rtmscript
  Image0/binary/rtm/EV9261/Event_EV9261_Motion.motpack
  Image0/binary/rtm/EV9261/Event_EV9261_col.rtmscript
  Image0/binary/rtm/EV9261/Event_EV9261_prg.rtmscrbin
  Image0/binary/rtm/EV9271/Event_EV9271.bin
  Image0/binary/rtm/EV9271/Event_EV9271.gepk
  Image0/binary/rtm/EV9271/Event_EV9271.lad
  Image0/binary/rtm/EV9271/Event_EV9271.loadlist
  Image0/binary/rtm/EV9271/Event_EV9271.rtmscript
  Image0/binary/rtm/EV9271/Event_EV9271_Motion.motpack
  Image0/binary/rtm/EV9271/Event_EV9271_col.rtmscript
  Image0/binary/rtm/EV9271/Event_EV9271_prg.rtmscrbin
  Image0/binary/rtm/EV9272/Event_EV9272.bin
  Image0/binary/rtm/EV9272/Event_EV9272.gepk
  Image0/binary/rtm/EV9272/Event_EV9272.lad
  Image0/binary/rtm/EV9272/Event_EV9272.loadlist
  Image0/binary/rtm/EV9272/Event_EV9272.rtmscript
  Image0/binary/rtm/EV9272/Event_EV9272_Motion.motpack
  Image0/binary/rtm/EV9272/Event_EV9272_col.rtmscript
  Image0/binary/rtm/EV9272/Event_EV9272_prg.rtmscrbin
  Image0/binary/rtm/EV9281/Event_EV9281.bin
  Image0/binary/rtm/EV9281/Event_EV9281.gepk
  Image0/binary/rtm/EV9281/Event_EV9281.lad
  Image0/binary/rtm/EV9281/Event_EV9281.loadlist
  Image0/binary/rtm/EV9281/Event_EV9281.rtmscript
  Image0/binary/rtm/EV9281/Event_EV9281_Motion.motpack
  Image0/binary/rtm/EV9281/Event_EV9281_col.rtmscript
  Image0/binary/rtm/EV9281/Event_EV9281_prg.rtmscrbin
  Image0/binary/rtm/EV9301/Event_EV9301.bin
  Image0/binary/rtm/EV9301/Event_EV9301.lad
  Image0/binary/rtm/EV9301/Event_EV9301.loadlist
  Image0/binary/rtm/EV9301/Event_EV9301.rtmscript
  Image0/binary/rtm/EV9301/Event_EV9301_Motion.motpack
  Image0/binary/rtm/EV9301/Event_EV9301_col.rtmscript
  Image0/binary/rtm/EV9301/Event_EV9301_prg.rtmscrbin
  Image0/binary/rtm/EV9311/Event_EV9311.bin
  Image0/binary/rtm/EV9311/Event_EV9311.lad
  Image0/binary/rtm/EV9311/Event_EV9311.loadlist
  Image0/binary/rtm/EV9311/Event_EV9311.rtmscript
  Image0/binary/rtm/EV9311/Event_EV9311_Motion.motpack
  Image0/binary/rtm/EV9311/Event_EV9311_col.rtmscript
  Image0/binary/rtm/EV9311/Event_EV9311_prg.rtmscrbin
  Image0/binary/rtm/EV9321/Event_EV9321.bin
  Image0/binary/rtm/EV9321/Event_EV9321.lad
  Image0/binary/rtm/EV9321/Event_EV9321.loadlist
  Image0/binary/rtm/EV9321/Event_EV9321.rtmscript
  Image0/binary/rtm/EV9321/Event_EV9321_Motion.motpack
  Image0/binary/rtm/EV9321/Event_EV9321_col.rtmscript
  Image0/binary/rtm/EV9321/Event_EV9321_prg.rtmscrbin
  Image0/binary/rtm/EV9322/Event_EV9322.bin
  Image0/binary/rtm/EV9322/Event_EV9322.gepk
  Image0/binary/rtm/EV9322/Event_EV9322.lad
  Image0/binary/rtm/EV9322/Event_EV9322.loadlist
  Image0/binary/rtm/EV9322/Event_EV9322.rtmscript
  Image0/binary/rtm/EV9322/Event_EV9322_Motion.motpack
  Image0/binary/rtm/EV9322/Event_EV9322_col.rtmscript
  Image0/binary/rtm/EV9322/Event_EV9322_prg.rtmscrbin
  Image0/binary/rtm/EV9322B/Event_EV9322B.bin
  Image0/binary/rtm/EV9322B/Event_EV9322B.gepk
  Image0/binary/rtm/EV9322B/Event_EV9322B.lad
  Image0/binary/rtm/EV9322B/Event_EV9322B.loadlist
  Image0/binary/rtm/EV9322B/Event_EV9322B.rtmscript
  Image0/binary/rtm/EV9322B/Event_EV9322B_Motion.motpack
  Image0/binary/rtm/EV9322B/Event_EV9322B_col.rtmscript
  Image0/binary/rtm/EV9322B/Event_EV9322B_prg.rtmscrbin
  Image0/binary/rtm/EV9331/Event_EV9331.bin
  Image0/binary/rtm/EV9331/Event_EV9331.lad
  Image0/binary/rtm/EV9331/Event_EV9331.loadlist
  Image0/binary/rtm/EV9331/Event_EV9331.rtmscript
  Image0/binary/rtm/EV9331/Event_EV9331_Motion.motpack
  Image0/binary/rtm/EV9331/Event_EV9331_col.rtmscript
  Image0/binary/rtm/EV9331/Event_EV9331_prg.rtmscrbin
  Image0/binary/rtm/EV9332/Event_EV9332.bin
  Image0/binary/rtm/EV9332/Event_EV9332.lad
  Image0/binary/rtm/EV9332/Event_EV9332.loadlist
  Image0/binary/rtm/EV9332/Event_EV9332.rtmscript
  Image0/binary/rtm/EV9332/Event_EV9332_Motion.motpack
  Image0/binary/rtm/EV9332/Event_EV9332_col.rtmscript
  Image0/binary/rtm/EV9332/Event_EV9332_prg.rtmscrbin
  Image0/binary/rtm/EV9341/Event_EV9341.bin
  Image0/binary/rtm/EV9341/Event_EV9341.gepk
  Image0/binary/rtm/EV9341/Event_EV9341.lad
  Image0/binary/rtm/EV9341/Event_EV9341.loadlist
  Image0/binary/rtm/EV9341/Event_EV9341.rtmscript
  Image0/binary/rtm/EV9341/Event_EV9341_Motion.motpack
  Image0/binary/rtm/EV9341/Event_EV9341_col.rtmscript
  Image0/binary/rtm/EV9341/Event_EV9341_prg.rtmscrbin
  Image0/binary/rtm/EV9342/Event_EV9342.bin
  Image0/binary/rtm/EV9342/Event_EV9342.gepk
  Image0/binary/rtm/EV9342/Event_EV9342.lad
  Image0/binary/rtm/EV9342/Event_EV9342.loadlist
  Image0/binary/rtm/EV9342/Event_EV9342.rtmscript
  Image0/binary/rtm/EV9342/Event_EV9342_Motion.motpack
  Image0/binary/rtm/EV9342/Event_EV9342_col.rtmscript
  Image0/binary/rtm/EV9342/Event_EV9342_prg.rtmscrbin
  Image0/binary/rtm/EV9351/Event_EV9351.bin
  Image0/binary/rtm/EV9351/Event_EV9351.gepk
  Image0/binary/rtm/EV9351/Event_EV9351.lad
  Image0/binary/rtm/EV9351/Event_EV9351.loadlist
  Image0/binary/rtm/EV9351/Event_EV9351.rtmscript
  Image0/binary/rtm/EV9351/Event_EV9351_Motion.motpack
  Image0/binary/rtm/EV9351/Event_EV9351_col.rtmscript
  Image0/binary/rtm/EV9351/Event_EV9351_prg.rtmscrbin
  Image0/binary/rtm/EV9361/Event_EV9361.bin
  Image0/binary/rtm/EV9361/Event_EV9361.gepk
  Image0/binary/rtm/EV9361/Event_EV9361.lad
  Image0/binary/rtm/EV9361/Event_EV9361.loadlist
  Image0/binary/rtm/EV9361/Event_EV9361.rtmscript
  Image0/binary/rtm/EV9361/Event_EV9361_Motion.motpack
  Image0/binary/rtm/EV9361/Event_EV9361_col.rtmscript
  Image0/binary/rtm/EV9361/Event_EV9361_prg.rtmscrbin
  Image0/binary/rtm/EV9371/Event_EV9371.bin
  Image0/binary/rtm/EV9371/Event_EV9371.gepk
  Image0/binary/rtm/EV9371/Event_EV9371.lad
  Image0/binary/rtm/EV9371/Event_EV9371.loadlist
  Image0/binary/rtm/EV9371/Event_EV9371.rtmscript
  Image0/binary/rtm/EV9371/Event_EV9371_Motion.motpack
  Image0/binary/rtm/EV9371/Event_EV9371_col.rtmscript
  Image0/binary/rtm/EV9371/Event_EV9371_prg.rtmscrbin
  Image0/binary/rtm/EV9381/Event_EV9381.bin
  Image0/binary/rtm/EV9381/Event_EV9381.lad
  Image0/binary/rtm/EV9381/Event_EV9381.loadlist
  Image0/binary/rtm/EV9381/Event_EV9381.rtmscript
  Image0/binary/rtm/EV9381/Event_EV9381_Motion.motpack
  Image0/binary/rtm/EV9381/Event_EV9381_col.rtmscript
  Image0/binary/rtm/EV9381/Event_EV9381_prg.rtmscrbin
  Image0/binary/rtm/EV9431/Event_EV9431.bin
  Image0/binary/rtm/EV9431/Event_EV9431.lad
  Image0/binary/rtm/EV9431/Event_EV9431.loadlist
  Image0/binary/rtm/EV9431/Event_EV9431.rtmscript
  Image0/binary/rtm/EV9431/Event_EV9431_Motion.motpack
  Image0/binary/rtm/EV9431/Event_EV9431_col.rtmscript
  Image0/binary/rtm/EV9431/Event_EV9431_prg.rtmscrbin
  Image0/binary/rtm/EV9451/Event_EV9451.bin
  Image0/binary/rtm/EV9451/Event_EV9451.gepk
  Image0/binary/rtm/EV9451/Event_EV9451.lad
  Image0/binary/rtm/EV9451/Event_EV9451.loadlist
  Image0/binary/rtm/EV9451/Event_EV9451.rtmscript
  Image0/binary/rtm/EV9451/Event_EV9451_Motion.motpack
  Image0/binary/rtm/EV9451/Event_EV9451_col.rtmscript
  Image0/binary/rtm/EV9451/Event_EV9451_prg.rtmscrbin
  Image0/binary/rtm/local_clipboard.lad
  Image0/binary/rtm/testEV/Event_testEV.bin
  Image0/binary/rtm/testEV/Event_testEV.gepk
  Image0/binary/rtm/testEV/Event_testEV.lad
  Image0/binary/rtm/testEV/Event_testEV.loadlist
  Image0/binary/rtm/testEV/Event_testEV.rtmscript
  Image0/binary/rtm/testEV/Event_testEV_Motion.motpack
  Image0/binary/rtm/testEV/Event_testEV_col.rtmscript
  Image0/binary/rtm/testEV/Event_testEV_prg.rtmscrbin
  Image0/binary/savedata/save_icon0A_EU.png
  Image0/binary/savedata/save_icon0A_FR.png
  Image0/binary/savedata/save_icon0A_GE.png
  Image0/binary/savedata/save_icon0A_JP.png
  Image0/binary/savedata/save_icon0A_SC.png
  Image0/binary/savedata/save_icon0A_TC.png
  Image0/binary/savedata/save_icon0A_US.png
  Image0/binary/screenshot/overlay_asia.png
  Image0/binary/screenshot/overlay_en.png
  Image0/binary/screenshot/overlay_jp.png
  Image0/binary/shader/CNS/CNS.gspk
  Image0/binary/shader/CNS_At/CNS_At.gspk
  Image0/binary/shader/CWATER/CWATER.gspk
  Image0/binary/shader/CWATER2/CWATER2.gspk
  Image0/binary/shader/CWATER2_T0/CWATER2_T0.gspk
  Image0/binary/shader/CWATER_T0/CWATER_T0.gspk
  Image0/binary/shader/ELIXIR/CopyDepthToColor.fpo
  Image0/binary/shader/ELIXIR/CopyDepthToColor.fsh
  Image0/binary/shader/EYE/EYE.gspk
  Image0/binary/shader/EYE_P/EYE_P.gspk
  Image0/binary/shader/G1E_DEHMNSrgb/G1E_DEHMNSrgb.gspk
  Image0/binary/shader/HAIR_AtCN/HAIR_AtCN.gspk
  Image0/binary/shader/HAIR_AtCNT0Tn/HAIR_AtCNT0Tn.gspk
  Image0/binary/shader/HAIR_AtCNT0TnTs0/HAIR_AtCNT0TnTs0.gspk
  Image0/binary/shader/HAIR_AtN/HAIR_AtN.gspk
  Image0/binary/shader/HAIR_AtNT0Tn/HAIR_AtNT0Tn.gspk
  Image0/binary/shader/HAIR_AtNT0TnTs0/HAIR_AtNT0TnTs0.gspk
  Image0/binary/shader/L5CCTVNF/L5CCTVNF.gspk
  Image0/binary/shader/L5CHWT01_AtCNRi/L5CHWT01_AtCNRi.gspk
  Image0/binary/shader/L5CHWT01_AtFb/L5CHWT01_AtFb.gspk
  Image0/binary/shader/L5CHWT01_AtNRi/L5CHWT01_AtNRi.gspk
  Image0/binary/shader/L5CHWT01_CN/L5CHWT01_CN.gspk
  Image0/binary/shader/L5CHWT01_CNRi/L5CHWT01_CNRi.gspk
  Image0/binary/shader/L5CHWT01_N/L5CHWT01_N.gspk
  Image0/binary/shader/L5CHWT01_NRi/L5CHWT01_NRi.gspk
  Image0/binary/shader/L5CSM/L5CSM.gspk
  Image0/binary/shader/L5CWATER/L5CWATER.gspk
  Image0/binary/shader/L5CWATER2/L5CWATER2.gspk
  Image0/binary/shader/L5CWATER2_T0/L5CWATER2_T0.gspk
  Image0/binary/shader/L5CWATER_T0/L5CWATER_T0.gspk
  Image0/binary/shader/L5DFDFG/L5DFDFG.gspk
  Image0/binary/shader/L5DFDTLC/L5DFDTLC.gspk
  Image0/binary/shader/L5DFD_Ri/L5DFD_Ri.gspk
  Image0/binary/shader/L5DUMMY/L5DUMMY.gspk
  Image0/binary/shader/L5GST00_At/L5GST00_At.gspk
  Image0/binary/shader/L5GST00_AtC/L5GST00_AtC.gspk
  Image0/binary/shader/L5GST00_AtCN/L5GST00_AtCN.gspk
  Image0/binary/shader/L5GST00_AtN/L5GST00_AtN.gspk
  Image0/binary/shader/L5GST00_CN/L5GST00_CN.gspk
  Image0/binary/shader/L5GST00_N/L5GST00_N.gspk
  Image0/binary/shader/L5GSTEFF/L5GSTEFF.gspk
  Image0/binary/shader/L5HAIR00_AtCN/L5HAIR00_AtCN.gspk
  Image0/binary/shader/L5HAIR00_AtCNRi/L5HAIR00_AtCNRi.gspk
  Image0/binary/shader/L5HAIR00_AtN/L5HAIR00_AtN.gspk
  Image0/binary/shader/L5HAIR00_AtNRi/L5HAIR00_AtNRi.gspk
  Image0/binary/shader/L5MIRROR/L5MIRROR.gspk
  Image0/binary/shader/L5MR/L5MR.gspk
  Image0/binary/shader/L5RAIN/L5RAIN.gspk
  Image0/binary/shader/L5SBL/L5SBL.gspk
  Image0/binary/shader/L5SC/L5SC.gspk
  Image0/binary/shader/L5SKWT00_N/L5SKWT00_N.gspk
  Image0/binary/shader/L5SKWT00_NRi/L5SKWT00_NRi.gspk
  Image0/binary/shader/L5SWATER/L5SWATER.gspk
  Image0/binary/shader/L5SWATER_T0/L5SWATER_T0.gspk
  Image0/binary/shader/L5TEAR_AtNT0Tn/L5TEAR_AtNT0Tn.gspk
  Image0/binary/shader/L5WTSF00_N/L5WTSF00_N.gspk
  Image0/binary/shader/L5WTSF00_NTn/L5WTSF00_NTn.gspk
  Image0/binary/shader/L5WTSF00_Nb/L5WTSF00_Nb.gspk
  Image0/binary/shader/L5WTSF00_NbTn/L5WTSF00_NbTn.gspk
  Image0/binary/shader/LAYOUT/LAYOUT.gspk
  Image0/binary/shader/SM/SM.gspk
  Image0/binary/shader/SMTRCP_At/SMTRCP_At.gspk
  Image0/binary/shader/SM_At/SM_At.gspk
  Image0/binary/shader/SM_AtC/SM_AtC.gspk
  Image0/binary/shader/SM_AtCT0/SM_AtCT0.gspk
  Image0/binary/shader/SM_AtT0/SM_AtT0.gspk
  Image0/binary/shader/SM_C/SM_C.gspk
  Image0/binary/shader/STD/STD.gspk
  Image0/binary/shader/STD_At/STD_At.gspk
  Image0/binary/shader/STD_AtC/STD_AtC.gspk
  Image0/binary/shader/STD_AtCN/STD_AtCN.gspk
  Image0/binary/shader/STD_AtCNRi/STD_AtCNRi.gspk
  Image0/binary/shader/STD_AtCNT0/STD_AtCNT0.gspk
  Image0/binary/shader/STD_AtCT0/STD_AtCT0.gspk
  Image0/binary/shader/STD_AtE/STD_AtE.gspk
  Image0/binary/shader/STD_AtENSb/STD_AtENSb.gspk
  Image0/binary/shader/STD_AtEf/STD_AtEf.gspk
  Image0/binary/shader/STD_AtFbNTn/STD_AtFbNTn.gspk
  Image0/binary/shader/STD_AtN/STD_AtN.gspk
  Image0/binary/shader/STD_AtNRc/STD_AtNRc.gspk
  Image0/binary/shader/STD_AtNRcSb/STD_AtNRcSb.gspk
  Image0/binary/shader/STD_AtNRi/STD_AtNRi.gspk
  Image0/binary/shader/STD_AtNSb/STD_AtNSb.gspk
  Image0/binary/shader/STD_AtNSbT0/STD_AtNSbT0.gspk
  Image0/binary/shader/STD_AtNT0/STD_AtNT0.gspk
  Image0/binary/shader/STD_AtNT0Tn/STD_AtNT0Tn.gspk
  Image0/binary/shader/STD_AtNTn/STD_AtNTn.gspk
  Image0/binary/shader/STD_AtRc/STD_AtRc.gspk
  Image0/binary/shader/STD_AtRcSb/STD_AtRcSb.gspk
  Image0/binary/shader/STD_AtSb/STD_AtSb.gspk
  Image0/binary/shader/STD_AtSbT0/STD_AtSbT0.gspk
  Image0/binary/shader/STD_AtT0/STD_AtT0.gspk
  Image0/binary/shader/STD_C/STD_C.gspk
  Image0/binary/shader/STD_CN/STD_CN.gspk
  Image0/binary/shader/STD_CNRi/STD_CNRi.gspk
  Image0/binary/shader/STD_CNT0/STD_CNT0.gspk
  Image0/binary/shader/STD_CT0/STD_CT0.gspk
  Image0/binary/shader/STD_E/STD_E.gspk
  Image0/binary/shader/STD_EN/STD_EN.gspk
  Image0/binary/shader/STD_ENSb/STD_ENSb.gspk
  Image0/binary/shader/STD_Ef/STD_Ef.gspk
  Image0/binary/shader/STD_EfN/STD_EfN.gspk
  Image0/binary/shader/STD_Fb/STD_Fb.gspk
  Image0/binary/shader/STD_FbN/STD_FbN.gspk
  Image0/binary/shader/STD_FbNSb/STD_FbNSb.gspk
  Image0/binary/shader/STD_FbNSbT0/STD_FbNSbT0.gspk
  Image0/binary/shader/STD_FbNT0/STD_FbNT0.gspk
  Image0/binary/shader/STD_FbSb/STD_FbSb.gspk
  Image0/binary/shader/STD_FbSbT0/STD_FbSbT0.gspk
  Image0/binary/shader/STD_FbT0/STD_FbT0.gspk
  Image0/binary/shader/STD_N/STD_N.gspk
  Image0/binary/shader/STD_NRi/STD_NRi.gspk
  Image0/binary/shader/STD_NRiSb/STD_NRiSb.gspk
  Image0/binary/shader/STD_NSb/STD_NSb.gspk
  Image0/binary/shader/STD_NSbT0/STD_NSbT0.gspk
  Image0/binary/shader/STD_NT0/STD_NT0.gspk
  Image0/binary/shader/STD_Sb/STD_Sb.gspk
  Image0/binary/shader/STD_SbT0/STD_SbT0.gspk
  Image0/binary/shader/STD_T0/STD_T0.gspk
  Image0/binary/shader/SWATER/SWATER.gspk
  Image0/binary/shader/SWATER_T0/SWATER_T0.gspk
  Image0/binary/shader/TRCP_AtNRc/TRCP_AtNRc.gspk
  Image0/binary/shader/TRCP_AtNRcSb/TRCP_AtNRcSb.gspk
  Image0/binary/shader/TRCP_AtNSb/TRCP_AtNSb.gspk
  Image0/binary/shader/TRCP_AtRc/TRCP_AtRc.gspk
  Image0/binary/shader/TRCP_AtRcSb/TRCP_AtRcSb.gspk
  Image0/binary/shader/TRCP_AtSb/TRCP_AtSb.gspk
  Image0/binary/sound/bgm/CHR_REI_STR000.g1l
  Image0/binary/sound/bgm/CHR_REI_STR001.g1l
  Image0/binary/sound/bgm/CHR_REI_STR002.g1l
  Image0/binary/sound/bgm/CHR_REI_STR003.g1l
  Image0/binary/sound/bgm/CHR_REI_STR004.g1l
  Image0/binary/sound/bgm/CHR_REI_STR005.g1l
  Image0/binary/sound/bgm/CHR_REI_STR006.g1l
  Image0/binary/sound/bgm/CHR_REI_STR007.g1l
  Image0/binary/sound/bgm/CHR_REI_STR008.g1l
  Image0/binary/sound/bgm/CHR_REI_STR009.g1l
  Image0/binary/sound/bgm/CHR_REI_STR010.g1l
  Image0/binary/sound/bgm/CHR_REI_STR011.g1l
  Image0/binary/sound/bgm/CHR_REI_STR012.g1l
  Image0/binary/sound/bgm/CHR_REI_STR013.g1l
  Image0/binary/sound/bgm/CHR_REI_STR014.g1l
  Image0/binary/sound/bgm/CHR_REI_STR015.g1l
  Image0/binary/sound/bgm/CHR_REI_STR016.g1l
  Image0/binary/sound/bgm/CHR_REI_STR017.g1l
  Image0/binary/sound/bgm/CHR_REI_STR018.g1l
  Image0/binary/sound/bgm/CHR_REI_STR019.g1l
  Image0/binary/sound/bgm/CHR_REI_STR020.g1l
  Image0/binary/sound/bgm/CHR_REI_STR021.g1l
  Image0/binary/sound/bgm/CHR_REI_STR022.g1l
  Image0/binary/sound/bgm/CHR_REI_STR023.g1l
  Image0/binary/sound/bgm/CHR_REI_STR024.g1l
  Image0/binary/sound/bgm/CHR_REI_STR025.g1l
  Image0/binary/sound/bgm/CHR_REI_STR026.g1l
  Image0/binary/sound/bgm/CHR_REI_STR027.g1l
  Image0/binary/sound/bgm/CHR_REI_STR028.g1l
  Image0/binary/sound/bgm/CHR_REI_STR029.g1l
  Image0/binary/sound/bgm/CHR_REI_STR030.g1l
  Image0/binary/sound/bgm/CHR_REI_STR031.g1l
  Image0/binary/sound/bgm/CHR_REI_STR032.g1l
  Image0/binary/sound/bgm/CHR_REI_STR033.g1l
  Image0/binary/sound/bgm/CHR_REI_STR034.g1l
  Image0/binary/sound/bgm/CHR_REI_STR035.g1l
  Image0/binary/sound/bgm/CHR_REI_STR036.g1l
  Image0/binary/sound/bgm/CHR_REI_STR037.g1l
  Image0/binary/sound/bgm/CHR_REI_STR038.g1l
  Image0/binary/sound/bgm/CHR_REI_STR039.g1l
  Image0/binary/sound/bgm/CHR_REI_STR040.g1l
  Image0/binary/sound/bgm/CHR_REI_STR041.g1l
  Image0/binary/sound/bgm/CHR_REI_STR042.g1l
  Image0/binary/sound/bgm/CHR_REI_STR043.g1l
  Image0/binary/sound/bgm/CHR_REI_STR044.g1l
  Image0/binary/sound/bgm/CHR_REI_STR045.g1l
  Image0/binary/sound/bgm/CHR_REI_STR046.g1l
  Image0/binary/sound/bgm/CHR_REI_STR047.g1l
  Image0/binary/sound/bgm/CHR_REI_STR048.g1l
  Image0/binary/sound/bgm/CHR_REI_STR049.g1l
  Image0/binary/sound/bgm/CHR_REI_STR050.g1l
  Image0/binary/sound/bgm/CHR_REI_STR051.g1l
  Image0/binary/sound/bgm/CHR_REI_STR052.g1l
  Image0/binary/sound/bgm/CHR_REI_STR053.g1l
  Image0/binary/sound/bgm/CHR_REI_STR054.g1l
  Image0/binary/sound/bgm/CHR_REI_STR055.g1l
  Image0/binary/sound/bgm/CHR_REI_STR056.g1l
  Image0/binary/sound/bgm/CHR_REI_STR057.g1l
  Image0/binary/sound/bgm/CHR_REI_STR058.g1l
  Image0/binary/sound/bgm/CHR_REI_STR059.g1l
  Image0/binary/sound/bgm/CHR_REI_STR060.g1l
  Image0/binary/sound/bgm/CHR_REI_STR061.g1l
  Image0/binary/sound/bgm/CHR_REI_STR062.g1l
  Image0/binary/sound/bgm/CHR_REI_STR063.g1l
  Image0/binary/sound/bgm/CHR_REI_STR064.g1l
  Image0/binary/sound/bgm/CHR_REI_STR065.g1l
  Image0/binary/sound/bgm/CHR_REI_STR066.g1l
  Image0/binary/sound/bgm/CHR_REI_STR200.g1l
  Image0/binary/sound/bgm/CHR_REI_STR201.g1l
  Image0/binary/sound/bgm/CHR_REI_STR202.g1l
  Image0/binary/sound/bgm/CHR_REI_STR203.g1l
  Image0/binary/sound/bgm/CHR_REI_STR204.g1l
  Image0/binary/sound/bgm/CHR_REI_STR205.g1l
  Image0/binary/sound/bgm/CHR_REI_STR206.g1l
  Image0/binary/sound/bgm/CHR_REI_STR207.g1l
  Image0/binary/sound/bgm/CHR_REI_STR208.g1l
  Image0/binary/sound/bgm/CHR_REI_STR209.g1l
  Image0/binary/sound/bgm/CHR_REI_STR210.g1l
  Image0/binary/sound/bgm/CHR_REI_STR211.g1l
  Image0/binary/sound/bgm/CHR_REI_STR212.g1l
  Image0/binary/sound/bgm/CHR_REI_STR213.g1l
  Image0/binary/sound/bgm/CHR_REI_STR214.g1l
  Image0/binary/sound/bgm/CHR_REI_STR215.g1l
  Image0/binary/sound/bgm/CHR_REI_STR216.g1l
  Image0/binary/sound/bgm/CHR_REI_STR217.g1l
  Image0/binary/sound/bgm/CHR_REI_STR218.g1l
  Image0/binary/sound/bgm/CHR_REI_STR219.g1l
  Image0/binary/sound/bgm/CHR_REI_STR220.g1l
  Image0/binary/sound/bgm/CHR_REI_STR221.g1l
  Image0/binary/sound/bgm/CHR_REI_STR222.g1l
  Image0/binary/sound/bgm/CHR_REI_STR223.g1l
  Image0/binary/sound/bgm/CHR_REI_STR224.g1l
  Image0/binary/sound/bgm/CHR_REI_STR225.g1l
  Image0/binary/sound/bgm/CHR_REI_STR226.g1l
  Image0/binary/sound/bgm/CHR_REI_STR227.g1l
  Image0/binary/sound/bgm/CHR_REI_STR228.g1l
  Image0/binary/sound/bgm/CHR_REI_STR229.g1l
  Image0/binary/sound/bgm/CHR_REI_STR230.g1l
  Image0/binary/sound/bgm/CHR_REI_STR231.g1l
  Image0/binary/sound/bgm/CHR_REI_STR232.g1l
  Image0/binary/sound/bgm/CHR_REI_STR233.g1l
  Image0/binary/sound/bgm/CHR_REI_STR234.g1l
  Image0/binary/sound/bgm/CHR_REI_STR235.g1l
  Image0/binary/sound/bgm/CHR_REI_STR236.g1l
  Image0/binary/sound/bgm/CHR_REI_STR237.g1l
  Image0/binary/sound/bgm/CHR_REI_STR238.g1l
  Image0/binary/sound/bgm/CHR_REI_STR239.g1l
  Image0/binary/sound/bgm/CHR_REI_STR240.g1l
  Image0/binary/sound/bgm/CHR_REI_STR241.g1l
  Image0/binary/sound/bgm/CHR_REI_STR242.g1l
  Image0/binary/sound/bgm/CHR_REI_STR243.g1l
  Image0/binary/sound/bgm/CHR_REI_STR244.g1l
  Image0/binary/sound/bgm/CHR_REI_STR245.g1l
  Image0/binary/sound/bgm/CHR_REI_STR246.g1l
  Image0/binary/sound/bgm/CHR_REI_STR247.g1l
  Image0/binary/sound/bgm/CHR_REI_STR248.g1l
  Image0/binary/sound/bgm/CHR_REI_STR249.g1l
  Image0/binary/sound/bgm/CHR_REI_STR250.g1l
  Image0/binary/sound/bgm/CHR_REI_STR251.g1l
  Image0/binary/sound/bgm/CHR_REI_STR252.g1l
  Image0/binary/sound/bgm/CHR_REI_STR253.g1l
  Image0/binary/sound/bgm/CHR_REI_STR254.g1l
  Image0/binary/sound/bgm/CHR_REI_STR255.g1l
  Image0/binary/sound/bgm/CHR_REI_STR256.g1l
  Image0/binary/sound/bgm/CHR_REI_STR257.g1l
  Image0/binary/sound/bgm/CHR_REI_STR258.g1l
  Image0/binary/sound/bgm/CHR_REI_STR259.g1l
  Image0/binary/sound/bgm/CHR_REI_STR260.g1l
  Image0/binary/sound/bgm/CHR_REI_STR261.g1l
  Image0/binary/sound/bgm/CHR_REI_STR262.g1l
  Image0/binary/sound/bgm/CHR_REI_STR263.g1l
  Image0/binary/sound/bgm/CHR_REI_STR264.g1l
  Image0/binary/sound/bgm/CHR_REI_STR265.g1l
  Image0/binary/sound/bgm/CHR_REI_STR266.g1l
  Image0/binary/sound/bgm/EXT_STR000.g1l
  Image0/binary/sound/bgm/EXT_STR001.g1l
  Image0/binary/sound/bgm/EXT_STR010.g1l
  Image0/binary/sound/bgm/EXT_STR011.g1l
  Image0/binary/sound/bgm/EXT_STR012.g1l
  Image0/binary/sound/bgm/EXT_STR013.g1l
  Image0/binary/sound/bgm/EXT_STR014.g1l
  Image0/binary/sound/bgm/EXT_STR015.g1l
  Image0/binary/sound/bgm/EXT_STR016.g1l
  Image0/binary/sound/bgm/EXT_STR020.g1l
  Image0/binary/sound/bgm/EXT_STR021.g1l
  Image0/binary/sound/bgm/EXT_STR022.g1l
  Image0/binary/sound/bgm/EXT_STR023.g1l
  Image0/binary/sound/bgm/EXT_STR024.g1l
  Image0/binary/sound/bgm/EXT_STR025.g1l
  Image0/binary/sound/bgm/EXT_STR211.g1l
  Image0/binary/sound/bgm/EXT_STR220.g1l
  Image0/binary/sound/bgm/EXT_STR221.g1l
  Image0/binary/sound/bgm/EXT_STR222.g1l
  Image0/binary/sound/bgm/EXT_STR223.g1l
  Image0/binary/sound/bgm/EXT_STR224.g1l
  Image0/binary/sound/bgm/EXT_STR225.g1l
  Image0/binary/sound/bgm/KAN_STR000.g1l
  Image0/binary/sound/bgm/KAN_STR001.g1l
  Image0/binary/sound/bgm/KAN_STR005.g1l
  Image0/binary/sound/bgm/KAN_STR006.g1l
  Image0/binary/sound/bgm/KAN_STR007.g1l
  Image0/binary/sound/bgm/KAN_STR008.g1l
  Image0/binary/sound/bgm/KAN_STR010.g1l
  Image0/binary/sound/bgm/KAN_STR011.g1l
  Image0/binary/sound/bgm/KAN_STR012.g1l
  Image0/binary/sound/bgm/KAN_STR013.g1l
  Image0/binary/sound/bgm/KAN_STR014.g1l
  Image0/binary/sound/bgm/KAN_STR015.g1l
  Image0/binary/sound/bgm/KAN_STR016.g1l
  Image0/binary/sound/bgm/KAN_STR017.g1l
  Image0/binary/sound/bgm/KAN_STR020.g1l
  Image0/binary/sound/bgm/KAN_STR021.g1l
  Image0/binary/sound/bgm/KAN_STR022.g1l
  Image0/binary/sound/bgm/KAN_STR023.g1l
  Image0/binary/sound/bgm/KAN_STR024.g1l
  Image0/binary/sound/bgm/KAN_STR030.g1l
  Image0/binary/sound/bgm/KAN_STR031.g1l
  Image0/binary/sound/bgm/KAN_STR040.g1l
  Image0/binary/sound/bgm/KAN_STR041.g1l
  Image0/binary/sound/bgm/KAN_STR042.g1l
  Image0/binary/sound/bgm/KAN_STR043.g1l
  Image0/binary/sound/bgm/KAN_STR050.g1l
  Image0/binary/sound/bgm/KAN_STR051.g1l
  Image0/binary/sound/bgm/KAN_STR060.g1l
  Image0/binary/sound/bgm/KAN_STR061.g1l
  Image0/binary/sound/bgm/KAN_STR070.g1l
  Image0/binary/sound/bgm/KAN_STR080.g1l
  Image0/binary/sound/bgm/KAN_STR090.g1l
  Image0/binary/sound/bgm/KAN_STR100.g1l
  Image0/binary/sound/bgm/KAN_STR110.g1l
  Image0/binary/sound/bgm/KAN_STR120.g1l
  Image0/binary/sound/bgm/KAN_STR130.g1l
  Image0/binary/sound/bgm/KAN_STR140.g1l
  Image0/binary/sound/bgm/KAN_STR150.g1l
  Image0/binary/sound/bgm/KAN_STR155.g1l
  Image0/binary/sound/bgm/KAN_STR160.g1l
  Image0/binary/sound/bgm/KAN_STR165.g1l
  Image0/binary/sound/bgm/KAN_STR170.g1l
  Image0/binary/sound/bgm/KAN_STR175.g1l
  Image0/binary/sound/bgm/KAN_STR180.g1l
  Image0/binary/sound/bgm/KAN_STR181.g1l
  Image0/binary/sound/bgm/KAN_STR185.g1l
  Image0/binary/sound/bgm/KAN_STR190.g1l
  Image0/binary/sound/bgm/KAN_STR191.g1l
  Image0/binary/sound/bgm/MOV_STR001.g1l
  Image0/binary/sound/bgm/MOV_STR002.g1l
  Image0/binary/sound/bgm/MOV_STR003.g1l
  Image0/binary/sound/bgm/MOV_STR004.g1l
  Image0/binary/sound/bgm/MOV_STR005.g1l
  Image0/binary/sound/bgm/MOV_STR006.g1l
  Image0/binary/sound/bgm/MOV_STR007.g1l
  Image0/binary/sound/bgm/MOV_STR008.g1l
  Image0/binary/sound/bgm/MOV_STR009.g1l
  Image0/binary/sound/bgm/MOV_STR010.g1l
  Image0/binary/sound/bgm/MOV_STR011.g1l
  Image0/binary/sound/bgm/MOV_STR012.g1l
  Image0/binary/sound/bgm/MOV_STR013.g1l
  Image0/binary/sound/bgm/MOV_STR014.g1l
  Image0/binary/sound/bgm/MOV_STR015.g1l
  Image0/binary/sound/bgm/MOV_STR016.g1l
  Image0/binary/sound/bgm/MOV_STR017.g1l
  Image0/binary/sound/bgm/MOV_STR018.g1l
  Image0/binary/sound/bgm/MOV_STR019.g1l
  Image0/binary/sound/bgm/MOV_STR020.g1l
  Image0/binary/sound/bgm/MOV_STR021.g1l
  Image0/binary/sound/bgm/MOV_STR024.g1l
  Image0/binary/sound/bgm/MOV_STR025.g1l
  Image0/binary/sound/bgm/MOV_STR026.g1l
  Image0/binary/sound/bgm/MOV_STR027.g1l
  Image0/binary/sound/bgm/MOV_STR028.g1l
  Image0/binary/sound/bgm/MOV_STR029.g1l
  Image0/binary/sound/bgm/MOV_STR030.g1l
  Image0/binary/sound/bgm/MOV_STR031.g1l
  Image0/binary/sound/bgm/MOV_STR032.g1l
  Image0/binary/sound/bgm/MOV_STR033.g1l
  Image0/binary/sound/bgm/MOV_STR034.g1l
  Image0/binary/sound/bgm/MOV_STR035.g1l
  Image0/binary/sound/bgm/MOV_STR036.g1l
  Image0/binary/sound/bgm/MOV_STR037.g1l
  Image0/binary/sound/bgm/MOV_STR038.g1l
  Image0/binary/sound/bgm/MOV_STR039.g1l
  Image0/binary/sound/bgm/MOV_STR040.g1l
  Image0/binary/sound/bgm/MOV_STR041.g1l
  Image0/binary/sound/bgm/MOV_STR042.g1l
  Image0/binary/sound/bgm/MOV_STR043.g1l
  Image0/binary/sound/bgm/MOV_STR044.g1l
  Image0/binary/sound/bgm/MOV_STR045.g1l
  Image0/binary/sound/bgm/MOV_STR046.g1l
  Image0/binary/sound/bgm/MOV_STR047.g1l
  Image0/binary/sound/bgm/MOV_STR048.g1l
  Image0/binary/sound/bgm/MOV_STR049.g1l
  Image0/binary/sound/bgm/MOV_STR050.g1l
  Image0/binary/sound/bgm/MOV_STR051.g1l
  Image0/binary/sound/bgm/MOV_STR052.g1l
  Image0/binary/sound/bgm/MOV_STR053.g1l
  Image0/binary/sound/bgm/MOV_STR054.g1l
  Image0/binary/sound/bgm/MOV_STR055.g1l
  Image0/binary/sound/bgm/MOV_STR056.g1l
  Image0/binary/sound/bgm/MOV_STR058.g1l
  Image0/binary/sound/bgm/MOV_STR059.g1l
  Image0/binary/sound/bgm/MOV_STR060.g1l
  Image0/binary/sound/bgm/MOV_STR061.g1l
  Image0/binary/sound/bgm/MOV_STR062.g1l
  Image0/binary/sound/bgm/MOV_STR064.g1l
  Image0/binary/sound/bgm/MOV_STR065.g1l
  Image0/binary/sound/bgm/MOV_STR066.g1l
  Image0/binary/sound/bgm/MOV_STR067.g1l
  Image0/binary/sound/bgm/MOV_STR068.g1l
  Image0/binary/sound/bgm/MOV_STR069.g1l
  Image0/binary/sound/bgm/MOV_STR072.g1l
  Image0/binary/sound/bgm/MOV_STR073.g1l
  Image0/binary/sound/bgm/MOV_STR074.g1l
  Image0/binary/sound/bgm/MOV_STR075.g1l
  Image0/binary/sound/bgm/MOV_STR076.g1l
  Image0/binary/sound/bgm/MOV_STR077.g1l
  Image0/binary/sound/bgm/MOV_STR100.g1l
  Image0/binary/sound/bgm/MOV_STR105.g1l
  Image0/binary/sound/bgm/MOV_STR106.g1l
  Image0/binary/sound/bgm/MOV_STR110.g1l
  Image0/binary/sound/bgm/MOV_STR111.g1l
  Image0/binary/sound/bgm/MOV_STR120.g1l
  Image0/binary/sound/bgm/MOV_STR130.g1l
  Image0/binary/sound/bgm/MOV_STR131.g1l
  Image0/binary/sound/bgm/MOV_STR140.g1l
  Image0/binary/sound/bgm/MOV_STR141.g1l
  Image0/binary/sound/bgm/MOV_STR142.g1l
  Image0/binary/sound/bgm/MOV_STR143.g1l
  Image0/binary/sound/bgm/MOV_STR144.g1l
  Image0/binary/sound/bgm/MOV_STR145.g1l
  Image0/binary/sound/bgm/MOV_STR146.g1l
  Image0/binary/sound/bgm/MOV_STR147.g1l
  Image0/binary/sound/bgm/MOV_STR148.g1l
  Image0/binary/sound/bgm/MOV_STR149.g1l
  Image0/binary/sound/bgm/MOV_STR150.g1l
  Image0/binary/sound/bgm/MOV_STR151.g1l
  Image0/binary/sound/bgm/MOV_STR152.g1l
  Image0/binary/sound/bgm/MOV_STR153.g1l
  Image0/binary/sound/bgm/MOV_STR154.g1l
  Image0/binary/sound/bgm/MOV_STR155.g1l
  Image0/binary/sound/bgm/MOV_STR156.g1l
  Image0/binary/sound/bgm/MOV_STR157.g1l
  Image0/binary/sound/bgm/MOV_STR158.g1l
  Image0/binary/sound/bgm/MOV_STR159.g1l
  Image0/binary/sound/bgm/MOV_STR160.g1l
  Image0/binary/sound/bgm/MOV_STR161.g1l
  Image0/binary/sound/bgm/MOV_STR162.g1l
  Image0/binary/sound/bgm/MOV_STR163.g1l
  Image0/binary/sound/bgm/MOV_STR164.g1l
  Image0/binary/sound/bgm/MOV_STR165.g1l
  Image0/binary/sound/bgm/MOV_STR201.g1l
  Image0/binary/sound/bgm/MOV_STR202.g1l
  Image0/binary/sound/bgm/MOV_STR203.g1l
  Image0/binary/sound/bgm/MOV_STR204.g1l
  Image0/binary/sound/bgm/MOV_STR205.g1l
  Image0/binary/sound/bgm/MOV_STR206.g1l
  Image0/binary/sound/bgm/MOV_STR207.g1l
  Image0/binary/sound/bgm/MOV_STR208.g1l
  Image0/binary/sound/bgm/MOV_STR209.g1l
  Image0/binary/sound/bgm/MOV_STR210.g1l
  Image0/binary/sound/bgm/MOV_STR211.g1l
  Image0/binary/sound/bgm/MOV_STR212.g1l
  Image0/binary/sound/bgm/MOV_STR213.g1l
  Image0/binary/sound/bgm/MOV_STR214.g1l
  Image0/binary/sound/bgm/MOV_STR215.g1l
  Image0/binary/sound/bgm/MOV_STR216.g1l
  Image0/binary/sound/bgm/MOV_STR217.g1l
  Image0/binary/sound/bgm/MOV_STR218.g1l
  Image0/binary/sound/bgm/MOV_STR219.g1l
  Image0/binary/sound/bgm/MOV_STR220.g1l
  Image0/binary/sound/bgm/MOV_STR221.g1l
  Image0/binary/sound/bgm/MOV_STR224.g1l
  Image0/binary/sound/bgm/MOV_STR225.g1l
  Image0/binary/sound/bgm/MOV_STR226.g1l
  Image0/binary/sound/bgm/MOV_STR227.g1l
  Image0/binary/sound/bgm/MOV_STR228.g1l
  Image0/binary/sound/bgm/MOV_STR229.g1l
  Image0/binary/sound/bgm/MOV_STR230.g1l
  Image0/binary/sound/bgm/MOV_STR231.g1l
  Image0/binary/sound/bgm/MOV_STR232.g1l
  Image0/binary/sound/bgm/MOV_STR233.g1l
  Image0/binary/sound/bgm/MOV_STR234.g1l
  Image0/binary/sound/bgm/MOV_STR235.g1l
  Image0/binary/sound/bgm/MOV_STR236.g1l
  Image0/binary/sound/bgm/MOV_STR237.g1l
  Image0/binary/sound/bgm/MOV_STR238.g1l
  Image0/binary/sound/bgm/MOV_STR239.g1l
  Image0/binary/sound/bgm/MOV_STR240.g1l
  Image0/binary/sound/bgm/MOV_STR241.g1l
  Image0/binary/sound/bgm/MOV_STR242.g1l
  Image0/binary/sound/bgm/MOV_STR243.g1l
  Image0/binary/sound/bgm/MOV_STR244.g1l
  Image0/binary/sound/bgm/MOV_STR245.g1l
  Image0/binary/sound/bgm/MOV_STR246.g1l
  Image0/binary/sound/bgm/MOV_STR247.g1l
  Image0/binary/sound/bgm/MOV_STR248.g1l
  Image0/binary/sound/bgm/MOV_STR249.g1l
  Image0/binary/sound/bgm/MOV_STR250.g1l
  Image0/binary/sound/bgm/MOV_STR251.g1l
  Image0/binary/sound/bgm/MOV_STR252.g1l
  Image0/binary/sound/bgm/MOV_STR253.g1l
  Image0/binary/sound/bgm/MOV_STR254.g1l
  Image0/binary/sound/bgm/MOV_STR255.g1l
  Image0/binary/sound/bgm/MOV_STR256.g1l
  Image0/binary/sound/bgm/MOV_STR258.g1l
  Image0/binary/sound/bgm/MOV_STR259.g1l
  Image0/binary/sound/bgm/MOV_STR260.g1l
  Image0/binary/sound/bgm/MOV_STR261.g1l
  Image0/binary/sound/bgm/MOV_STR262.g1l
  Image0/binary/sound/bgm/MOV_STR264.g1l
  Image0/binary/sound/bgm/MOV_STR265.g1l
  Image0/binary/sound/bgm/MOV_STR266.g1l
  Image0/binary/sound/bgm/MOV_STR267.g1l
  Image0/binary/sound/bgm/MOV_STR268.g1l
  Image0/binary/sound/bgm/MOV_STR269.g1l
  Image0/binary/sound/bgm/MOV_STR272.g1l
  Image0/binary/sound/bgm/MOV_STR273.g1l
  Image0/binary/sound/bgm/MOV_STR274.g1l
  Image0/binary/sound/bgm/MOV_STR275.g1l
  Image0/binary/sound/bgm/MOV_STR276.g1l
  Image0/binary/sound/bgm/MOV_STR277.g1l
  Image0/binary/sound/bgm/MOV_STR300.g1l
  Image0/binary/sound/bgm/MOV_STR305.g1l
  Image0/binary/sound/bgm/MOV_STR306.g1l
  Image0/binary/sound/bgm/MOV_STR310.g1l
  Image0/binary/sound/bgm/MOV_STR311.g1l
  Image0/binary/sound/bgm/MOV_STR320.g1l
  Image0/binary/sound/bgm/MOV_STR330.g1l
  Image0/binary/sound/bgm/MOV_STR331.g1l
  Image0/binary/sound/bgm/MOV_STR340.g1l
  Image0/binary/sound/bgm/MOV_STR341.g1l
  Image0/binary/sound/bgm/MOV_STR342.g1l
  Image0/binary/sound/bgm/MOV_STR343.g1l
  Image0/binary/sound/bgm/MOV_STR344.g1l
  Image0/binary/sound/bgm/MOV_STR345.g1l
  Image0/binary/sound/bgm/MOV_STR346.g1l
  Image0/binary/sound/bgm/MOV_STR347.g1l
  Image0/binary/sound/bgm/MOV_STR348.g1l
  Image0/binary/sound/bgm/MOV_STR349.g1l
  Image0/binary/sound/bgm/MOV_STR350.g1l
  Image0/binary/sound/bgm/MOV_STR351.g1l
  Image0/binary/sound/bgm/MOV_STR352.g1l
  Image0/binary/sound/bgm/MOV_STR353.g1l
  Image0/binary/sound/bgm/MOV_STR354.g1l
  Image0/binary/sound/bgm/MOV_STR355.g1l
  Image0/binary/sound/bgm/MOV_STR356.g1l
  Image0/binary/sound/bgm/MOV_STR357.g1l
  Image0/binary/sound/bgm/MOV_STR358.g1l
  Image0/binary/sound/bgm/MOV_STR359.g1l
  Image0/binary/sound/bgm/MOV_STR360.g1l
  Image0/binary/sound/bgm/MOV_STR361.g1l
  Image0/binary/sound/bgm/MOV_STR362.g1l
  Image0/binary/sound/bgm/MOV_STR363.g1l
  Image0/binary/sound/bgm/MOV_STR364.g1l
  Image0/binary/sound/bgm/MOV_STR365.g1l
  Image0/binary/sound/bgm/YKN_STR000.g1l
  Image0/binary/sound/bgm/YKN_STR001.g1l
  Image0/binary/sound/bgm/YKN_STR002.g1l
  Image0/binary/sound/bgm/YKN_STR003.g1l
  Image0/binary/sound/bgm/YKN_STR004.g1l
  Image0/binary/sound/bgm/YKN_STR005.g1l
  Image0/binary/sound/bgm/YKN_STR006.g1l
  Image0/binary/sound/bgm/YKN_STR007.g1l
  Image0/binary/sound/bgm/YKN_STR008.g1l
  Image0/binary/sound/bgm/YKN_STR009.g1l
  Image0/binary/sound/bgm/YKN_STR010.g1l
  Image0/binary/sound/bgm/YKN_STR011.g1l
  Image0/binary/sound/bgm/YKN_STR012.g1l
  Image0/binary/sound/bgm/YKN_STR013.g1l
  Image0/binary/sound/bgm/YKN_STR014.g1l
  Image0/binary/sound/bgm/YKN_STR015.g1l
  Image0/binary/sound/bgm/YKN_STR016.g1l
  Image0/binary/sound/bgm/YKN_STR017.g1l
  Image0/binary/sound/bgm/YKN_STR018.g1l
  Image0/binary/sound/bgm/YKN_STR019.g1l
  Image0/binary/sound/bgm/YKN_STR020.g1l
  Image0/binary/sound/bgm/YKN_STR021.g1l
  Image0/binary/sound/bgm/YKN_STR022.g1l
  Image0/binary/sound/bgm/YKN_STR023.g1l
  Image0/binary/sound/bgm/YKN_STR024.g1l
  Image0/binary/sound/bgm/YKN_STR025.g1l
  Image0/binary/sound/bgm/YKN_STR026.g1l
  Image0/binary/sound/bgm/YKN_STR027.g1l
  Image0/binary/sound/bgm/YKN_STR028.g1l
  Image0/binary/sound/bgm/YKN_STR029.g1l
  Image0/binary/sound/bgm/YKN_STR030.g1l
  Image0/binary/sound/bgm/YKN_STR031.g1l
  Image0/binary/sound/bgm/YKN_STR032.g1l
  Image0/binary/sound/bgm/YKN_STR033.g1l
  Image0/binary/sound/bgm/YKN_STR034.g1l
  Image0/binary/sound/bgm/YKN_STR035.g1l
  Image0/binary/sound/bgm/YKN_STR036.g1l
  Image0/binary/sound/bgm/YKN_STR037.g1l
  Image0/binary/sound/bgm/YKN_STR038.g1l
  Image0/binary/sound/bgm/YKN_STR039.g1l
  Image0/binary/sound/bgm/YKN_STR040.g1l
  Image0/binary/sound/bgm/YKN_STR041.g1l
  Image0/binary/sound/bgm/YKN_STR042.g1l
  Image0/binary/sound/bgm/YKN_STR099.g1l
  Image0/binary/sound/bgm/YKN_STR100.g1l
  Image0/binary/sound/bgm/YKN_STR200.g1l
  Image0/binary/sound/bgm/YKN_STR201.g1l
  Image0/binary/sound/bgm/YKN_STR202.g1l
  Image0/binary/sound/bgm/YKN_STR203.g1l
  Image0/binary/sound/bgm/YKN_STR204.g1l
  Image0/binary/sound/bgm/YKN_STR205.g1l
  Image0/binary/sound/bgm/YKN_STR206.g1l
  Image0/binary/sound/bgm/YKN_STR207.g1l
  Image0/binary/sound/bgm/YKN_STR208.g1l
  Image0/binary/sound/bgm/YKN_STR209.g1l
  Image0/binary/sound/bgm/YKN_STR210.g1l
  Image0/binary/sound/bgm/YKN_STR211.g1l
  Image0/binary/sound/bgm/YKN_STR212.g1l
  Image0/binary/sound/bgm/YKN_STR213.g1l
  Image0/binary/sound/bgm/YKN_STR214.g1l
  Image0/binary/sound/bgm/YKN_STR215.g1l
  Image0/binary/sound/bgm/YKN_STR216.g1l
  Image0/binary/sound/bgm/YKN_STR217.g1l
  Image0/binary/sound/bgm/YKN_STR218.g1l
  Image0/binary/sound/bgm/YKN_STR219.g1l
  Image0/binary/sound/bgm/YKN_STR220.g1l
  Image0/binary/sound/bgm/YKN_STR221.g1l
  Image0/binary/sound/bgm/YKN_STR222.g1l
  Image0/binary/sound/bgm/YKN_STR223.g1l
  Image0/binary/sound/bgm/YKN_STR224.g1l
  Image0/binary/sound/bgm/YKN_STR225.g1l
  Image0/binary/sound/bgm/YKN_STR226.g1l
  Image0/binary/sound/bgm/YKN_STR227.g1l
  Image0/binary/sound/bgm/YKN_STR228.g1l
  Image0/binary/sound/bgm/YKN_STR229.g1l
  Image0/binary/sound/bgm/YKN_STR230.g1l
  Image0/binary/sound/bgm/YKN_STR231.g1l
  Image0/binary/sound/bgm/YKN_STR232.g1l
  Image0/binary/sound/bgm/YKN_STR233.g1l
  Image0/binary/sound/bgm/YKN_STR234.g1l
  Image0/binary/sound/bgm/YKN_STR235.g1l
  Image0/binary/sound/bgm/YKN_STR236.g1l
  Image0/binary/sound/bgm/YKN_STR237.g1l
  Image0/binary/sound/bgm/YKN_STR238.g1l
  Image0/binary/sound/bgm/YKN_STR239.g1l
  Image0/binary/sound/bgm/YKN_STR240.g1l
  Image0/binary/sound/bgm/YKN_STR241.g1l
  Image0/binary/sound/bgm/YKN_STR242.g1l
  Image0/binary/sound/bgm/YKN_STR299.g1l
  Image0/binary/sound/bgm/YKN_STR300.g1l
  Image0/binary/sound/se/EXT_SE_ZNEI.sed
  Image0/binary/sound/se/VO_M03A_000_001_.sed
  Image0/binary/sound/se/ch_G_KAG_A.sed
  Image0/binary/sound/se/ch_G_KIL_A.sed
  Image0/binary/sound/se/ch_G_TRI_A.sed
  Image0/binary/sound/se/ch_H_YRI_A.sed
  Image0/binary/sound/se/ch_m03a.sed
  Image0/binary/sound/se/ch_m07a.sed
  Image0/binary/sound/se/ch_m08a.sed
  Image0/binary/sound/se/ch_m14a.sed
  Image0/binary/sound/se/ch_m16a.sed
  Image0/binary/sound/se/chr_btl_G_BOB_A.sed
  Image0/binary/sound/se/chr_btl_G_BOB_A_VO.sed
  Image0/binary/sound/se/chr_btl_G_BOB_A_VO_en.sed
  Image0/binary/sound/se/chr_btl_G_BOS_A.sed
  Image0/binary/sound/se/chr_btl_G_BOS_A_VO.sed
  Image0/binary/sound/se/chr_btl_G_BOS_A_VO_en.sed
  Image0/binary/sound/se/chr_btl_G_BOX_A.sed
  Image0/binary/sound/se/chr_btl_G_BOX_A_VO.sed
  Image0/binary/sound/se/chr_btl_G_BOX_A_VO_en.sed
  Image0/binary/sound/se/chr_btl_G_DLA_A.sed
  Image0/binary/sound/se/chr_btl_G_DLA_A_VO.sed
  Image0/binary/sound/se/chr_btl_G_DLA_A_VO_en.sed
  Image0/binary/sound/se/chr_btl_G_DLB_A.sed
  Image0/binary/sound/se/chr_btl_G_DLB_A_VO.sed
  Image0/binary/sound/se/chr_btl_G_DLB_A_VO_en.sed
  Image0/binary/sound/se/chr_btl_G_HAK_A.sed
  Image0/binary/sound/se/chr_btl_G_HAK_A_VO.sed
  Image0/binary/sound/se/chr_btl_G_HAK_A_VO_en.sed
  Image0/binary/sound/se/chr_btl_G_ISA_A.sed
  Image0/binary/sound/se/chr_btl_G_ISA_A_VO.sed
  Image0/binary/sound/se/chr_btl_G_ISA_A_VO_en.sed
  Image0/binary/sound/se/chr_btl_G_ISH_A.sed
  Image0/binary/sound/se/chr_btl_G_ISH_A_VO.sed
  Image0/binary/sound/se/chr_btl_G_ISH_A_VO_en.sed
  Image0/binary/sound/se/chr_btl_G_JIG_A.sed
  Image0/binary/sound/se/chr_btl_G_JIG_A_VO.sed
  Image0/binary/sound/se/chr_btl_G_JIG_A_VO_en.sed
  Image0/binary/sound/se/chr_btl_G_JIK_A.sed
  Image0/binary/sound/se/chr_btl_G_JIK_A_VO.sed
  Image0/binary/sound/se/chr_btl_G_JIK_A_VO_en.sed
  Image0/binary/sound/se/chr_btl_G_JKO_A.sed
  Image0/binary/sound/se/chr_btl_G_JKO_A_VO.sed
  Image0/binary/sound/se/chr_btl_G_JKO_A_VO_en.sed
  Image0/binary/sound/se/chr_btl_G_KAG_A.sed
  Image0/binary/sound/se/chr_btl_G_KAG_A_VO.sed
  Image0/binary/sound/se/chr_btl_G_KAG_A_VO_en.sed
  Image0/binary/sound/se/chr_btl_G_KAS_A.sed
  Image0/binary/sound/se/chr_btl_G_KAS_A_VO.sed
  Image0/binary/sound/se/chr_btl_G_KAS_A_VO_en.sed
  Image0/binary/sound/se/chr_btl_G_KBG_A.sed
  Image0/binary/sound/se/chr_btl_G_KBG_A_VO.sed
  Image0/binary/sound/se/chr_btl_G_KBG_A_VO_en.sed
  Image0/binary/sound/se/chr_btl_G_KBK_A.sed
  Image0/binary/sound/se/chr_btl_G_KBK_A_VO.sed
  Image0/binary/sound/se/chr_btl_G_KBK_A_VO_en.sed
  Image0/binary/sound/se/chr_btl_G_KID_A.sed
  Image0/binary/sound/se/chr_btl_G_KID_A_VO.sed
  Image0/binary/sound/se/chr_btl_G_KID_A_VO_en.sed
  Image0/binary/sound/se/chr_btl_G_KID_B.sed
  Image0/binary/sound/se/chr_btl_G_KID_B_VO.sed
  Image0/binary/sound/se/chr_btl_G_KID_B_VO_en.sed
  Image0/binary/sound/se/chr_btl_G_KID_C.sed
  Image0/binary/sound/se/chr_btl_G_KID_C_VO.sed
  Image0/binary/sound/se/chr_btl_G_KID_C_VO_en.sed
  Image0/binary/sound/se/chr_btl_G_KIL_A.sed
  Image0/binary/sound/se/chr_btl_G_KIL_A_VO.sed
  Image0/binary/sound/se/chr_btl_G_KIL_A_VO_en.sed
  Image0/binary/sound/se/chr_btl_G_KYO.sed
  Image0/binary/sound/se/chr_btl_G_KYO_VO.sed
  Image0/binary/sound/se/chr_btl_G_KYO_VO_en.sed
  Image0/binary/sound/se/chr_btl_G_MIN_A.sed
  Image0/binary/sound/se/chr_btl_G_MIN_A_VO.sed
  Image0/binary/sound/se/chr_btl_G_MIN_A_VO_en.sed
  Image0/binary/sound/se/chr_btl_G_MIS_A.sed
  Image0/binary/sound/se/chr_btl_G_MIS_A_VO.sed
  Image0/binary/sound/se/chr_btl_G_MIS_A_VO_en.sed
  Image0/binary/sound/se/chr_btl_G_MSB_A.sed
  Image0/binary/sound/se/chr_btl_G_MSB_A_VO.sed
  Image0/binary/sound/se/chr_btl_G_MSB_A_VO_en.sed
  Image0/binary/sound/se/chr_btl_G_MSW_A.sed
  Image0/binary/sound/se/chr_btl_G_MSW_A_VO.sed
  Image0/binary/sound/se/chr_btl_G_MSW_A_VO_en.sed
  Image0/binary/sound/se/chr_btl_G_NRE_A.sed
  Image0/binary/sound/se/chr_btl_G_NRE_A_VO.sed
  Image0/binary/sound/se/chr_btl_G_NRE_A_VO_en.sed
  Image0/binary/sound/se/chr_btl_G_PSA_A.sed
  Image0/binary/sound/se/chr_btl_G_PSA_A_VO.sed
  Image0/binary/sound/se/chr_btl_G_PSA_A_VO_en.sed
  Image0/binary/sound/se/chr_btl_G_PSB_A.sed
  Image0/binary/sound/se/chr_btl_G_PSB_A_VO.sed
  Image0/binary/sound/se/chr_btl_G_PSB_A_VO_en.sed
  Image0/binary/sound/se/chr_btl_G_PSC_A.sed
  Image0/binary/sound/se/chr_btl_G_PSC_A_VO.sed
  Image0/binary/sound/se/chr_btl_G_PSC_A_VO_en.sed
  Image0/binary/sound/se/chr_btl_G_SIR_A.sed
  Image0/binary/sound/se/chr_btl_G_SIR_A_VO.sed
  Image0/binary/sound/se/chr_btl_G_SIR_A_VO_en.sed
  Image0/binary/sound/se/chr_btl_G_TAL_A.sed
  Image0/binary/sound/se/chr_btl_G_TAL_A_VO.sed
  Image0/binary/sound/se/chr_btl_G_TAL_A_VO_en.sed
  Image0/binary/sound/se/chr_btl_G_TBG_A.sed
  Image0/binary/sound/se/chr_btl_G_TBG_A_VO.sed
  Image0/binary/sound/se/chr_btl_G_TBG_A_VO_en.sed
  Image0/binary/sound/se/chr_btl_G_TBK_A.sed
  Image0/binary/sound/se/chr_btl_G_TBK_A_VO.sed
  Image0/binary/sound/se/chr_btl_G_TBK_A_VO_en.sed
  Image0/binary/sound/se/chr_btl_G_TRC_A_VO.sed
  Image0/binary/sound/se/chr_btl_G_TRC_A_VO_en.sed
  Image0/binary/sound/se/chr_btl_G_TRD_A_VO.sed
  Image0/binary/sound/se/chr_btl_G_TRD_A_VO_en.sed
  Image0/binary/sound/se/chr_btl_G_TRF_A_VO.sed
  Image0/binary/sound/se/chr_btl_G_TRF_A_VO_en.sed
  Image0/binary/sound/se/chr_btl_G_TRI_A.sed
  Image0/binary/sound/se/chr_btl_G_TRI_A_VO.sed
  Image0/binary/sound/se/chr_btl_G_TRI_A_VO_en.sed
  Image0/binary/sound/se/chr_btl_G_TRK_A_VO.sed
  Image0/binary/sound/se/chr_btl_G_TRK_A_VO_en.sed
  Image0/binary/sound/se/chr_btl_H_AKA_A_VO.sed
  Image0/binary/sound/se/chr_btl_H_AKA_A_VO_en.sed
  Image0/binary/sound/se/chr_btl_H_AYA_A_VO.sed
  Image0/binary/sound/se/chr_btl_H_AYA_A_VO_en.sed
  Image0/binary/sound/se/chr_btl_H_HIS_A_VO.sed
  Image0/binary/sound/se/chr_btl_H_HIS_A_VO_en.sed
  Image0/binary/sound/se/chr_btl_H_KYO_A_VO.sed
  Image0/binary/sound/se/chr_btl_H_KYO_A_VO_en.sed
  Image0/binary/sound/se/chr_btl_H_MAK_A_VO.sed
  Image0/binary/sound/se/chr_btl_H_MAK_A_VO_en.sed
  Image0/binary/sound/se/chr_btl_H_MIK_A_VO.sed
  Image0/binary/sound/se/chr_btl_H_MIK_A_VO_en.sed
  Image0/binary/sound/se/chr_btl_H_MIU_A_VO.sed
  Image0/binary/sound/se/chr_btl_H_MIU_A_VO_en.sed
  Image0/binary/sound/se/chr_btl_H_REN_A_VO.sed
  Image0/binary/sound/se/chr_btl_H_REN_A_VO_en.sed
  Image0/binary/sound/se/chr_btl_H_YRI_A_VO.sed
  Image0/binary/sound/se/chr_btl_H_YRI_A_VO_en.sed
  Image0/binary/sound/se/chr_btl_H_YUI_A_VO.sed
  Image0/binary/sound/se/chr_btl_H_YUI_A_VO_en.sed
  Image0/binary/sound/se/foot.sed
  Image0/binary/sound/se/game.sed
  Image0/binary/sound/se/st_BOCHI_00.sed
  Image0/binary/sound/se/st_CBCAR.sed
  Image0/binary/sound/se/st_CBCAR_01.sed
  Image0/binary/sound/se/st_CBCAR_01_en.sed
  Image0/binary/sound/se/st_CBCAR_02.sed
  Image0/binary/sound/se/st_CBCAR_02_en.sed
  Image0/binary/sound/se/st_CBCAR_03.sed
  Image0/binary/sound/se/st_CBCAR_03_en.sed
  Image0/binary/sound/se/st_CBCAR_04.sed
  Image0/binary/sound/se/st_CBCAR_04_en.sed
  Image0/binary/sound/se/st_HITAN_ALL.sed
  Image0/binary/sound/se/st_JYUKA_ALL.sed
  Image0/binary/sound/se/st_KOTTE.sed
  Image0/binary/sound/se/st_KOTTE_en.sed
  Image0/binary/sound/se/st_KOTTO.sed
  Image0/binary/sound/se/st_KOTTO_en.sed
  Image0/binary/sound/se/st_KOYAS.sed
  Image0/binary/sound/se/st_MUGEB.sed
  Image0/binary/sound/se/st_MYIGL_ALL.sed
  Image0/binary/sound/se/st_MYIGM_ALL.sed
  Image0/binary/sound/se/st_MYIGS_00_ALL.sed
  Image0/binary/sound/se/st_OIRAN.sed
  Image0/binary/sound/se/st_OSORE_ALL.sed
  Image0/binary/sound/se/st_RENNO.sed
  Image0/binary/sound/se/st_RYOKA.sed
  Image0/binary/sound/se/st_RYOKE.sed
  Image0/binary/sound/se/st_SUIJO_ALL.sed
  Image0/binary/sound/se/st_TNNEL_ALL.sed
  Image0/binary/sound/se/sys.sed
  Image0/binary/sound/se/system.sed
  Image0/binary/sound/se/wp_camera0.sed
  Image0/binary/sound/voice/VC_COMMON.vcpk
  Image0/binary/sound/voice/VC_EVENT.vcpk
  Image0/binary/stage/BGTES_05/BGTES_05.cod
  Image0/binary/stage/BGTES_05/BGTES_05.gmpk
  Image0/binary/stage/BGTES_05/BGTES_05.sod
  Image0/binary/stage/BOCHI_00/BOCHI_00.cod
  Image0/binary/stage/BOCHI_00/BOCHI_00.gapk
  Image0/binary/stage/BOCHI_00/BOCHI_00.gmpk
  Image0/binary/stage/BOCHI_00/BOCHI_00.lad
  Image0/binary/stage/BOCHI_00/BOCHI_00.rad
  Image0/binary/stage/BOCHI_00/BOCHI_00.sod
  Image0/binary/stage/BOCHI_00/BOCHI_00.wad
  Image0/binary/stage/BOCHI_01/BOCHI_01.gmpk
  Image0/binary/stage/BOCHI_01/BOCHI_01.sod
  Image0/binary/stage/CBCAR_00/CBCAR_00.cod
  Image0/binary/stage/CBCAR_00/CBCAR_00.gapk
  Image0/binary/stage/CBCAR_00/CBCAR_00.gmpk
  Image0/binary/stage/CBCAR_00/CBCAR_00.lad
  Image0/binary/stage/CBCAR_00/CBCAR_00.rad
  Image0/binary/stage/CBCAR_00/CBCAR_00.sod
  Image0/binary/stage/CBCAR_00/CBCAR_00.wad
  Image0/binary/stage/CBCAR_01/CBCAR_01.cod
  Image0/binary/stage/CBCAR_01/CBCAR_01.gmpk
  Image0/binary/stage/CBCAR_01/CBCAR_01.lad
  Image0/binary/stage/CBCAR_01/CBCAR_01.rad
  Image0/binary/stage/CBCAR_01/CBCAR_01.sod
  Image0/binary/stage/CBCAR_01/CBCAR_01.wad
  Image0/binary/stage/CBCAR_02/CBCAR_02.cod
  Image0/binary/stage/CBCAR_02/CBCAR_02.gapk
  Image0/binary/stage/CBCAR_02/CBCAR_02.gmpk
  Image0/binary/stage/CBCAR_02/CBCAR_02.lad
  Image0/binary/stage/CBCAR_02/CBCAR_02.rad
  Image0/binary/stage/CBCAR_02/CBCAR_02.sod
  Image0/binary/stage/CBCAR_02/CBCAR_02.wad
  Image0/binary/stage/CBCAR_03/CBCAR_03.cod
  Image0/binary/stage/CBCAR_03/CBCAR_03.gapk
  Image0/binary/stage/CBCAR_03/CBCAR_03.gmpk
  Image0/binary/stage/CBCAR_03/CBCAR_03.lad
  Image0/binary/stage/CBCAR_03/CBCAR_03.rad
  Image0/binary/stage/CBCAR_03/CBCAR_03.sod
  Image0/binary/stage/CBCAR_03/CBCAR_03.wad
  Image0/binary/stage/CBCAR_04/CBCAR_04.cod
  Image0/binary/stage/CBCAR_04/CBCAR_04.gapk
  Image0/binary/stage/CBCAR_04/CBCAR_04.gmpk
  Image0/binary/stage/CBCAR_04/CBCAR_04.lad
  Image0/binary/stage/CBCAR_04/CBCAR_04.rad
  Image0/binary/stage/CBCAR_04/CBCAR_04.sod
  Image0/binary/stage/CBCAR_04/CBCAR_04.wad
  Image0/binary/stage/CBCAR_05/CBCAR_05.cod
  Image0/binary/stage/CBCAR_05/CBCAR_05.gmpk
  Image0/binary/stage/CBCAR_05/CBCAR_05.lad
  Image0/binary/stage/CBCAR_05/CBCAR_05.sod
  Image0/binary/stage/CBCAR_06/CBCAR_06.cod
  Image0/binary/stage/CBCAR_06/CBCAR_06.gmpk
  Image0/binary/stage/CBCAR_06/CBCAR_06.lad
  Image0/binary/stage/CBCAR_06/CBCAR_06.sod
  Image0/binary/stage/CLIFF_00/CLIFF_00.gmpk
  Image0/binary/stage/CLIFF_00/CLIFF_00.lad
  Image0/binary/stage/CLIFF_00/CLIFF_00.sod
  Image0/binary/stage/HITAN_00/HITAN_00.cod
  Image0/binary/stage/HITAN_00/HITAN_00.gapk
  Image0/binary/stage/HITAN_00/HITAN_00.gmpk
  Image0/binary/stage/HITAN_00/HITAN_00.lad
  Image0/binary/stage/HITAN_00/HITAN_00.rad
  Image0/binary/stage/HITAN_00/HITAN_00.sod
  Image0/binary/stage/HITAN_00/HITAN_00.wad
  Image0/binary/stage/HITAN_01/HITAN_01.cod
  Image0/binary/stage/HITAN_01/HITAN_01.gmpk
  Image0/binary/stage/HITAN_01/HITAN_01.lad
  Image0/binary/stage/HITAN_01/HITAN_01.sod
  Image0/binary/stage/HITAN_02/HITAN_02.cod
  Image0/binary/stage/HITAN_02/HITAN_02.gmpk
  Image0/binary/stage/HITAN_02/HITAN_02.lad
  Image0/binary/stage/HITAN_02/HITAN_02.sod
  Image0/binary/stage/HITAN_03/HITAN_03.cod
  Image0/binary/stage/HITAN_03/HITAN_03.gmpk
  Image0/binary/stage/HITAN_03/HITAN_03.lad
  Image0/binary/stage/HITAN_03/HITAN_03.sod
  Image0/binary/stage/HITAN_04/HITAN_04.cod
  Image0/binary/stage/HITAN_04/HITAN_04.gmpk
  Image0/binary/stage/HITAN_04/HITAN_04.lad
  Image0/binary/stage/HITAN_04/HITAN_04.sod
  Image0/binary/stage/HITAN_05/HITAN_05.cod
  Image0/binary/stage/HITAN_05/HITAN_05.gmpk
  Image0/binary/stage/HITAN_05/HITAN_05.lad
  Image0/binary/stage/HITAN_05/HITAN_05.sod
  Image0/binary/stage/JYUKA_00/JYUKA_00.cod
  Image0/binary/stage/JYUKA_00/JYUKA_00.gmpk
  Image0/binary/stage/JYUKA_00/JYUKA_00.lad
  Image0/binary/stage/JYUKA_00/JYUKA_00.rad
  Image0/binary/stage/JYUKA_00/JYUKA_00.sod
  Image0/binary/stage/JYUKA_00/JYUKA_00.wad
  Image0/binary/stage/JYUKA_01/JYUKA_01.cod
  Image0/binary/stage/JYUKA_01/JYUKA_01.gapk
  Image0/binary/stage/JYUKA_01/JYUKA_01.gmpk
  Image0/binary/stage/JYUKA_01/JYUKA_01.lad
  Image0/binary/stage/JYUKA_01/JYUKA_01.rad
  Image0/binary/stage/JYUKA_01/JYUKA_01.sod
  Image0/binary/stage/JYUKA_01/JYUKA_01.wad
  Image0/binary/stage/JYUKA_02/JYUKA_02.cod
  Image0/binary/stage/JYUKA_02/JYUKA_02.gmpk
  Image0/binary/stage/JYUKA_02/JYUKA_02.lad
  Image0/binary/stage/JYUKA_02/JYUKA_02.sod
  Image0/binary/stage/JYUKA_03/JYUKA_03.cod
  Image0/binary/stage/JYUKA_03/JYUKA_03.gmpk
  Image0/binary/stage/JYUKA_03/JYUKA_03.lad
  Image0/binary/stage/JYUKA_03/JYUKA_03.sod
  Image0/binary/stage/JYUKA_04/JYUKA_04.cod
  Image0/binary/stage/JYUKA_04/JYUKA_04.gmpk
  Image0/binary/stage/JYUKA_04/JYUKA_04.lad
  Image0/binary/stage/JYUKA_04/JYUKA_04.sod
  Image0/binary/stage/JYUKA_05/JYUKA_05.cod
  Image0/binary/stage/JYUKA_05/JYUKA_05.gmpk
  Image0/binary/stage/JYUKA_05/JYUKA_05.lad
  Image0/binary/stage/JYUKA_05/JYUKA_05.sod
  Image0/binary/stage/JYUKA_26/JYUKA_26.cod
  Image0/binary/stage/JYUKA_26/JYUKA_26.gmpk
  Image0/binary/stage/JYUKA_26/JYUKA_26.sod
  Image0/binary/stage/KOTTE_00/KOTTE_00.cod
  Image0/binary/stage/KOTTE_00/KOTTE_00.gapk
  Image0/binary/stage/KOTTE_00/KOTTE_00.gmpk
  Image0/binary/stage/KOTTE_00/KOTTE_00.lad
  Image0/binary/stage/KOTTE_00/KOTTE_00.sod
  Image0/binary/stage/KOTTE_00/KOTTE_00.wad
  Image0/binary/stage/KOTTE_01/KOTTE_01.cod
  Image0/binary/stage/KOTTE_01/KOTTE_01.gapk
  Image0/binary/stage/KOTTE_01/KOTTE_01.gmpk
  Image0/binary/stage/KOTTE_01/KOTTE_01.lad
  Image0/binary/stage/KOTTE_01/KOTTE_01.sod
  Image0/binary/stage/KOTTE_01/KOTTE_01.wad
  Image0/binary/stage/KOTTE_02/KOTTE_02.cod
  Image0/binary/stage/KOTTE_02/KOTTE_02.gapk
  Image0/binary/stage/KOTTE_02/KOTTE_02.gmpk
  Image0/binary/stage/KOTTE_02/KOTTE_02.lad
  Image0/binary/stage/KOTTE_02/KOTTE_02.sod
  Image0/binary/stage/KOTTE_03/KOTTE_03.cod
  Image0/binary/stage/KOTTE_03/KOTTE_03.gmpk
  Image0/binary/stage/KOTTE_03/KOTTE_03.lad
  Image0/binary/stage/KOTTE_03/KOTTE_03.sod
  Image0/binary/stage/KOTTE_04/KOTTE_04.cod
  Image0/binary/stage/KOTTE_04/KOTTE_04.gmpk
  Image0/binary/stage/KOTTE_04/KOTTE_04.lad
  Image0/binary/stage/KOTTE_04/KOTTE_04.sod
  Image0/binary/stage/KOTTE_05/KOTTE_05.cod
  Image0/binary/stage/KOTTE_05/KOTTE_05.gmpk
  Image0/binary/stage/KOTTE_05/KOTTE_05.lad
  Image0/binary/stage/KOTTE_05/KOTTE_05.sod
  Image0/binary/stage/KOTTE_06/KOTTE_06.cod
  Image0/binary/stage/KOTTE_06/KOTTE_06.gmpk
  Image0/binary/stage/KOTTE_06/KOTTE_06.lad
  Image0/binary/stage/KOTTE_06/KOTTE_06.sod
  Image0/binary/stage/KOTTE_06/KOTTE_06.wad
  Image0/binary/stage/KOTTE_07/KOTTE_07.gmpk
  Image0/binary/stage/KOTTE_07/KOTTE_07.sod
  Image0/binary/stage/KOTTE_20/KOTTE_20.cod
  Image0/binary/stage/KOTTE_20/KOTTE_20.gmpk
  Image0/binary/stage/KOTTE_20/KOTTE_20.sod
  Image0/binary/stage/KOTTO_00/KOTTO_00.cod
  Image0/binary/stage/KOTTO_00/KOTTO_00.gapk
  Image0/binary/stage/KOTTO_00/KOTTO_00.gmpk
  Image0/binary/stage/KOTTO_00/KOTTO_00.lad
  Image0/binary/stage/KOTTO_00/KOTTO_00.rad
  Image0/binary/stage/KOTTO_00/KOTTO_00.sod
  Image0/binary/stage/KOTTO_00/KOTTO_00.wad
  Image0/binary/stage/KOTTO_01/KOTTO_01.cod
  Image0/binary/stage/KOTTO_01/KOTTO_01.gapk
  Image0/binary/stage/KOTTO_01/KOTTO_01.gmpk
  Image0/binary/stage/KOTTO_01/KOTTO_01.lad
  Image0/binary/stage/KOTTO_01/KOTTO_01.rad
  Image0/binary/stage/KOTTO_01/KOTTO_01.sod
  Image0/binary/stage/KOTTO_01/KOTTO_01.wad
  Image0/binary/stage/KOTTO_02/KOTTO_02.cod
  Image0/binary/stage/KOTTO_02/KOTTO_02.gapk
  Image0/binary/stage/KOTTO_02/KOTTO_02.gmpk
  Image0/binary/stage/KOTTO_02/KOTTO_02.lad
  Image0/binary/stage/KOTTO_02/KOTTO_02.sod
  Image0/binary/stage/KOTTO_03/KOTTO_03.cod
  Image0/binary/stage/KOTTO_03/KOTTO_03.gmpk
  Image0/binary/stage/KOTTO_03/KOTTO_03.lad
  Image0/binary/stage/KOTTO_03/KOTTO_03.sod
  Image0/binary/stage/KOTTO_04/KOTTO_04.cod
  Image0/binary/stage/KOTTO_04/KOTTO_04.gmpk
  Image0/binary/stage/KOTTO_04/KOTTO_04.lad
  Image0/binary/stage/KOTTO_04/KOTTO_04.sod
  Image0/binary/stage/KOTTO_05/KOTTO_05.cod
  Image0/binary/stage/KOTTO_05/KOTTO_05.gmpk
  Image0/binary/stage/KOTTO_05/KOTTO_05.lad
  Image0/binary/stage/KOTTO_05/KOTTO_05.sod
  Image0/binary/stage/KOTTO_06/KOTTO_06.cod
  Image0/binary/stage/KOTTO_06/KOTTO_06.gmpk
  Image0/binary/stage/KOTTO_06/KOTTO_06.lad
  Image0/binary/stage/KOTTO_06/KOTTO_06.sod
  Image0/binary/stage/KOTTO_07/KOTTO_07.cod
  Image0/binary/stage/KOTTO_07/KOTTO_07.gmpk
  Image0/binary/stage/KOTTO_07/KOTTO_07.lad
  Image0/binary/stage/KOTTO_07/KOTTO_07.sod
  Image0/binary/stage/KOTTO_08/KOTTO_08.cod
  Image0/binary/stage/KOTTO_08/KOTTO_08.gmpk
  Image0/binary/stage/KOTTO_08/KOTTO_08.lad
  Image0/binary/stage/KOTTO_08/KOTTO_08.sod
  Image0/binary/stage/KOTTO_09/KOTTO_09.cod
  Image0/binary/stage/KOTTO_09/KOTTO_09.gmpk
  Image0/binary/stage/KOTTO_09/KOTTO_09.lad
  Image0/binary/stage/KOTTO_09/KOTTO_09.sod
  Image0/binary/stage/KOTTO_20/KOTTO_20.cod
  Image0/binary/stage/KOTTO_20/KOTTO_20.gmpk
  Image0/binary/stage/KOTTO_20/KOTTO_20.sod
  Image0/binary/stage/KOYAS_00/KOYAS_00.cod
  Image0/binary/stage/KOYAS_00/KOYAS_00.gmpk
  Image0/binary/stage/KOYAS_00/KOYAS_00.lad
  Image0/binary/stage/KOYAS_00/KOYAS_00.sod
  Image0/binary/stage/KOYAS_01/KOYAS_01.cod
  Image0/binary/stage/KOYAS_01/KOYAS_01.gapk
  Image0/binary/stage/KOYAS_01/KOYAS_01.gmpk
  Image0/binary/stage/KOYAS_01/KOYAS_01.lad
  Image0/binary/stage/KOYAS_01/KOYAS_01.sod
  Image0/binary/stage/KOYAS_02/KOYAS_02.cod
  Image0/binary/stage/KOYAS_02/KOYAS_02.gapk
  Image0/binary/stage/KOYAS_02/KOYAS_02.gmpk
  Image0/binary/stage/KOYAS_02/KOYAS_02.lad
  Image0/binary/stage/KOYAS_02/KOYAS_02.sod
  Image0/binary/stage/KOYAS_03/KOYAS_03.cod
  Image0/binary/stage/KOYAS_03/KOYAS_03.gmpk
  Image0/binary/stage/KOYAS_03/KOYAS_03.lad
  Image0/binary/stage/KOYAS_03/KOYAS_03.sod
  Image0/binary/stage/KOYAS_04/KOYAS_04.cod
  Image0/binary/stage/KOYAS_04/KOYAS_04.gapk
  Image0/binary/stage/KOYAS_04/KOYAS_04.gmpk
  Image0/binary/stage/KOYAS_04/KOYAS_04.lad
  Image0/binary/stage/KOYAS_04/KOYAS_04.rad
  Image0/binary/stage/KOYAS_04/KOYAS_04.sod
  Image0/binary/stage/KOYAS_04/KOYAS_04.wad
  Image0/binary/stage/KOYAS_05/KOYAS_05.cod
  Image0/binary/stage/KOYAS_05/KOYAS_05.gapk
  Image0/binary/stage/KOYAS_05/KOYAS_05.gmpk
  Image0/binary/stage/KOYAS_05/KOYAS_05.lad
  Image0/binary/stage/KOYAS_05/KOYAS_05.rad
  Image0/binary/stage/KOYAS_05/KOYAS_05.sod
  Image0/binary/stage/KOYAS_05/KOYAS_05.wad
  Image0/binary/stage/KOYAS_06/KOYAS_06.cod
  Image0/binary/stage/KOYAS_06/KOYAS_06.gapk
  Image0/binary/stage/KOYAS_06/KOYAS_06.gmpk
  Image0/binary/stage/KOYAS_06/KOYAS_06.lad
  Image0/binary/stage/KOYAS_06/KOYAS_06.sod
  Image0/binary/stage/KOYAS_06/KOYAS_06.wad
  Image0/binary/stage/KOYAS_07/KOYAS_07.cod
  Image0/binary/stage/KOYAS_07/KOYAS_07.gapk
  Image0/binary/stage/KOYAS_07/KOYAS_07.gmpk
  Image0/binary/stage/KOYAS_07/KOYAS_07.lad
  Image0/binary/stage/KOYAS_07/KOYAS_07.rad
  Image0/binary/stage/KOYAS_07/KOYAS_07.sod
  Image0/binary/stage/KOYAS_07/KOYAS_07.wad
  Image0/binary/stage/KOYAS_08/KOYAS_08.cod
  Image0/binary/stage/KOYAS_08/KOYAS_08.gmpk
  Image0/binary/stage/KOYAS_08/KOYAS_08.lad
  Image0/binary/stage/KOYAS_08/KOYAS_08.sod
  Image0/binary/stage/KOYAS_09/KOYAS_09.cod
  Image0/binary/stage/KOYAS_09/KOYAS_09.gmpk
  Image0/binary/stage/KOYAS_09/KOYAS_09.lad
  Image0/binary/stage/KOYAS_09/KOYAS_09.sod
  Image0/binary/stage/KOYAS_10/KOYAS_10.cod
  Image0/binary/stage/KOYAS_10/KOYAS_10.gmpk
  Image0/binary/stage/KOYAS_10/KOYAS_10.lad
  Image0/binary/stage/KOYAS_10/KOYAS_10.sod
  Image0/binary/stage/KOYAS_11/KOYAS_11.cod
  Image0/binary/stage/KOYAS_11/KOYAS_11.gmpk
  Image0/binary/stage/KOYAS_11/KOYAS_11.lad
  Image0/binary/stage/KOYAS_11/KOYAS_11.sod
  Image0/binary/stage/KOYAS_12/KOYAS_12.cod
  Image0/binary/stage/KOYAS_12/KOYAS_12.gmpk
  Image0/binary/stage/KOYAS_12/KOYAS_12.lad
  Image0/binary/stage/KOYAS_12/KOYAS_12.sod
  Image0/binary/stage/KOYAS_13/KOYAS_13.cod
  Image0/binary/stage/KOYAS_13/KOYAS_13.gmpk
  Image0/binary/stage/KOYAS_13/KOYAS_13.lad
  Image0/binary/stage/KOYAS_13/KOYAS_13.sod
  Image0/binary/stage/KOYAS_14/KOYAS_14.cod
  Image0/binary/stage/KOYAS_14/KOYAS_14.gmpk
  Image0/binary/stage/KOYAS_14/KOYAS_14.lad
  Image0/binary/stage/KOYAS_14/KOYAS_14.sod
  Image0/binary/stage/KOYAS_15/KOYAS_15.cod
  Image0/binary/stage/KOYAS_15/KOYAS_15.gmpk
  Image0/binary/stage/KOYAS_15/KOYAS_15.lad
  Image0/binary/stage/KOYAS_15/KOYAS_15.sod
  Image0/binary/stage/KOYAS_20/KOYAS_20.cod
  Image0/binary/stage/KOYAS_20/KOYAS_20.gapk
  Image0/binary/stage/KOYAS_20/KOYAS_20.gmpk
  Image0/binary/stage/KOYAS_20/KOYAS_20.sod
  Image0/binary/stage/MAGAT_00/MAGAT_00.cod
  Image0/binary/stage/MAGAT_00/MAGAT_00.gapk
  Image0/binary/stage/MAGAT_00/MAGAT_00.gmpk
  Image0/binary/stage/MAGAT_00/MAGAT_00.lad
  Image0/binary/stage/MAGAT_00/MAGAT_00.sod
  Image0/binary/stage/MAGAT_10/MAGAT_10.cod
  Image0/binary/stage/MAGAT_10/MAGAT_10.gmpk
  Image0/binary/stage/MAGAT_10/MAGAT_10.lad
  Image0/binary/stage/MAGAT_10/MAGAT_10.sod
  Image0/binary/stage/MAGAT_11/MAGAT_11.cod
  Image0/binary/stage/MAGAT_11/MAGAT_11.gmpk
  Image0/binary/stage/MAGAT_11/MAGAT_11.lad
  Image0/binary/stage/MAGAT_11/MAGAT_11.sod
  Image0/binary/stage/MUGEA_00/MUGEA_00.cod
  Image0/binary/stage/MUGEA_00/MUGEA_00.gmpk
  Image0/binary/stage/MUGEA_00/MUGEA_00.lad
  Image0/binary/stage/MUGEA_00/MUGEA_00.sod
  Image0/binary/stage/MUGEB_00/MUGEB_00.cod
  Image0/binary/stage/MUGEB_00/MUGEB_00.gmpk
  Image0/binary/stage/MUGEB_00/MUGEB_00.lad
  Image0/binary/stage/MUGEB_00/MUGEB_00.sod
  Image0/binary/stage/MYIGL_00/MYIGL_00.cod
  Image0/binary/stage/MYIGL_00/MYIGL_00.gapk
  Image0/binary/stage/MYIGL_00/MYIGL_00.gmpk
  Image0/binary/stage/MYIGL_00/MYIGL_00.lad
  Image0/binary/stage/MYIGL_00/MYIGL_00.rad
  Image0/binary/stage/MYIGL_00/MYIGL_00.sod
  Image0/binary/stage/MYIGL_00/MYIGL_00.wad
  Image0/binary/stage/MYIGL_01/MYIGL_01.cod
  Image0/binary/stage/MYIGL_01/MYIGL_01.gapk
  Image0/binary/stage/MYIGL_01/MYIGL_01.gmpk
  Image0/binary/stage/MYIGL_01/MYIGL_01.lad
  Image0/binary/stage/MYIGL_01/MYIGL_01.sod
  Image0/binary/stage/MYIGL_02/MYIGL_02.cod
  Image0/binary/stage/MYIGL_02/MYIGL_02.gmpk
  Image0/binary/stage/MYIGL_02/MYIGL_02.lad
  Image0/binary/stage/MYIGL_02/MYIGL_02.rad
  Image0/binary/stage/MYIGL_02/MYIGL_02.sod
  Image0/binary/stage/MYIGL_02/MYIGL_02.wad
  Image0/binary/stage/MYIGL_03/MYIGL_03.cod
  Image0/binary/stage/MYIGL_03/MYIGL_03.gapk
  Image0/binary/stage/MYIGL_03/MYIGL_03.gmpk
  Image0/binary/stage/MYIGL_03/MYIGL_03.lad
  Image0/binary/stage/MYIGL_03/MYIGL_03.sod
  Image0/binary/stage/MYIGL_04/MYIGL_04.cod
  Image0/binary/stage/MYIGL_04/MYIGL_04.gmpk
  Image0/binary/stage/MYIGL_04/MYIGL_04.lad
  Image0/binary/stage/MYIGL_04/MYIGL_04.sod
  Image0/binary/stage/MYIGL_05/MYIGL_05.cod
  Image0/binary/stage/MYIGL_05/MYIGL_05.gmpk
  Image0/binary/stage/MYIGL_05/MYIGL_05.lad
  Image0/binary/stage/MYIGL_05/MYIGL_05.sod
  Image0/binary/stage/MYIGL_06/MYIGL_06.cod
  Image0/binary/stage/MYIGL_06/MYIGL_06.gapk
  Image0/binary/stage/MYIGL_06/MYIGL_06.gmpk
  Image0/binary/stage/MYIGL_06/MYIGL_06.lad
  Image0/binary/stage/MYIGL_06/MYIGL_06.sod
  Image0/binary/stage/MYIGL_07/MYIGL_07.gmpk
  Image0/binary/stage/MYIGL_07/MYIGL_07.lad
  Image0/binary/stage/MYIGL_07/MYIGL_07.sod
  Image0/binary/stage/MYIGL_08/MYIGL_08.gmpk
  Image0/binary/stage/MYIGL_08/MYIGL_08.lad
  Image0/binary/stage/MYIGL_08/MYIGL_08.sod
  Image0/binary/stage/MYIGL_09/MYIGL_09.gmpk
  Image0/binary/stage/MYIGL_09/MYIGL_09.lad
  Image0/binary/stage/MYIGL_09/MYIGL_09.sod
  Image0/binary/stage/MYIGL_20/MYIGL_20.cod
  Image0/binary/stage/MYIGL_20/MYIGL_20.gmpk
  Image0/binary/stage/MYIGL_20/MYIGL_20.sod
  Image0/binary/stage/MYIGM_00/MYIGM_00.cod
  Image0/binary/stage/MYIGM_00/MYIGM_00.gmpk
  Image0/binary/stage/MYIGM_00/MYIGM_00.lad
  Image0/binary/stage/MYIGM_00/MYIGM_00.rad
  Image0/binary/stage/MYIGM_00/MYIGM_00.sod
  Image0/binary/stage/MYIGM_00/MYIGM_00.wad
  Image0/binary/stage/MYIGM_01/MYIGM_01.cod
  Image0/binary/stage/MYIGM_01/MYIGM_01.gmpk
  Image0/binary/stage/MYIGM_01/MYIGM_01.lad
  Image0/binary/stage/MYIGM_01/MYIGM_01.rad
  Image0/binary/stage/MYIGM_01/MYIGM_01.sod
  Image0/binary/stage/MYIGM_01/MYIGM_01.wad
  Image0/binary/stage/MYIGM_02/MYIGM_02.cod
  Image0/binary/stage/MYIGM_02/MYIGM_02.gapk
  Image0/binary/stage/MYIGM_02/MYIGM_02.gmpk
  Image0/binary/stage/MYIGM_02/MYIGM_02.lad
  Image0/binary/stage/MYIGM_02/MYIGM_02.rad
  Image0/binary/stage/MYIGM_02/MYIGM_02.sod
  Image0/binary/stage/MYIGM_02/MYIGM_02.wad
  Image0/binary/stage/MYIGM_03/MYIGM_03.cod
  Image0/binary/stage/MYIGM_03/MYIGM_03.gmpk
  Image0/binary/stage/MYIGM_03/MYIGM_03.lad
  Image0/binary/stage/MYIGM_03/MYIGM_03.rad
  Image0/binary/stage/MYIGM_03/MYIGM_03.sod
  Image0/binary/stage/MYIGM_03/MYIGM_03.wad
  Image0/binary/stage/MYIGM_04/MYIGM_04.cod
  Image0/binary/stage/MYIGM_04/MYIGM_04.gapk
  Image0/binary/stage/MYIGM_04/MYIGM_04.gmpk
  Image0/binary/stage/MYIGM_04/MYIGM_04.lad
  Image0/binary/stage/MYIGM_04/MYIGM_04.sod
  Image0/binary/stage/MYIGM_05/MYIGM_05.cod
  Image0/binary/stage/MYIGM_05/MYIGM_05.gmpk
  Image0/binary/stage/MYIGM_05/MYIGM_05.lad
  Image0/binary/stage/MYIGM_05/MYIGM_05.sod
  Image0/binary/stage/MYIGM_06/MYIGM_06.cod
  Image0/binary/stage/MYIGM_06/MYIGM_06.gmpk
  Image0/binary/stage/MYIGM_06/MYIGM_06.lad
  Image0/binary/stage/MYIGM_06/MYIGM_06.sod
  Image0/binary/stage/MYIGM_20/MYIGM_20.gmpk
  Image0/binary/stage/MYIGM_20/MYIGM_20.sod
  Image0/binary/stage/MYIGS_00/MYIGS_00.cod
  Image0/binary/stage/MYIGS_00/MYIGS_00.gapk
  Image0/binary/stage/MYIGS_00/MYIGS_00.gmpk
  Image0/binary/stage/MYIGS_00/MYIGS_00.lad
  Image0/binary/stage/MYIGS_00/MYIGS_00.rad
  Image0/binary/stage/MYIGS_00/MYIGS_00.sod
  Image0/binary/stage/MYIGS_10/MYIGS_10.cod
  Image0/binary/stage/MYIGS_10/MYIGS_10.gmpk
  Image0/binary/stage/MYIGS_10/MYIGS_10.sod
  Image0/binary/stage/MYIGS_20/MYIGS_20.cod
  Image0/binary/stage/MYIGS_20/MYIGS_20.gmpk
  Image0/binary/stage/MYIGS_20/MYIGS_20.lad
  Image0/binary/stage/MYIGS_20/MYIGS_20.sod
  Image0/binary/stage/NINGY_00/NINGY_00.cod
  Image0/binary/stage/NINGY_00/NINGY_00.gmpk
  Image0/binary/stage/NINGY_00/NINGY_00.lad
  Image0/binary/stage/NINGY_00/NINGY_00.sod
  Image0/binary/stage/NINGY_01/NINGY_01.cod
  Image0/binary/stage/NINGY_01/NINGY_01.gmpk
  Image0/binary/stage/NINGY_01/NINGY_01.lad
  Image0/binary/stage/NINGY_01/NINGY_01.sod
  Image0/binary/stage/NINGY_02/NINGY_02.cod
  Image0/binary/stage/NINGY_02/NINGY_02.gapk
  Image0/binary/stage/NINGY_02/NINGY_02.gmpk
  Image0/binary/stage/NINGY_02/NINGY_02.lad
  Image0/binary/stage/NINGY_02/NINGY_02.sod
  Image0/binary/stage/NINGY_03/NINGY_03.cod
  Image0/binary/stage/NINGY_03/NINGY_03.gapk
  Image0/binary/stage/NINGY_03/NINGY_03.gmpk
  Image0/binary/stage/NINGY_03/NINGY_03.lad
  Image0/binary/stage/NINGY_03/NINGY_03.sod
  Image0/binary/stage/NINGY_04/NINGY_04.cod
  Image0/binary/stage/NINGY_04/NINGY_04.gapk
  Image0/binary/stage/NINGY_04/NINGY_04.gmpk
  Image0/binary/stage/NINGY_04/NINGY_04.lad
  Image0/binary/stage/NINGY_04/NINGY_04.sod
  Image0/binary/stage/NINGY_05/NINGY_05.cod
  Image0/binary/stage/NINGY_05/NINGY_05.gapk
  Image0/binary/stage/NINGY_05/NINGY_05.gmpk
  Image0/binary/stage/NINGY_05/NINGY_05.lad
  Image0/binary/stage/NINGY_05/NINGY_05.rad
  Image0/binary/stage/NINGY_05/NINGY_05.sod
  Image0/binary/stage/NINGY_05/NINGY_05.wad
  Image0/binary/stage/NINGY_06/NINGY_06.cod
  Image0/binary/stage/NINGY_06/NINGY_06.gmpk
  Image0/binary/stage/NINGY_06/NINGY_06.lad
  Image0/binary/stage/NINGY_06/NINGY_06.sod
  Image0/binary/stage/NINGY_07/NINGY_07.cod
  Image0/binary/stage/NINGY_07/NINGY_07.gmpk
  Image0/binary/stage/NINGY_07/NINGY_07.lad
  Image0/binary/stage/NINGY_07/NINGY_07.sod
  Image0/binary/stage/NINGY_08/NINGY_08.cod
  Image0/binary/stage/NINGY_08/NINGY_08.gmpk
  Image0/binary/stage/NINGY_08/NINGY_08.lad
  Image0/binary/stage/NINGY_08/NINGY_08.sod
  Image0/binary/stage/NINGY_09/NINGY_09.cod
  Image0/binary/stage/NINGY_09/NINGY_09.gmpk
  Image0/binary/stage/NINGY_09/NINGY_09.lad
  Image0/binary/stage/NINGY_09/NINGY_09.sod
  Image0/binary/stage/OIRAN_00/OIRAN_00.campk
  Image0/binary/stage/OIRAN_00/OIRAN_00.cod
  Image0/binary/stage/OIRAN_00/OIRAN_00.gmpk
  Image0/binary/stage/OIRAN_00/OIRAN_00.lad
  Image0/binary/stage/OIRAN_00/OIRAN_00.rad
  Image0/binary/stage/OIRAN_00/OIRAN_00.sod
  Image0/binary/stage/OIRAN_00/OIRAN_00.wad
  Image0/binary/stage/OIRAN_01/OIRAN_01.gmpk
  Image0/binary/stage/OIRAN_01/OIRAN_01.lad
  Image0/binary/stage/OIRAN_01/OIRAN_01.rad
  Image0/binary/stage/OIRAN_01/OIRAN_01.sod
  Image0/binary/stage/OIRAN_01/OIRAN_01.wad
  Image0/binary/stage/OIRAN_02/OIRAN_02.gmpk
  Image0/binary/stage/OIRAN_02/OIRAN_02.lad
  Image0/binary/stage/OIRAN_02/OIRAN_02.rad
  Image0/binary/stage/OIRAN_02/OIRAN_02.sod
  Image0/binary/stage/OIRAN_02/OIRAN_02.wad
  Image0/binary/stage/OIRAN_20/OIRAN_20.cod
  Image0/binary/stage/OIRAN_20/OIRAN_20.gmpk
  Image0/binary/stage/OIRAN_20/OIRAN_20.sod
  Image0/binary/stage/OSORE_00/OSORE_00.cod
  Image0/binary/stage/OSORE_00/OSORE_00.gapk
  Image0/binary/stage/OSORE_00/OSORE_00.gmpk
  Image0/binary/stage/OSORE_00/OSORE_00.lad
  Image0/binary/stage/OSORE_00/OSORE_00.sod
  Image0/binary/stage/OSORE_00/OSORE_00.wad
  Image0/binary/stage/OSORE_01/OSORE_01.cod
  Image0/binary/stage/OSORE_01/OSORE_01.gapk
  Image0/binary/stage/OSORE_01/OSORE_01.gmpk
  Image0/binary/stage/OSORE_01/OSORE_01.lad
  Image0/binary/stage/OSORE_01/OSORE_01.sod
  Image0/binary/stage/OSORE_01/OSORE_01.wad
  Image0/binary/stage/OSORE_02/OSORE_02.cod
  Image0/binary/stage/OSORE_02/OSORE_02.gapk
  Image0/binary/stage/OSORE_02/OSORE_02.gmpk
  Image0/binary/stage/OSORE_02/OSORE_02.lad
  Image0/binary/stage/OSORE_02/OSORE_02.sod
  Image0/binary/stage/OSORE_02/OSORE_02.wad
  Image0/binary/stage/OSORE_03/OSORE_03.cod
  Image0/binary/stage/OSORE_03/OSORE_03.gmpk
  Image0/binary/stage/OSORE_03/OSORE_03.lad
  Image0/binary/stage/OSORE_03/OSORE_03.sod
  Image0/binary/stage/OSORE_04/OSORE_04.cod
  Image0/binary/stage/OSORE_04/OSORE_04.gmpk
  Image0/binary/stage/OSORE_04/OSORE_04.lad
  Image0/binary/stage/OSORE_04/OSORE_04.sod
  Image0/binary/stage/OSORE_05/OSORE_05.cod
  Image0/binary/stage/OSORE_05/OSORE_05.gmpk
  Image0/binary/stage/OSORE_05/OSORE_05.lad
  Image0/binary/stage/OSORE_05/OSORE_05.sod
  Image0/binary/stage/RENNO_00/RENNO_00.cod
  Image0/binary/stage/RENNO_00/RENNO_00.gmpk
  Image0/binary/stage/RENNO_00/RENNO_00.lad
  Image0/binary/stage/RENNO_00/RENNO_00.sod
  Image0/binary/stage/ROOMA_00/ROOMA_00.cod
  Image0/binary/stage/ROOMA_00/ROOMA_00.gmpk
  Image0/binary/stage/ROOMA_00/ROOMA_00.lad
  Image0/binary/stage/ROOMA_00/ROOMA_00.sod
  Image0/binary/stage/RYOKA_00/RYOKA_00.cod
  Image0/binary/stage/RYOKA_00/RYOKA_00.gmpk
  Image0/binary/stage/RYOKA_00/RYOKA_00.lad
  Image0/binary/stage/RYOKA_00/RYOKA_00.rad
  Image0/binary/stage/RYOKA_00/RYOKA_00.sod
  Image0/binary/stage/RYOKA_00/RYOKA_00.wad
  Image0/binary/stage/RYOKA_01/RYOKA_01.cod
  Image0/binary/stage/RYOKA_01/RYOKA_01.gapk
  Image0/binary/stage/RYOKA_01/RYOKA_01.gmpk
  Image0/binary/stage/RYOKA_01/RYOKA_01.lad
  Image0/binary/stage/RYOKA_01/RYOKA_01.rad
  Image0/binary/stage/RYOKA_01/RYOKA_01.sod
  Image0/binary/stage/RYOKA_01/RYOKA_01.wad
  Image0/binary/stage/RYOKA_02/RYOKA_02.cod
  Image0/binary/stage/RYOKA_02/RYOKA_02.gmpk
  Image0/binary/stage/RYOKA_02/RYOKA_02.lad
  Image0/binary/stage/RYOKA_02/RYOKA_02.sod
  Image0/binary/stage/RYOKA_03/RYOKA_03.cod
  Image0/binary/stage/RYOKA_03/RYOKA_03.gmpk
  Image0/binary/stage/RYOKA_03/RYOKA_03.lad
  Image0/binary/stage/RYOKA_03/RYOKA_03.sod
  Image0/binary/stage/RYOKA_03/RYOKA_03.wad
  Image0/binary/stage/RYOKA_04/RYOKA_04.cod
  Image0/binary/stage/RYOKA_04/RYOKA_04.gmpk
  Image0/binary/stage/RYOKA_04/RYOKA_04.lad
  Image0/binary/stage/RYOKA_04/RYOKA_04.sod
  Image0/binary/stage/RYOKA_04/RYOKA_04.wad
  Image0/binary/stage/RYOKA_05/RYOKA_05.cod
  Image0/binary/stage/RYOKA_05/RYOKA_05.gmpk
  Image0/binary/stage/RYOKA_05/RYOKA_05.lad
  Image0/binary/stage/RYOKA_05/RYOKA_05.rad
  Image0/binary/stage/RYOKA_05/RYOKA_05.sod
  Image0/binary/stage/RYOKA_05/RYOKA_05.wad
  Image0/binary/stage/RYOKA_06/RYOKA_06.cod
  Image0/binary/stage/RYOKA_06/RYOKA_06.gmpk
  Image0/binary/stage/RYOKA_06/RYOKA_06.lad
  Image0/binary/stage/RYOKA_06/RYOKA_06.sod
  Image0/binary/stage/RYOKA_06/RYOKA_06.wad
  Image0/binary/stage/RYOKA_07/RYOKA_07.cod
  Image0/binary/stage/RYOKA_07/RYOKA_07.gmpk
  Image0/binary/stage/RYOKA_07/RYOKA_07.lad
  Image0/binary/stage/RYOKA_07/RYOKA_07.rad
  Image0/binary/stage/RYOKA_07/RYOKA_07.sod
  Image0/binary/stage/RYOKA_07/RYOKA_07.wad
  Image0/binary/stage/RYOKA_08/RYOKA_08.cod
  Image0/binary/stage/RYOKA_08/RYOKA_08.gmpk
  Image0/binary/stage/RYOKA_08/RYOKA_08.lad
  Image0/binary/stage/RYOKA_08/RYOKA_08.rad
  Image0/binary/stage/RYOKA_08/RYOKA_08.sod
  Image0/binary/stage/RYOKA_08/RYOKA_08.wad
  Image0/binary/stage/RYOKA_09/RYOKA_09.cod
  Image0/binary/stage/RYOKA_09/RYOKA_09.gmpk
  Image0/binary/stage/RYOKA_09/RYOKA_09.lad
  Image0/binary/stage/RYOKA_09/RYOKA_09.sod
  Image0/binary/stage/RYOKA_20/RYOKA_20.cod
  Image0/binary/stage/RYOKA_20/RYOKA_20.gapk
  Image0/binary/stage/RYOKA_20/RYOKA_20.gmpk
  Image0/binary/stage/RYOKA_20/RYOKA_20.sod
  Image0/binary/stage/RYOKE_00/RYOKE_00.cod
  Image0/binary/stage/RYOKE_00/RYOKE_00.gmpk
  Image0/binary/stage/RYOKE_00/RYOKE_00.lad
  Image0/binary/stage/RYOKE_00/RYOKE_00.sod
  Image0/binary/stage/RYOKE_00/RYOKE_00.wad
  Image0/binary/stage/RYOKE_01/RYOKE_01.cod
  Image0/binary/stage/RYOKE_01/RYOKE_01.gapk
  Image0/binary/stage/RYOKE_01/RYOKE_01.gmpk
  Image0/binary/stage/RYOKE_01/RYOKE_01.lad
  Image0/binary/stage/RYOKE_01/RYOKE_01.sod
  Image0/binary/stage/RYOKE_01/RYOKE_01.wad
  Image0/binary/stage/RYOKE_03/RYOKE_03.cod
  Image0/binary/stage/RYOKE_03/RYOKE_03.gmpk
  Image0/binary/stage/RYOKE_03/RYOKE_03.lad
  Image0/binary/stage/RYOKE_03/RYOKE_03.sod
  Image0/binary/stage/RYOKE_03/RYOKE_03.wad
  Image0/binary/stage/RYOKE_04/RYOKE_04.cod
  Image0/binary/stage/RYOKE_04/RYOKE_04.gmpk
  Image0/binary/stage/RYOKE_04/RYOKE_04.lad
  Image0/binary/stage/RYOKE_04/RYOKE_04.sod
  Image0/binary/stage/RYOKE_04/RYOKE_04.wad
  Image0/binary/stage/RYOKE_05/RYOKE_05.cod
  Image0/binary/stage/RYOKE_05/RYOKE_05.gmpk
  Image0/binary/stage/RYOKE_05/RYOKE_05.lad
  Image0/binary/stage/RYOKE_05/RYOKE_05.sod
  Image0/binary/stage/RYOKE_05/RYOKE_05.wad
  Image0/binary/stage/RYOKE_06/RYOKE_06.cod
  Image0/binary/stage/RYOKE_06/RYOKE_06.gmpk
  Image0/binary/stage/RYOKE_06/RYOKE_06.lad
  Image0/binary/stage/RYOKE_06/RYOKE_06.sod
  Image0/binary/stage/RYOKE_06/RYOKE_06.wad
  Image0/binary/stage/RYOKE_07/RYOKE_07.cod
  Image0/binary/stage/RYOKE_07/RYOKE_07.gmpk
  Image0/binary/stage/RYOKE_07/RYOKE_07.lad
  Image0/binary/stage/RYOKE_07/RYOKE_07.sod
  Image0/binary/stage/RYOKE_07/RYOKE_07.wad
  Image0/binary/stage/RYOKE_08/RYOKE_08.cod
  Image0/binary/stage/RYOKE_08/RYOKE_08.gmpk
  Image0/binary/stage/RYOKE_08/RYOKE_08.lad
  Image0/binary/stage/RYOKE_08/RYOKE_08.sod
  Image0/binary/stage/RYOKE_08/RYOKE_08.wad
  Image0/binary/stage/RYOKE_20/RYOKE_20.cod
  Image0/binary/stage/RYOKE_20/RYOKE_20.gapk
  Image0/binary/stage/RYOKE_20/RYOKE_20.gmpk
  Image0/binary/stage/RYOKE_20/RYOKE_20.sod
  Image0/binary/stage/SAKRA_00/SAKRA_00.cod
  Image0/binary/stage/SAKRA_00/SAKRA_00.gmpk
  Image0/binary/stage/SAKRA_00/SAKRA_00.lad
  Image0/binary/stage/SAKRA_00/SAKRA_00.sod
  Image0/binary/stage/SAKRA_00/SAKRA_00.wad
  Image0/binary/stage/SUIJO_00/SUIJO_00.cod
  Image0/binary/stage/SUIJO_00/SUIJO_00.gapk
  Image0/binary/stage/SUIJO_00/SUIJO_00.gmpk
  Image0/binary/stage/SUIJO_00/SUIJO_00.lad
  Image0/binary/stage/SUIJO_00/SUIJO_00.rad
  Image0/binary/stage/SUIJO_00/SUIJO_00.sod
  Image0/binary/stage/SUIJO_00/SUIJO_00.wad
  Image0/binary/stage/SUIJO_01/SUIJO_01.cod
  Image0/binary/stage/SUIJO_01/SUIJO_01.gmpk
  Image0/binary/stage/SUIJO_01/SUIJO_01.lad
  Image0/binary/stage/SUIJO_01/SUIJO_01.sod
  Image0/binary/stage/SUIJO_02/SUIJO_02.cod
  Image0/binary/stage/SUIJO_02/SUIJO_02.gapk
  Image0/binary/stage/SUIJO_02/SUIJO_02.gmpk
  Image0/binary/stage/SUIJO_02/SUIJO_02.lad
  Image0/binary/stage/SUIJO_02/SUIJO_02.sod
  Image0/binary/stage/SUIJO_02/SUIJO_02.wad
  Image0/binary/stage/SUIJO_03/SUIJO_03.cod
  Image0/binary/stage/SUIJO_03/SUIJO_03.gmpk
  Image0/binary/stage/SUIJO_03/SUIJO_03.lad
  Image0/binary/stage/SUIJO_03/SUIJO_03.sod
  Image0/binary/stage/SUIJO_04/SUIJO_04.cod
  Image0/binary/stage/SUIJO_04/SUIJO_04.gmpk
  Image0/binary/stage/SUIJO_04/SUIJO_04.lad
  Image0/binary/stage/SUIJO_04/SUIJO_04.sod
  Image0/binary/stage/SUIJO_05/SUIJO_05.cod
  Image0/binary/stage/SUIJO_05/SUIJO_05.gmpk
  Image0/binary/stage/SUIJO_05/SUIJO_05.lad
  Image0/binary/stage/SUIJO_05/SUIJO_05.sod
  Image0/binary/stage/SUIJO_10/SUIJO_10.cod
  Image0/binary/stage/SUIJO_10/SUIJO_10.gapk
  Image0/binary/stage/SUIJO_10/SUIJO_10.gmpk
  Image0/binary/stage/SUIJO_10/SUIJO_10.lad
  Image0/binary/stage/SUIJO_10/SUIJO_10.rad
  Image0/binary/stage/SUIJO_10/SUIJO_10.sod
  Image0/binary/stage/SUIJO_10/SUIJO_10.wad
  Image0/binary/stage/TEMPL_00/TEMPL_00.gmpk
  Image0/binary/stage/TEMPL_00/TEMPL_00.lad
  Image0/binary/stage/TEMPL_00/TEMPL_00.sod
  Image0/binary/stage/TEMPL_00/TEMPL_00.wad
  Image0/binary/stage/TEST0_00/TEST0_00.sod
  Image0/binary/stage/TEST0_00/TEST0_00.trd
  Image0/binary/stage/TEST0_01/TEST0_01.cod
  Image0/binary/stage/TEST0_01/TEST0_01.gmpk
  Image0/binary/stage/TEST0_01/TEST0_01.sod
  Image0/binary/stage/TEST0_01/TEST0_01.wad
  Image0/binary/stage/TESTH_00/TESTH_00.gmpk
  Image0/binary/stage/TESTH_00/TESTH_00.sod
  Image0/binary/stage/TESTH_00/TESTH_00.trd
  Image0/binary/stage/TNNEL_00/TNNEL_00.cod
  Image0/binary/stage/TNNEL_00/TNNEL_00.gmpk
  Image0/binary/stage/TNNEL_00/TNNEL_00.lad
  Image0/binary/stage/TNNEL_00/TNNEL_00.rad
  Image0/binary/stage/TNNEL_00/TNNEL_00.sod
  Image0/binary/stage/TNNEL_00/TNNEL_00.wad
  Image0/binary/stage/TNNEL_01/TNNEL_01.cod
  Image0/binary/stage/TNNEL_01/TNNEL_01.gapk
  Image0/binary/stage/TNNEL_01/TNNEL_01.gmpk
  Image0/binary/stage/TNNEL_01/TNNEL_01.lad
  Image0/binary/stage/TNNEL_01/TNNEL_01.sod
  Image0/binary/stage/TNNEL_01/TNNEL_01.wad
  Image0/binary/stage/TNNEL_02/TNNEL_02.cod
  Image0/binary/stage/TNNEL_02/TNNEL_02.gmpk
  Image0/binary/stage/TNNEL_02/TNNEL_02.lad
  Image0/binary/stage/TNNEL_02/TNNEL_02.rad
  Image0/binary/stage/TNNEL_02/TNNEL_02.sod
  Image0/binary/stage/TNNEL_02/TNNEL_02.wad
  Image0/binary/stage/TNNEL_20/TNNEL_20.gmpk
  Image0/binary/stage/TNNEL_20/TNNEL_20.sod
  Image0/binary/stage/VILAG_00/VILAG_00.gmpk
  Image0/binary/stage/VILAG_00/VILAG_00.lad
  Image0/binary/stage/VILAG_00/VILAG_00.sod
  Image0/binary/stage/WATER_00/WATER_00.gmpk
  Image0/binary/stage/WATER_00/WATER_00.sod
  Image0/binary/stage/YAMAM_00/YAMAM_00.cod
  Image0/binary/stage/YAMAM_00/YAMAM_00.gmpk
  Image0/binary/stage/YAMAM_00/YAMAM_00.lad
  Image0/binary/stage/YAMAM_00/YAMAM_00.rad
  Image0/binary/stage/YAMAM_00/YAMAM_00.sod
  Image0/binary/stage/YAMAM_00/YAMAM_00.wad
  Image0/binary/stage/YAMAM_01/YAMAM_01.cod
  Image0/binary/stage/YAMAM_01/YAMAM_01.gmpk
  Image0/binary/stage/YAMAM_01/YAMAM_01.lad
  Image0/binary/stage/YAMAM_01/YAMAM_01.rad
  Image0/binary/stage/YAMAM_01/YAMAM_01.sod
  Image0/binary/stage/YAMAM_01/YAMAM_01.wad
  Image0/binary/stage/common/common.gapk
  Image0/binary/stage/dummy/dummy.sod
  Image0/binary/stage/ngj00/ngj00.cod
  Image0/binary/stage/ngj00/ngj00.gapk
  Image0/binary/stage/ngj00/ngj00.gmpk
  Image0/binary/stage/ngj00/ngj00.lad
  Image0/binary/stage/ngj00/ngj00.sod
  Image0/binary/story/a01a.spd
  Image0/binary/story/a02a.spd
  Image0/binary/story/a03a.spd
  Image0/binary/story/a04a.spd
  Image0/binary/story/act_test.spd
  Image0/binary/story/act_test2.spd
  Image0/binary/story/alpha.spd
  Image0/binary/story/alpha2.spd
  Image0/binary/story/m01a.spd
  Image0/binary/story/m02a.spd
  Image0/binary/story/m03a.spd
M Image0/binary/story/m04a.spd
  Image0/binary/story/m05a.spd
  Image0/binary/story/m06a.spd
  Image0/binary/story/m07a.spd
  Image0/binary/story/m08a.spd
  Image0/binary/story/m09a.spd
  Image0/binary/story/m10a.spd
  Image0/binary/story/m11a.spd
  Image0/binary/story/m12a.spd
  Image0/binary/story/m13a.spd
  Image0/binary/story/m14a.spd
  Image0/binary/story/m15a.spd
  Image0/binary/story/m16a.spd
  Image0/binary/story/m17a.spd
  Image0/binary/story/m17b.spd
  Image0/binary/story/m17c.spd
  Image0/binary/story/m17d.spd
  Image0/binary/story/m17e.spd
  Image0/binary/story/m17f.spd
  Image0/binary/story/m17g.spd
  Image0/binary/story/mission001.spd
  Image0/binary/story/mission002.spd
  Image0/binary/story/mission003.spd
  Image0/binary/story/mission004.spd
  Image0/binary/story/mission005.spd
  Image0/binary/story/test.spd
  Image0/binary/story/zone_bochi.spd
  Image0/binary/story/zone_cbcar.spd
  Image0/binary/story/zone_hitan.spd
  Image0/binary/story/zone_jyukai.spd
  Image0/binary/story/zone_kotto.spd
  Image0/binary/story/zone_koyas.spd
  Image0/binary/story/zone_magat.spd
  Image0/binary/story/zone_myigl.spd
  Image0/binary/story/zone_myigm.spd
  Image0/binary/story/zone_myigs2.spd
  Image0/binary/story/zone_myigs3.spd
  Image0/binary/story/zone_oiran.spd
  Image0/binary/story/zone_osore.spd
  Image0/binary/story/zone_renno.spd
  Image0/binary/story/zone_ryoka.spd
  Image0/binary/story/zone_suijo.spd
  Image0/binary/story/zone_tnnel.spd
M Image0/binary/text/ASsc/FILE.fmsg
  Image0/binary/text/ASsc/FIND_CMN.fmsg
  Image0/binary/text/ASsc/GHOSTLIST.fmsg
  Image0/binary/text/ASsc/LYRICS.fmsg
  Image0/binary/text/ASsc/MEMO.fmsg
  Image0/binary/text/ASsc/MOVIE.fmsg
  Image0/binary/text/ASsc/NAR_A01A.fmsg
  Image0/binary/text/ASsc/NAR_A02A.fmsg
  Image0/binary/text/ASsc/NAR_A03A.fmsg
  Image0/binary/text/ASsc/NAR_A04A.fmsg
  Image0/binary/text/ASsc/NAR_CMN.fmsg
  Image0/binary/text/ASsc/NAR_M01A.fmsg
  Image0/binary/text/ASsc/NAR_M02A.fmsg
  Image0/binary/text/ASsc/NAR_M03A.fmsg
  Image0/binary/text/ASsc/NAR_M04A.fmsg
  Image0/binary/text/ASsc/NAR_M05A.fmsg
  Image0/binary/text/ASsc/NAR_M06A.fmsg
  Image0/binary/text/ASsc/NAR_M07A.fmsg
  Image0/binary/text/ASsc/NAR_M08A.fmsg
  Image0/binary/text/ASsc/NAR_M09A.fmsg
  Image0/binary/text/ASsc/NAR_M10A.fmsg
  Image0/binary/text/ASsc/NAR_M11A.fmsg
  Image0/binary/text/ASsc/NAR_M12A.fmsg
  Image0/binary/text/ASsc/NAR_M13A.fmsg
  Image0/binary/text/ASsc/NAR_M14A.fmsg
  Image0/binary/text/ASsc/NAR_M15A.fmsg
  Image0/binary/text/ASsc/NAR_M16A.fmsg
  Image0/binary/text/ASsc/NAR_M17A.fmsg
  Image0/binary/text/ASsc/NAR_M17B.fmsg
  Image0/binary/text/ASsc/NAR_M17C.fmsg
  Image0/binary/text/ASsc/NAR_M17D.fmsg
  Image0/binary/text/ASsc/NAR_M17E.fmsg
  Image0/binary/text/ASsc/NAR_M17F.fmsg
  Image0/binary/text/ASsc/NAR_M17G.fmsg
  Image0/binary/text/ASsc/OBJ_A01A.fmsg
  Image0/binary/text/ASsc/OBJ_A02A.fmsg
  Image0/binary/text/ASsc/OBJ_A03A.fmsg
  Image0/binary/text/ASsc/OBJ_A04A.fmsg
  Image0/binary/text/ASsc/OBJ_CMN.fmsg
  Image0/binary/text/ASsc/OBJ_M01A.fmsg
  Image0/binary/text/ASsc/OBJ_M02A.fmsg
  Image0/binary/text/ASsc/OBJ_M03A.fmsg
  Image0/binary/text/ASsc/OBJ_M04A.fmsg
  Image0/binary/text/ASsc/OBJ_M05A.fmsg
  Image0/binary/text/ASsc/OBJ_M06A.fmsg
  Image0/binary/text/ASsc/OBJ_M07A.fmsg
  Image0/binary/text/ASsc/OBJ_M08A.fmsg
  Image0/binary/text/ASsc/OBJ_M09A.fmsg
  Image0/binary/text/ASsc/OBJ_M10A.fmsg
  Image0/binary/text/ASsc/OBJ_M11A.fmsg
  Image0/binary/text/ASsc/OBJ_M12A.fmsg
  Image0/binary/text/ASsc/OBJ_M13A.fmsg
  Image0/binary/text/ASsc/OBJ_M14A.fmsg
  Image0/binary/text/ASsc/OBJ_M15A.fmsg
  Image0/binary/text/ASsc/OBJ_M16A.fmsg
  Image0/binary/text/ASsc/OBJ_M17A.fmsg
  Image0/binary/text/ASsc/OBJ_M17B.fmsg
  Image0/binary/text/ASsc/OBJ_M17C.fmsg
  Image0/binary/text/ASsc/OBJ_M17D.fmsg
  Image0/binary/text/ASsc/OBJ_M17E.fmsg
  Image0/binary/text/ASsc/OBJ_M17F.fmsg
  Image0/binary/text/ASsc/OBJ_M17G.fmsg
  Image0/binary/text/ASsc/REISEKIVOICE.fmsg
  Image0/binary/text/ASsc/RTP_M10A.fmsg
M Image0/binary/text/ASsc/STAFF_CREDIT.fmsg
M Image0/binary/text/ASsc/SYNOPSIS.fmsg
  Image0/binary/text/ASsc/TRP_A01A.fmsg
  Image0/binary/text/ASsc/TRP_A02A.fmsg
  Image0/binary/text/ASsc/TRP_A03A.fmsg
  Image0/binary/text/ASsc/TRP_A04A.fmsg
  Image0/binary/text/ASsc/TRP_CMN.fmsg
  Image0/binary/text/ASsc/TRP_M01A.fmsg
  Image0/binary/text/ASsc/TRP_M02A.fmsg
  Image0/binary/text/ASsc/TRP_M03A.fmsg
  Image0/binary/text/ASsc/TRP_M04A.fmsg
  Image0/binary/text/ASsc/TRP_M05A.fmsg
  Image0/binary/text/ASsc/TRP_M06A.fmsg
  Image0/binary/text/ASsc/TRP_M07A.fmsg
M Image0/binary/text/ASsc/TRP_M08A.fmsg
  Image0/binary/text/ASsc/TRP_M09A.fmsg
  Image0/binary/text/ASsc/TRP_M10A.fmsg
  Image0/binary/text/ASsc/TRP_M11A.fmsg
  Image0/binary/text/ASsc/TRP_M12A.fmsg
  Image0/binary/text/ASsc/TRP_M13A.fmsg
  Image0/binary/text/ASsc/TRP_M14A.fmsg
  Image0/binary/text/ASsc/TRP_M15A.fmsg
  Image0/binary/text/ASsc/TRP_M16A.fmsg
  Image0/binary/text/ASsc/TRP_M17A.fmsg
  Image0/binary/text/ASsc/TRP_M17B.fmsg
  Image0/binary/text/ASsc/TRP_M17C.fmsg
  Image0/binary/text/ASsc/TRP_M17D.fmsg
  Image0/binary/text/ASsc/TRP_M17E.fmsg
  Image0/binary/text/ASsc/TRP_M17F.fmsg
  Image0/binary/text/ASsc/TRP_M17G.fmsg
  Image0/binary/text/ASsc/TRP_MOV_A01.fmsg
  Image0/binary/text/ASsc/TRP_MOV_A02.fmsg
  Image0/binary/text/ASsc/TRP_MOV_A03.fmsg
  Image0/binary/text/ASsc/TRP_MOV_A04.fmsg
M Image0/binary/text/ASsc/TRP_MOV_CMN.fmsg
  Image0/binary/text/ASsc/TRP_MOV_M01.fmsg
  Image0/binary/text/ASsc/TRP_MOV_M02.fmsg
M Image0/binary/text/ASsc/TRP_MOV_M03.fmsg
  Image0/binary/text/ASsc/TRP_MOV_M04.fmsg
  Image0/binary/text/ASsc/TRP_MOV_M05.fmsg
  Image0/binary/text/ASsc/TRP_MOV_M06.fmsg
  Image0/binary/text/ASsc/TRP_MOV_M07.fmsg
  Image0/binary/text/ASsc/TRP_MOV_M08.fmsg
  Image0/binary/text/ASsc/TRP_MOV_M09.fmsg
  Image0/binary/text/ASsc/TRP_MOV_M10.fmsg
  Image0/binary/text/ASsc/TRP_MOV_M11.fmsg
  Image0/binary/text/ASsc/TRP_MOV_M12.fmsg
M Image0/binary/text/ASsc/TRP_MOV_M13.fmsg
  Image0/binary/text/ASsc/TRP_MOV_M14.fmsg
  Image0/binary/text/ASsc/TRP_MOV_M15.fmsg
  Image0/binary/text/ASsc/TRP_MOV_M16.fmsg
  Image0/binary/text/ASsc/TRP_MOV_M17.fmsg
M Image0/binary/text/ASsc/TUTO.fmsg
M Image0/binary/text/ASsc/digital_artbook.fmsg
  Image0/binary/text/ASsc/digital_artbook2.fmsg
  Image0/binary/text/ASsc/photo_mode.fmsg
M Image0/binary/text/ASsc/system.fmsg
M Image0/binary/text/ASsc/system2.fmsg
  Image0/binary/text/ASsc/system_name_stg.fmsg
  Image0/binary/text/ASsc/template.fmsg
  Image0/binary/text/ASsc/ver_alpha2.fmsg
  Image0/binary/text/ASsc/ver_interim.fmsg
M Image0/binary/text/AStc/FILE.fmsg
  Image0/binary/text/AStc/FIND_CMN.fmsg
  Image0/binary/text/AStc/GHOSTLIST.fmsg
  Image0/binary/text/AStc/LYRICS.fmsg
  Image0/binary/text/AStc/MEMO.fmsg
  Image0/binary/text/AStc/MOVIE.fmsg
  Image0/binary/text/AStc/NAR_A01A.fmsg
  Image0/binary/text/AStc/NAR_A02A.fmsg
  Image0/binary/text/AStc/NAR_A03A.fmsg
  Image0/binary/text/AStc/NAR_A04A.fmsg
  Image0/binary/text/AStc/NAR_CMN.fmsg
  Image0/binary/text/AStc/NAR_M01A.fmsg
  Image0/binary/text/AStc/NAR_M02A.fmsg
  Image0/binary/text/AStc/NAR_M03A.fmsg
  Image0/binary/text/AStc/NAR_M04A.fmsg
  Image0/binary/text/AStc/NAR_M05A.fmsg
  Image0/binary/text/AStc/NAR_M06A.fmsg
  Image0/binary/text/AStc/NAR_M07A.fmsg
  Image0/binary/text/AStc/NAR_M08A.fmsg
  Image0/binary/text/AStc/NAR_M09A.fmsg
  Image0/binary/text/AStc/NAR_M10A.fmsg
  Image0/binary/text/AStc/NAR_M11A.fmsg
  Image0/binary/text/AStc/NAR_M12A.fmsg
  Image0/binary/text/AStc/NAR_M13A.fmsg
  Image0/binary/text/AStc/NAR_M14A.fmsg
  Image0/binary/text/AStc/NAR_M15A.fmsg
  Image0/binary/text/AStc/NAR_M16A.fmsg
  Image0/binary/text/AStc/NAR_M17A.fmsg
  Image0/binary/text/AStc/NAR_M17B.fmsg
  Image0/binary/text/AStc/NAR_M17C.fmsg
  Image0/binary/text/AStc/NAR_M17D.fmsg
  Image0/binary/text/AStc/NAR_M17E.fmsg
  Image0/binary/text/AStc/NAR_M17F.fmsg
  Image0/binary/text/AStc/NAR_M17G.fmsg
  Image0/binary/text/AStc/OBJ_A01A.fmsg
  Image0/binary/text/AStc/OBJ_A02A.fmsg
  Image0/binary/text/AStc/OBJ_A03A.fmsg
  Image0/binary/text/AStc/OBJ_A04A.fmsg
  Image0/binary/text/AStc/OBJ_CMN.fmsg
  Image0/binary/text/AStc/OBJ_M01A.fmsg
  Image0/binary/text/AStc/OBJ_M02A.fmsg
  Image0/binary/text/AStc/OBJ_M03A.fmsg
  Image0/binary/text/AStc/OBJ_M04A.fmsg
  Image0/binary/text/AStc/OBJ_M05A.fmsg
  Image0/binary/text/AStc/OBJ_M06A.fmsg
  Image0/binary/text/AStc/OBJ_M07A.fmsg
  Image0/binary/text/AStc/OBJ_M08A.fmsg
  Image0/binary/text/AStc/OBJ_M09A.fmsg
  Image0/binary/text/AStc/OBJ_M10A.fmsg
  Image0/binary/text/AStc/OBJ_M11A.fmsg
  Image0/binary/text/AStc/OBJ_M12A.fmsg
  Image0/binary/text/AStc/OBJ_M13A.fmsg
  Image0/binary/text/AStc/OBJ_M14A.fmsg
  Image0/binary/text/AStc/OBJ_M15A.fmsg
  Image0/binary/text/AStc/OBJ_M16A.fmsg
  Image0/binary/text/AStc/OBJ_M17A.fmsg
  Image0/binary/text/AStc/OBJ_M17B.fmsg
  Image0/binary/text/AStc/OBJ_M17C.fmsg
  Image0/binary/text/AStc/OBJ_M17D.fmsg
  Image0/binary/text/AStc/OBJ_M17E.fmsg
  Image0/binary/text/AStc/OBJ_M17F.fmsg
  Image0/binary/text/AStc/OBJ_M17G.fmsg
  Image0/binary/text/AStc/REISEKIVOICE.fmsg
  Image0/binary/text/AStc/RTP_M10A.fmsg
M Image0/binary/text/AStc/STAFF_CREDIT.fmsg
  Image0/binary/text/AStc/SYNOPSIS.fmsg
  Image0/binary/text/AStc/TRP_A01A.fmsg
  Image0/binary/text/AStc/TRP_A02A.fmsg
  Image0/binary/text/AStc/TRP_A03A.fmsg
  Image0/binary/text/AStc/TRP_A04A.fmsg
  Image0/binary/text/AStc/TRP_CMN.fmsg
  Image0/binary/text/AStc/TRP_M01A.fmsg
  Image0/binary/text/AStc/TRP_M02A.fmsg
  Image0/binary/text/AStc/TRP_M03A.fmsg
  Image0/binary/text/AStc/TRP_M04A.fmsg
  Image0/binary/text/AStc/TRP_M05A.fmsg
  Image0/binary/text/AStc/TRP_M06A.fmsg
  Image0/binary/text/AStc/TRP_M07A.fmsg
  Image0/binary/text/AStc/TRP_M08A.fmsg
  Image0/binary/text/AStc/TRP_M09A.fmsg
  Image0/binary/text/AStc/TRP_M10A.fmsg
  Image0/binary/text/AStc/TRP_M11A.fmsg
  Image0/binary/text/AStc/TRP_M12A.fmsg
  Image0/binary/text/AStc/TRP_M13A.fmsg
  Image0/binary/text/AStc/TRP_M14A.fmsg
  Image0/binary/text/AStc/TRP_M15A.fmsg
  Image0/binary/text/AStc/TRP_M16A.fmsg
  Image0/binary/text/AStc/TRP_M17A.fmsg
  Image0/binary/text/AStc/TRP_M17B.fmsg
  Image0/binary/text/AStc/TRP_M17C.fmsg
  Image0/binary/text/AStc/TRP_M17D.fmsg
  Image0/binary/text/AStc/TRP_M17E.fmsg
  Image0/binary/text/AStc/TRP_M17F.fmsg
  Image0/binary/text/AStc/TRP_M17G.fmsg
  Image0/binary/text/AStc/TRP_MOV_A01.fmsg
  Image0/binary/text/AStc/TRP_MOV_A02.fmsg
  Image0/binary/text/AStc/TRP_MOV_A03.fmsg
  Image0/binary/text/AStc/TRP_MOV_A04.fmsg
  Image0/binary/text/AStc/TRP_MOV_CMN.fmsg
  Image0/binary/text/AStc/TRP_MOV_M01.fmsg
  Image0/binary/text/AStc/TRP_MOV_M02.fmsg
  Image0/binary/text/AStc/TRP_MOV_M03.fmsg
  Image0/binary/text/AStc/TRP_MOV_M04.fmsg
  Image0/binary/text/AStc/TRP_MOV_M05.fmsg
  Image0/binary/text/AStc/TRP_MOV_M06.fmsg
  Image0/binary/text/AStc/TRP_MOV_M07.fmsg
  Image0/binary/text/AStc/TRP_MOV_M08.fmsg
  Image0/binary/text/AStc/TRP_MOV_M09.fmsg
  Image0/binary/text/AStc/TRP_MOV_M10.fmsg
  Image0/binary/text/AStc/TRP_MOV_M11.fmsg
  Image0/binary/text/AStc/TRP_MOV_M12.fmsg
  Image0/binary/text/AStc/TRP_MOV_M13.fmsg
  Image0/binary/text/AStc/TRP_MOV_M14.fmsg
  Image0/binary/text/AStc/TRP_MOV_M15.fmsg
  Image0/binary/text/AStc/TRP_MOV_M16.fmsg
  Image0/binary/text/AStc/TRP_MOV_M17.fmsg
M Image0/binary/text/AStc/TUTO.fmsg
M Image0/binary/text/AStc/digital_artbook.fmsg
  Image0/binary/text/AStc/digital_artbook2.fmsg
  Image0/binary/text/AStc/photo_mode.fmsg
M Image0/binary/text/AStc/system.fmsg
M Image0/binary/text/AStc/system2.fmsg
  Image0/binary/text/AStc/system_name_stg.fmsg
  Image0/binary/text/AStc/template.fmsg
  Image0/binary/text/AStc/ver_alpha2.fmsg
  Image0/binary/text/AStc/ver_interim.fmsg
  Image0/binary/text/EUde/FILE.fmsg
  Image0/binary/text/EUde/FIND_CMN.fmsg
  Image0/binary/text/EUde/GHOSTLIST.fmsg
  Image0/binary/text/EUde/LYRICS.fmsg
  Image0/binary/text/EUde/MEMO.fmsg
  Image0/binary/text/EUde/MOVIE.fmsg
  Image0/binary/text/EUde/NAR_A01A.fmsg
  Image0/binary/text/EUde/NAR_A02A.fmsg
  Image0/binary/text/EUde/NAR_A03A.fmsg
  Image0/binary/text/EUde/NAR_A04A.fmsg
  Image0/binary/text/EUde/NAR_CMN.fmsg
  Image0/binary/text/EUde/NAR_M01A.fmsg
  Image0/binary/text/EUde/NAR_M02A.fmsg
  Image0/binary/text/EUde/NAR_M03A.fmsg
  Image0/binary/text/EUde/NAR_M04A.fmsg
  Image0/binary/text/EUde/NAR_M05A.fmsg
  Image0/binary/text/EUde/NAR_M06A.fmsg
  Image0/binary/text/EUde/NAR_M07A.fmsg
  Image0/binary/text/EUde/NAR_M08A.fmsg
  Image0/binary/text/EUde/NAR_M09A.fmsg
  Image0/binary/text/EUde/NAR_M10A.fmsg
  Image0/binary/text/EUde/NAR_M11A.fmsg
  Image0/binary/text/EUde/NAR_M12A.fmsg
  Image0/binary/text/EUde/NAR_M13A.fmsg
  Image0/binary/text/EUde/NAR_M14A.fmsg
  Image0/binary/text/EUde/NAR_M15A.fmsg
  Image0/binary/text/EUde/NAR_M16A.fmsg
  Image0/binary/text/EUde/NAR_M17A.fmsg
  Image0/binary/text/EUde/NAR_M17B.fmsg
  Image0/binary/text/EUde/NAR_M17C.fmsg
  Image0/binary/text/EUde/NAR_M17D.fmsg
  Image0/binary/text/EUde/NAR_M17E.fmsg
  Image0/binary/text/EUde/NAR_M17F.fmsg
  Image0/binary/text/EUde/NAR_M17G.fmsg
  Image0/binary/text/EUde/OBJ_A01A.fmsg
  Image0/binary/text/EUde/OBJ_A02A.fmsg
  Image0/binary/text/EUde/OBJ_A03A.fmsg
  Image0/binary/text/EUde/OBJ_A04A.fmsg
  Image0/binary/text/EUde/OBJ_CMN.fmsg
  Image0/binary/text/EUde/OBJ_M01A.fmsg
  Image0/binary/text/EUde/OBJ_M02A.fmsg
  Image0/binary/text/EUde/OBJ_M03A.fmsg
  Image0/binary/text/EUde/OBJ_M04A.fmsg
  Image0/binary/text/EUde/OBJ_M05A.fmsg
  Image0/binary/text/EUde/OBJ_M06A.fmsg
  Image0/binary/text/EUde/OBJ_M07A.fmsg
  Image0/binary/text/EUde/OBJ_M08A.fmsg
  Image0/binary/text/EUde/OBJ_M09A.fmsg
  Image0/binary/text/EUde/OBJ_M10A.fmsg
  Image0/binary/text/EUde/OBJ_M11A.fmsg
  Image0/binary/text/EUde/OBJ_M12A.fmsg
  Image0/binary/text/EUde/OBJ_M13A.fmsg
  Image0/binary/text/EUde/OBJ_M14A.fmsg
  Image0/binary/text/EUde/OBJ_M15A.fmsg
  Image0/binary/text/EUde/OBJ_M16A.fmsg
  Image0/binary/text/EUde/OBJ_M17A.fmsg
  Image0/binary/text/EUde/OBJ_M17B.fmsg
  Image0/binary/text/EUde/OBJ_M17C.fmsg
  Image0/binary/text/EUde/OBJ_M17D.fmsg
  Image0/binary/text/EUde/OBJ_M17E.fmsg
  Image0/binary/text/EUde/OBJ_M17F.fmsg
  Image0/binary/text/EUde/OBJ_M17G.fmsg
  Image0/binary/text/EUde/REISEKIVOICE.fmsg
  Image0/binary/text/EUde/RTP_M10A.fmsg
M Image0/binary/text/EUde/STAFF_CREDIT.fmsg
  Image0/binary/text/EUde/SYNOPSIS.fmsg
  Image0/binary/text/EUde/TRP_A01A.fmsg
  Image0/binary/text/EUde/TRP_A02A.fmsg
  Image0/binary/text/EUde/TRP_A03A.fmsg
  Image0/binary/text/EUde/TRP_A04A.fmsg
  Image0/binary/text/EUde/TRP_CMN.fmsg
  Image0/binary/text/EUde/TRP_M01A.fmsg
  Image0/binary/text/EUde/TRP_M02A.fmsg
  Image0/binary/text/EUde/TRP_M03A.fmsg
  Image0/binary/text/EUde/TRP_M04A.fmsg
  Image0/binary/text/EUde/TRP_M05A.fmsg
  Image0/binary/text/EUde/TRP_M06A.fmsg
  Image0/binary/text/EUde/TRP_M07A.fmsg
  Image0/binary/text/EUde/TRP_M08A.fmsg
  Image0/binary/text/EUde/TRP_M09A.fmsg
  Image0/binary/text/EUde/TRP_M10A.fmsg
  Image0/binary/text/EUde/TRP_M11A.fmsg
  Image0/binary/text/EUde/TRP_M12A.fmsg
  Image0/binary/text/EUde/TRP_M13A.fmsg
  Image0/binary/text/EUde/TRP_M14A.fmsg
  Image0/binary/text/EUde/TRP_M15A.fmsg
  Image0/binary/text/EUde/TRP_M16A.fmsg
  Image0/binary/text/EUde/TRP_M17A.fmsg
  Image0/binary/text/EUde/TRP_M17B.fmsg
  Image0/binary/text/EUde/TRP_M17C.fmsg
  Image0/binary/text/EUde/TRP_M17D.fmsg
  Image0/binary/text/EUde/TRP_M17E.fmsg
  Image0/binary/text/EUde/TRP_M17F.fmsg
  Image0/binary/text/EUde/TRP_M17G.fmsg
  Image0/binary/text/EUde/TRP_MOV_A01.fmsg
  Image0/binary/text/EUde/TRP_MOV_A02.fmsg
  Image0/binary/text/EUde/TRP_MOV_A03.fmsg
  Image0/binary/text/EUde/TRP_MOV_A04.fmsg
  Image0/binary/text/EUde/TRP_MOV_CMN.fmsg
  Image0/binary/text/EUde/TRP_MOV_M01.fmsg
  Image0/binary/text/EUde/TRP_MOV_M02.fmsg
  Image0/binary/text/EUde/TRP_MOV_M03.fmsg
  Image0/binary/text/EUde/TRP_MOV_M04.fmsg
  Image0/binary/text/EUde/TRP_MOV_M05.fmsg
  Image0/binary/text/EUde/TRP_MOV_M06.fmsg
  Image0/binary/text/EUde/TRP_MOV_M07.fmsg
  Image0/binary/text/EUde/TRP_MOV_M08.fmsg
  Image0/binary/text/EUde/TRP_MOV_M09.fmsg
  Image0/binary/text/EUde/TRP_MOV_M10.fmsg
  Image0/binary/text/EUde/TRP_MOV_M11.fmsg
  Image0/binary/text/EUde/TRP_MOV_M12.fmsg
  Image0/binary/text/EUde/TRP_MOV_M13.fmsg
  Image0/binary/text/EUde/TRP_MOV_M14.fmsg
  Image0/binary/text/EUde/TRP_MOV_M15.fmsg
  Image0/binary/text/EUde/TRP_MOV_M16.fmsg
  Image0/binary/text/EUde/TRP_MOV_M17.fmsg
M Image0/binary/text/EUde/TUTO.fmsg
M Image0/binary/text/EUde/digital_artbook.fmsg
  Image0/binary/text/EUde/digital_artbook2.fmsg
  Image0/binary/text/EUde/photo_mode.fmsg
  Image0/binary/text/EUde/system.fmsg
M Image0/binary/text/EUde/system2.fmsg
  Image0/binary/text/EUde/system_name_stg.fmsg
  Image0/binary/text/EUde/template.fmsg
  Image0/binary/text/EUde/ver_alpha2.fmsg
  Image0/binary/text/EUde/ver_interim.fmsg
  Image0/binary/text/EUfr/FILE.fmsg
  Image0/binary/text/EUfr/FIND_CMN.fmsg
  Image0/binary/text/EUfr/GHOSTLIST.fmsg
  Image0/binary/text/EUfr/LYRICS.fmsg
  Image0/binary/text/EUfr/MEMO.fmsg
  Image0/binary/text/EUfr/MOVIE.fmsg
  Image0/binary/text/EUfr/NAR_A01A.fmsg
  Image0/binary/text/EUfr/NAR_A02A.fmsg
  Image0/binary/text/EUfr/NAR_A03A.fmsg
  Image0/binary/text/EUfr/NAR_A04A.fmsg
  Image0/binary/text/EUfr/NAR_CMN.fmsg
  Image0/binary/text/EUfr/NAR_M01A.fmsg
  Image0/binary/text/EUfr/NAR_M02A.fmsg
  Image0/binary/text/EUfr/NAR_M03A.fmsg
  Image0/binary/text/EUfr/NAR_M04A.fmsg
  Image0/binary/text/EUfr/NAR_M05A.fmsg
  Image0/binary/text/EUfr/NAR_M06A.fmsg
  Image0/binary/text/EUfr/NAR_M07A.fmsg
  Image0/binary/text/EUfr/NAR_M08A.fmsg
  Image0/binary/text/EUfr/NAR_M09A.fmsg
  Image0/binary/text/EUfr/NAR_M10A.fmsg
  Image0/binary/text/EUfr/NAR_M11A.fmsg
  Image0/binary/text/EUfr/NAR_M12A.fmsg
  Image0/binary/text/EUfr/NAR_M13A.fmsg
  Image0/binary/text/EUfr/NAR_M14A.fmsg
  Image0/binary/text/EUfr/NAR_M15A.fmsg
  Image0/binary/text/EUfr/NAR_M16A.fmsg
  Image0/binary/text/EUfr/NAR_M17A.fmsg
  Image0/binary/text/EUfr/NAR_M17B.fmsg
  Image0/binary/text/EUfr/NAR_M17C.fmsg
  Image0/binary/text/EUfr/NAR_M17D.fmsg
  Image0/binary/text/EUfr/NAR_M17E.fmsg
  Image0/binary/text/EUfr/NAR_M17F.fmsg
  Image0/binary/text/EUfr/NAR_M17G.fmsg
  Image0/binary/text/EUfr/OBJ_A01A.fmsg
  Image0/binary/text/EUfr/OBJ_A02A.fmsg
  Image0/binary/text/EUfr/OBJ_A03A.fmsg
  Image0/binary/text/EUfr/OBJ_A04A.fmsg
  Image0/binary/text/EUfr/OBJ_CMN.fmsg
  Image0/binary/text/EUfr/OBJ_M01A.fmsg
  Image0/binary/text/EUfr/OBJ_M02A.fmsg
  Image0/binary/text/EUfr/OBJ_M03A.fmsg
  Image0/binary/text/EUfr/OBJ_M04A.fmsg
  Image0/binary/text/EUfr/OBJ_M05A.fmsg
  Image0/binary/text/EUfr/OBJ_M06A.fmsg
  Image0/binary/text/EUfr/OBJ_M07A.fmsg
  Image0/binary/text/EUfr/OBJ_M08A.fmsg
  Image0/binary/text/EUfr/OBJ_M09A.fmsg
  Image0/binary/text/EUfr/OBJ_M10A.fmsg
  Image0/binary/text/EUfr/OBJ_M11A.fmsg
  Image0/binary/text/EUfr/OBJ_M12A.fmsg
  Image0/binary/text/EUfr/OBJ_M13A.fmsg
  Image0/binary/text/EUfr/OBJ_M14A.fmsg
  Image0/binary/text/EUfr/OBJ_M15A.fmsg
  Image0/binary/text/EUfr/OBJ_M16A.fmsg
  Image0/binary/text/EUfr/OBJ_M17A.fmsg
  Image0/binary/text/EUfr/OBJ_M17B.fmsg
  Image0/binary/text/EUfr/OBJ_M17C.fmsg
  Image0/binary/text/EUfr/OBJ_M17D.fmsg
  Image0/binary/text/EUfr/OBJ_M17E.fmsg
  Image0/binary/text/EUfr/OBJ_M17F.fmsg
  Image0/binary/text/EUfr/OBJ_M17G.fmsg
  Image0/binary/text/EUfr/REISEKIVOICE.fmsg
  Image0/binary/text/EUfr/RTP_M10A.fmsg
M Image0/binary/text/EUfr/STAFF_CREDIT.fmsg
  Image0/binary/text/EUfr/SYNOPSIS.fmsg
  Image0/binary/text/EUfr/TRP_A01A.fmsg
  Image0/binary/text/EUfr/TRP_A02A.fmsg
  Image0/binary/text/EUfr/TRP_A03A.fmsg
  Image0/binary/text/EUfr/TRP_A04A.fmsg
  Image0/binary/text/EUfr/TRP_CMN.fmsg
  Image0/binary/text/EUfr/TRP_M01A.fmsg
  Image0/binary/text/EUfr/TRP_M02A.fmsg
  Image0/binary/text/EUfr/TRP_M03A.fmsg
  Image0/binary/text/EUfr/TRP_M04A.fmsg
  Image0/binary/text/EUfr/TRP_M05A.fmsg
  Image0/binary/text/EUfr/TRP_M06A.fmsg
  Image0/binary/text/EUfr/TRP_M07A.fmsg
  Image0/binary/text/EUfr/TRP_M08A.fmsg
  Image0/binary/text/EUfr/TRP_M09A.fmsg
  Image0/binary/text/EUfr/TRP_M10A.fmsg
  Image0/binary/text/EUfr/TRP_M11A.fmsg
  Image0/binary/text/EUfr/TRP_M12A.fmsg
  Image0/binary/text/EUfr/TRP_M13A.fmsg
  Image0/binary/text/EUfr/TRP_M14A.fmsg
  Image0/binary/text/EUfr/TRP_M15A.fmsg
  Image0/binary/text/EUfr/TRP_M16A.fmsg
  Image0/binary/text/EUfr/TRP_M17A.fmsg
  Image0/binary/text/EUfr/TRP_M17B.fmsg
  Image0/binary/text/EUfr/TRP_M17C.fmsg
  Image0/binary/text/EUfr/TRP_M17D.fmsg
  Image0/binary/text/EUfr/TRP_M17E.fmsg
  Image0/binary/text/EUfr/TRP_M17F.fmsg
  Image0/binary/text/EUfr/TRP_M17G.fmsg
  Image0/binary/text/EUfr/TRP_MOV_A01.fmsg
  Image0/binary/text/EUfr/TRP_MOV_A02.fmsg
  Image0/binary/text/EUfr/TRP_MOV_A03.fmsg
  Image0/binary/text/EUfr/TRP_MOV_A04.fmsg
  Image0/binary/text/EUfr/TRP_MOV_CMN.fmsg
  Image0/binary/text/EUfr/TRP_MOV_M01.fmsg
  Image0/binary/text/EUfr/TRP_MOV_M02.fmsg
  Image0/binary/text/EUfr/TRP_MOV_M03.fmsg
  Image0/binary/text/EUfr/TRP_MOV_M04.fmsg
  Image0/binary/text/EUfr/TRP_MOV_M05.fmsg
  Image0/binary/text/EUfr/TRP_MOV_M06.fmsg
  Image0/binary/text/EUfr/TRP_MOV_M07.fmsg
  Image0/binary/text/EUfr/TRP_MOV_M08.fmsg
  Image0/binary/text/EUfr/TRP_MOV_M09.fmsg
  Image0/binary/text/EUfr/TRP_MOV_M10.fmsg
  Image0/binary/text/EUfr/TRP_MOV_M11.fmsg
  Image0/binary/text/EUfr/TRP_MOV_M12.fmsg
  Image0/binary/text/EUfr/TRP_MOV_M13.fmsg
  Image0/binary/text/EUfr/TRP_MOV_M14.fmsg
  Image0/binary/text/EUfr/TRP_MOV_M15.fmsg
  Image0/binary/text/EUfr/TRP_MOV_M16.fmsg
  Image0/binary/text/EUfr/TRP_MOV_M17.fmsg
M Image0/binary/text/EUfr/TUTO.fmsg
M Image0/binary/text/EUfr/digital_artbook.fmsg
  Image0/binary/text/EUfr/digital_artbook2.fmsg
  Image0/binary/text/EUfr/photo_mode.fmsg
  Image0/binary/text/EUfr/system.fmsg
M Image0/binary/text/EUfr/system2.fmsg
  Image0/binary/text/EUfr/system_name_stg.fmsg
  Image0/binary/text/EUfr/template.fmsg
  Image0/binary/text/EUfr/ver_alpha2.fmsg
  Image0/binary/text/EUfr/ver_interim.fmsg
  Image0/binary/text/JPja/FILE.fmsg
  Image0/binary/text/JPja/FIND_CMN.fmsg
  Image0/binary/text/JPja/GHOSTLIST.fmsg
  Image0/binary/text/JPja/LYRICS.fmsg
  Image0/binary/text/JPja/MEMO.fmsg
  Image0/binary/text/JPja/MOVIE.fmsg
  Image0/binary/text/JPja/NAR_A01A.fmsg
  Image0/binary/text/JPja/NAR_A02A.fmsg
  Image0/binary/text/JPja/NAR_A03A.fmsg
  Image0/binary/text/JPja/NAR_A04A.fmsg
  Image0/binary/text/JPja/NAR_CMN.fmsg
  Image0/binary/text/JPja/NAR_M01A.fmsg
  Image0/binary/text/JPja/NAR_M02A.fmsg
  Image0/binary/text/JPja/NAR_M03A.fmsg
  Image0/binary/text/JPja/NAR_M04A.fmsg
  Image0/binary/text/JPja/NAR_M05A.fmsg
  Image0/binary/text/JPja/NAR_M06A.fmsg
  Image0/binary/text/JPja/NAR_M07A.fmsg
  Image0/binary/text/JPja/NAR_M08A.fmsg
  Image0/binary/text/JPja/NAR_M09A.fmsg
  Image0/binary/text/JPja/NAR_M10A.fmsg
  Image0/binary/text/JPja/NAR_M11A.fmsg
  Image0/binary/text/JPja/NAR_M12A.fmsg
  Image0/binary/text/JPja/NAR_M13A.fmsg
  Image0/binary/text/JPja/NAR_M14A.fmsg
  Image0/binary/text/JPja/NAR_M15A.fmsg
  Image0/binary/text/JPja/NAR_M16A.fmsg
  Image0/binary/text/JPja/NAR_M17A.fmsg
  Image0/binary/text/JPja/NAR_M17B.fmsg
  Image0/binary/text/JPja/NAR_M17C.fmsg
  Image0/binary/text/JPja/NAR_M17D.fmsg
  Image0/binary/text/JPja/NAR_M17E.fmsg
  Image0/binary/text/JPja/NAR_M17F.fmsg
  Image0/binary/text/JPja/NAR_M17G.fmsg
  Image0/binary/text/JPja/OBJ_A01A.fmsg
  Image0/binary/text/JPja/OBJ_A02A.fmsg
  Image0/binary/text/JPja/OBJ_A03A.fmsg
  Image0/binary/text/JPja/OBJ_A04A.fmsg
  Image0/binary/text/JPja/OBJ_CMN.fmsg
  Image0/binary/text/JPja/OBJ_M01A.fmsg
  Image0/binary/text/JPja/OBJ_M02A.fmsg
  Image0/binary/text/JPja/OBJ_M03A.fmsg
  Image0/binary/text/JPja/OBJ_M04A.fmsg
  Image0/binary/text/JPja/OBJ_M05A.fmsg
  Image0/binary/text/JPja/OBJ_M06A.fmsg
  Image0/binary/text/JPja/OBJ_M07A.fmsg
  Image0/binary/text/JPja/OBJ_M08A.fmsg
  Image0/binary/text/JPja/OBJ_M09A.fmsg
  Image0/binary/text/JPja/OBJ_M10A.fmsg
  Image0/binary/text/JPja/OBJ_M11A.fmsg
  Image0/binary/text/JPja/OBJ_M12A.fmsg
  Image0/binary/text/JPja/OBJ_M13A.fmsg
  Image0/binary/text/JPja/OBJ_M14A.fmsg
  Image0/binary/text/JPja/OBJ_M15A.fmsg
  Image0/binary/text/JPja/OBJ_M16A.fmsg
  Image0/binary/text/JPja/OBJ_M17A.fmsg
  Image0/binary/text/JPja/OBJ_M17B.fmsg
  Image0/binary/text/JPja/OBJ_M17C.fmsg
  Image0/binary/text/JPja/OBJ_M17D.fmsg
  Image0/binary/text/JPja/OBJ_M17E.fmsg
  Image0/binary/text/JPja/OBJ_M17F.fmsg
  Image0/binary/text/JPja/OBJ_M17G.fmsg
  Image0/binary/text/JPja/REISEKIVOICE.fmsg
  Image0/binary/text/JPja/RTP_M10A.fmsg
M Image0/binary/text/JPja/STAFF_CREDIT.fmsg
  Image0/binary/text/JPja/SYNOPSIS.fmsg
  Image0/binary/text/JPja/TRP_A01A.fmsg
  Image0/binary/text/JPja/TRP_A02A.fmsg
  Image0/binary/text/JPja/TRP_A03A.fmsg
  Image0/binary/text/JPja/TRP_A04A.fmsg
  Image0/binary/text/JPja/TRP_CMN.fmsg
  Image0/binary/text/JPja/TRP_M01A.fmsg
  Image0/binary/text/JPja/TRP_M02A.fmsg
  Image0/binary/text/JPja/TRP_M03A.fmsg
  Image0/binary/text/JPja/TRP_M04A.fmsg
  Image0/binary/text/JPja/TRP_M05A.fmsg
  Image0/binary/text/JPja/TRP_M06A.fmsg
  Image0/binary/text/JPja/TRP_M07A.fmsg
  Image0/binary/text/JPja/TRP_M08A.fmsg
  Image0/binary/text/JPja/TRP_M09A.fmsg
  Image0/binary/text/JPja/TRP_M10A.fmsg
  Image0/binary/text/JPja/TRP_M11A.fmsg
  Image0/binary/text/JPja/TRP_M12A.fmsg
  Image0/binary/text/JPja/TRP_M13A.fmsg
  Image0/binary/text/JPja/TRP_M14A.fmsg
  Image0/binary/text/JPja/TRP_M15A.fmsg
  Image0/binary/text/JPja/TRP_M16A.fmsg
  Image0/binary/text/JPja/TRP_M17A.fmsg
  Image0/binary/text/JPja/TRP_M17B.fmsg
  Image0/binary/text/JPja/TRP_M17C.fmsg
  Image0/binary/text/JPja/TRP_M17D.fmsg
  Image0/binary/text/JPja/TRP_M17E.fmsg
  Image0/binary/text/JPja/TRP_M17F.fmsg
  Image0/binary/text/JPja/TRP_M17G.fmsg
  Image0/binary/text/JPja/TRP_MOV_A01.fmsg
  Image0/binary/text/JPja/TRP_MOV_A02.fmsg
  Image0/binary/text/JPja/TRP_MOV_A03.fmsg
  Image0/binary/text/JPja/TRP_MOV_A04.fmsg
  Image0/binary/text/JPja/TRP_MOV_CMN.fmsg
  Image0/binary/text/JPja/TRP_MOV_M01.fmsg
  Image0/binary/text/JPja/TRP_MOV_M02.fmsg
  Image0/binary/text/JPja/TRP_MOV_M03.fmsg
  Image0/binary/text/JPja/TRP_MOV_M04.fmsg
  Image0/binary/text/JPja/TRP_MOV_M05.fmsg
  Image0/binary/text/JPja/TRP_MOV_M06.fmsg
  Image0/binary/text/JPja/TRP_MOV_M07.fmsg
  Image0/binary/text/JPja/TRP_MOV_M08.fmsg
  Image0/binary/text/JPja/TRP_MOV_M09.fmsg
  Image0/binary/text/JPja/TRP_MOV_M10.fmsg
  Image0/binary/text/JPja/TRP_MOV_M11.fmsg
  Image0/binary/text/JPja/TRP_MOV_M12.fmsg
  Image0/binary/text/JPja/TRP_MOV_M13.fmsg
  Image0/binary/text/JPja/TRP_MOV_M14.fmsg
  Image0/binary/text/JPja/TRP_MOV_M15.fmsg
  Image0/binary/text/JPja/TRP_MOV_M16.fmsg
  Image0/binary/text/JPja/TRP_MOV_M17.fmsg
M Image0/binary/text/JPja/TUTO.fmsg
M Image0/binary/text/JPja/digital_artbook.fmsg
  Image0/binary/text/JPja/digital_artbook2.fmsg
  Image0/binary/text/JPja/photo_mode.fmsg
  Image0/binary/text/JPja/system.fmsg
M Image0/binary/text/JPja/system2.fmsg
  Image0/binary/text/JPja/system_name_stg.fmsg
  Image0/binary/text/JPja/template.fmsg
  Image0/binary/text/JPja/ver_alpha2.fmsg
  Image0/binary/text/JPja/ver_interim.fmsg
M Image0/binary/text/USen/FILE.fmsg
M Image0/binary/text/USen/FIND_CMN.fmsg
M Image0/binary/text/USen/GHOSTLIST.fmsg
! Image0/binary/text/USen/LYRICS.fmsg
! Image0/binary/text/USen/MEMO.fmsg
M Image0/binary/text/USen/MOVIE.fmsg
M Image0/binary/text/USen/NAR_A01A.fmsg
M Image0/binary/text/USen/NAR_A02A.fmsg
M Image0/binary/text/USen/NAR_A03A.fmsg
M Image0/binary/text/USen/NAR_A04A.fmsg
M Image0/binary/text/USen/NAR_CMN.fmsg
M Image0/binary/text/USen/NAR_M01A.fmsg
M Image0/binary/text/USen/NAR_M02A.fmsg
M Image0/binary/text/USen/NAR_M03A.fmsg
M Image0/binary/text/USen/NAR_M04A.fmsg
M Image0/binary/text/USen/NAR_M05A.fmsg
M Image0/binary/text/USen/NAR_M06A.fmsg
M Image0/binary/text/USen/NAR_M07A.fmsg
M Image0/binary/text/USen/NAR_M08A.fmsg
M Image0/binary/text/USen/NAR_M09A.fmsg
M Image0/binary/text/USen/NAR_M10A.fmsg
! Image0/binary/text/USen/NAR_M11A.fmsg
M Image0/binary/text/USen/NAR_M12A.fmsg
M Image0/binary/text/USen/NAR_M13A.fmsg
M Image0/binary/text/USen/NAR_M14A.fmsg
M Image0/binary/text/USen/NAR_M15A.fmsg
M Image0/binary/text/USen/NAR_M16A.fmsg
M Image0/binary/text/USen/NAR_M17A.fmsg
M Image0/binary/text/USen/NAR_M17B.fmsg
! Image0/binary/text/USen/NAR_M17C.fmsg
M Image0/binary/text/USen/NAR_M17D.fmsg
M Image0/binary/text/USen/NAR_M17E.fmsg
! Image0/binary/text/USen/NAR_M17F.fmsg
! Image0/binary/text/USen/NAR_M17G.fmsg
! Image0/binary/text/USen/OBJ_A01A.fmsg
M Image0/binary/text/USen/OBJ_A02A.fmsg
! Image0/binary/text/USen/OBJ_A03A.fmsg
! Image0/binary/text/USen/OBJ_A04A.fmsg
M Image0/binary/text/USen/OBJ_CMN.fmsg
M Image0/binary/text/USen/OBJ_M01A.fmsg
M Image0/binary/text/USen/OBJ_M02A.fmsg
M Image0/binary/text/USen/OBJ_M03A.fmsg
M Image0/binary/text/USen/OBJ_M04A.fmsg
M Image0/binary/text/USen/OBJ_M05A.fmsg
M Image0/binary/text/USen/OBJ_M06A.fmsg
M Image0/binary/text/USen/OBJ_M07A.fmsg
M Image0/binary/text/USen/OBJ_M08A.fmsg
M Image0/binary/text/USen/OBJ_M09A.fmsg
M Image0/binary/text/USen/OBJ_M10A.fmsg
! Image0/binary/text/USen/OBJ_M11A.fmsg
M Image0/binary/text/USen/OBJ_M12A.fmsg
M Image0/binary/text/USen/OBJ_M13A.fmsg
M Image0/binary/text/USen/OBJ_M14A.fmsg
M Image0/binary/text/USen/OBJ_M15A.fmsg
M Image0/binary/text/USen/OBJ_M16A.fmsg
M Image0/binary/text/USen/OBJ_M17A.fmsg
M Image0/binary/text/USen/OBJ_M17B.fmsg
M Image0/binary/text/USen/OBJ_M17C.fmsg
M Image0/binary/text/USen/OBJ_M17D.fmsg
M Image0/binary/text/USen/OBJ_M17E.fmsg
! Image0/binary/text/USen/OBJ_M17F.fmsg
M Image0/binary/text/USen/OBJ_M17G.fmsg
! Image0/binary/text/USen/REISEKIVOICE.fmsg
! Image0/binary/text/USen/RTP_M10A.fmsg
M Image0/binary/text/USen/STAFF_CREDIT.fmsg
M Image0/binary/text/USen/SYNOPSIS.fmsg
! Image0/binary/text/USen/TRP_A01A.fmsg
! Image0/binary/text/USen/TRP_A02A.fmsg
! Image0/binary/text/USen/TRP_A03A.fmsg
! Image0/binary/text/USen/TRP_A04A.fmsg
M Image0/binary/text/USen/TRP_CMN.fmsg
! Image0/binary/text/USen/TRP_M01A.fmsg
M Image0/binary/text/USen/TRP_M02A.fmsg
M Image0/binary/text/USen/TRP_M03A.fmsg
M Image0/binary/text/USen/TRP_M04A.fmsg
M Image0/binary/text/USen/TRP_M05A.fmsg
M Image0/binary/text/USen/TRP_M06A.fmsg
M Image0/binary/text/USen/TRP_M07A.fmsg
M Image0/binary/text/USen/TRP_M08A.fmsg
M Image0/binary/text/USen/TRP_M09A.fmsg
M Image0/binary/text/USen/TRP_M10A.fmsg
! Image0/binary/text/USen/TRP_M11A.fmsg
M Image0/binary/text/USen/TRP_M12A.fmsg
M Image0/binary/text/USen/TRP_M13A.fmsg
M Image0/binary/text/USen/TRP_M14A.fmsg
M Image0/binary/text/USen/TRP_M15A.fmsg
M Image0/binary/text/USen/TRP_M16A.fmsg
M Image0/binary/text/USen/TRP_M17A.fmsg
M Image0/binary/text/USen/TRP_M17B.fmsg
M Image0/binary/text/USen/TRP_M17C.fmsg
M Image0/binary/text/USen/TRP_M17D.fmsg
M Image0/binary/text/USen/TRP_M17E.fmsg
! Image0/binary/text/USen/TRP_M17F.fmsg
M Image0/binary/text/USen/TRP_M17G.fmsg
! Image0/binary/text/USen/TRP_MOV_A01.fmsg
M Image0/binary/text/USen/TRP_MOV_A02.fmsg
M Image0/binary/text/USen/TRP_MOV_A03.fmsg
M Image0/binary/text/USen/TRP_MOV_A04.fmsg
M Image0/binary/text/USen/TRP_MOV_CMN.fmsg
M Image0/binary/text/USen/TRP_MOV_M01.fmsg
M Image0/binary/text/USen/TRP_MOV_M02.fmsg
M Image0/binary/text/USen/TRP_MOV_M03.fmsg
M Image0/binary/text/USen/TRP_MOV_M04.fmsg
! Image0/binary/text/USen/TRP_MOV_M05.fmsg
M Image0/binary/text/USen/TRP_MOV_M06.fmsg
M Image0/binary/text/USen/TRP_MOV_M07.fmsg
M Image0/binary/text/USen/TRP_MOV_M08.fmsg
M Image0/binary/text/USen/TRP_MOV_M09.fmsg
M Image0/binary/text/USen/TRP_MOV_M10.fmsg
! Image0/binary/text/USen/TRP_MOV_M11.fmsg
M Image0/binary/text/USen/TRP_MOV_M12.fmsg
M Image0/binary/text/USen/TRP_MOV_M13.fmsg
M Image0/binary/text/USen/TRP_MOV_M14.fmsg
M Image0/binary/text/USen/TRP_MOV_M15.fmsg
M Image0/binary/text/USen/TRP_MOV_M16.fmsg
M Image0/binary/text/USen/TRP_MOV_M17.fmsg
M Image0/binary/text/USen/TUTO.fmsg
M Image0/binary/text/USen/digital_artbook.fmsg
M Image0/binary/text/USen/digital_artbook2.fmsg
M Image0/binary/text/USen/photo_mode.fmsg
M Image0/binary/text/USen/system.fmsg
M Image0/binary/text/USen/system2.fmsg
M Image0/binary/text/USen/system_name_stg.fmsg
! Image0/binary/text/USen/template.fmsg
  Image0/binary/text/USen/ver_alpha2.fmsg
  Image0/binary/text/USen/ver_interim.fmsg
  Image0/binary/texture/common/common.g1t
  Image0/binary/touchmode/touchmode.tmscript
  Image0/binary/zone/BOCHI/BOCHI_route.bin
  Image0/binary/zone/BOCHI/BOCHI_ssu.bin
  Image0/binary/zone/CBCAR/CBCAR_route.bin
  Image0/binary/zone/CBCAR/CBCAR_ssu.bin
  Image0/binary/zone/CBCAR00/CBCAR00_route.bin
  Image0/binary/zone/CBCAR00/CBCAR00_ssu.bin
  Image0/binary/zone/CBCAR01/CBCAR01_route.bin
  Image0/binary/zone/CBCAR01/CBCAR01_ssu.bin
  Image0/binary/zone/CBCAR02/CBCAR02_route.bin
  Image0/binary/zone/CBCAR02/CBCAR02_ssu.bin
  Image0/binary/zone/CBCAR03/CBCAR03_route.bin
  Image0/binary/zone/CBCAR03/CBCAR03_ssu.bin
  Image0/binary/zone/CBCAR04/CBCAR04_route.bin
  Image0/binary/zone/CBCAR04/CBCAR04_ssu.bin
  Image0/binary/zone/HITAN/HITAN_route.bin
  Image0/binary/zone/HITAN/HITAN_ssu.bin
  Image0/binary/zone/JYUKA/JYUKA_route.bin
  Image0/binary/zone/JYUKA/JYUKA_ssu.bin
  Image0/binary/zone/KOTTE/KOTTE_ssu.bin
  Image0/binary/zone/KOTTO/KOTTO_route.bin
  Image0/binary/zone/KOTTO/KOTTO_ssu.bin
  Image0/binary/zone/KOYAS/KOYAS_route.bin
  Image0/binary/zone/KOYAS/KOYAS_ssu.bin
  Image0/binary/zone/MAGAT/MAGAT_route.bin
  Image0/binary/zone/MAGAT/MAGAT_ssu.bin
  Image0/binary/zone/MUGEB/MUGEB_ssu.bin
  Image0/binary/zone/MYIGL/MYIGL_route.bin
  Image0/binary/zone/MYIGL/MYIGL_ssu.bin
  Image0/binary/zone/MYIGM/MYIGM_route.bin
  Image0/binary/zone/MYIGM/MYIGM_ssu.bin
  Image0/binary/zone/OIRAN/OIRAN_route.bin
  Image0/binary/zone/OIRAN/OIRAN_ssu.bin
  Image0/binary/zone/OSORE/OSORE_route.bin
  Image0/binary/zone/OSORE/OSORE_ssu.bin
  Image0/binary/zone/RENNO/RENNO_route.bin
  Image0/binary/zone/RENNO/RENNO_ssu.bin
  Image0/binary/zone/RYOKA/RYOKA_route.bin
  Image0/binary/zone/RYOKA/RYOKA_ssu.bin
  Image0/binary/zone/RYOKE/RYOKE_ssu.bin
  Image0/binary/zone/SUIJO/SUIJO_route.bin
  Image0/binary/zone/SUIJO/SUIJO_ssu.bin
  Image0/binary/zone/SUIJO2/SUIJO2_route.bin
  Image0/binary/zone/SUIJO2/SUIJO2_ssu.bin
  Image0/binary/zone/TNNEL/TNNEL_route.bin
  Image0/binary/zone/TNNEL/TNNEL_ssu.bin
  Image0/binary/zone/ngj00/NGJ00_route.bin
  Image0/binary/zone/ngj00/ngj00_ssu.bin
M Image0/eboot.bin
  Image0/sce_module/libSceAudioLatencyEstimation.prx
  Image0/sce_module/libSceFace.prx
  Image0/sce_module/libSceFaceTracker.prx
  Image0/sce_module/libSceFios2.prx
  Image0/sce_module/libSceHand.prx
  Image0/sce_module/libSceHandTracker.prx
  Image0/sce_module/libSceHeadTracker.prx
  Image0/sce_module/libSceJobManager.prx
  Image0/sce_module/libSceNpToolkit2.prx
  Image0/sce_module/libSceS3DConversion.prx
  Image0/sce_module/libc.prx
A Image0/sce_sys/npbind.dat.encrypted
A Image0/sce_sys/nptitle.dat.encrypted
A Sc0/changeinfo/changeinfo.xml
A Sc0/changeinfo/changeinfo_01.xml
A Sc0/changeinfo/changeinfo_10.xml
A Sc0/changeinfo/changeinfo_11.xml
  Sc0/icon0.dds
  Sc0/icon0.png
A Sc0/icon0_01.dds
A Sc0/icon0_01.png
  Sc0/icon0_10.dds
  Sc0/icon0_10.png
  Sc0/icon0_11.dds
  Sc0/icon0_11.png
M Sc0/param.sfo
  Sc0/pic0.dds
  Sc0/pic0.png
  Sc0/pic1.dds
  Sc0/pic1.png
A Sc0/pic1_01.dds
A Sc0/pic1_01.png
  Sc0/pic1_10.dds
  Sc0/pic1_10.png
  Sc0/pic1_11.dds
  Sc0/pic1_11.png
  Sc0/pronunciation.sig
  Sc0/pronunciation.xml
! Sc0/trophy/trophy00.trp
